date,open,high,low,close,volume
2026-06-01 06:30:00+00:00,8220,8220,8165,8165,2
2026-06-01 13:10:00+00:00,8165,8195,8165,8195,1
2026-06-01 17:10:00+00:00,8195,8303,8195,8303,1
2026-06-01 17:25:00+00:00,8303,8304,8303,8304,1
2026-06-02 06:05:00+00:00,8171,8197,8171,8197,1
2026-06-02 09:00:00+00:00,8197,8197,8163,8163,1
2026-06-02 09:20:00+00:00,8163,8163,8125,8125,1
2026-06-02 11:00:00+00:00,8165,8165,8165,8165,1
2026-06-02 11:25:00+00:00,8165,8223,8165,8223,1
2026-06-02 15:50:00+00:00,8300,8300,8300,8300,1
2026-06-03 13:45:00+00:00,8514,8514,8514,8514,1
2026-06-03 15:00:00+00:00,8514,8519,8514,8519,1
2026-06-03 16:10:00+00:00,8519,8566,8519,8566,1
2026-06-03 16:15:00+00:00,8566,8579,8566,8579,1
2026-06-04 03:35:00+00:00,8456,8456,8456,8456,4
2026-06-04 03:40:00+00:00,8456,8456,8456,8456,1
2026-06-04 03:55:00+00:00,8435,8435,8429,8429,3
2026-06-04 04:00:00+00:00,8429,8429,8403,8403,4
2026-06-04 04:05:00+00:00,8403,8405,8403,8405,2
2026-06-04 04:10:00+00:00,8405,8405,8390,8390,2
2026-06-04 04:15:00+00:00,8390,8390,8376,8380,2
2026-06-04 04:30:00+00:00,8380,8392,8380,8392,1
2026-06-04 06:10:00+00:00,8392,8451,8392,8451,1
2026-06-04 06:15:00+00:00,8451,8451,8385,8385,1
2026-06-04 11:15:00+00:00,8385,8400,8385,8400,1
2026-06-04 11:50:00+00:00,8400,8400,8300,8300,2
2026-06-04 11:55:00+00:00,8300,8300,8290,8290,1
2026-06-04 12:00:00+00:00,8290,8290,8275,8275,2
2026-06-04 15:10:00+00:00,8275,8314,8275,8314,1
2026-06-04 16:30:00+00:00,8314,8314,8264,8264,1
2026-06-05 13:15:00+00:00,8217,8217,8215,8215,1
2026-06-05 17:10:00+00:00,8215,8215,8112,8112,1
2026-06-08 03:30:00+00:00,8334,8342,8334,8342,1
2026-06-08 03:35:00+00:00,8340,8347,8340,8340,4
2026-06-08 03:40:00+00:00,8340,8340,8297,8297,7
2026-06-08 03:45:00+00:00,8297,8297,8275,8275,10
2026-06-08 04:05:00+00:00,8275,8358,8275,8358,1
2026-06-08 05:50:00+00:00,8358,8418,8358,8418,1
2026-06-08 06:25:00+00:00,8418,8418,8418,8418,1
2026-06-08 08:00:00+00:00,8418,8458,8418,8458,1
2026-06-08 08:05:00+00:00,8458,8458,8458,8458,1
2026-06-08 11:15:00+00:00,8458,8458,8258,8258,1
2026-06-08 11:20:00+00:00,8258,8258,8258,8258,1
2026-06-08 11:25:00+00:00,8258,8262,8258,8262,1
2026-06-08 13:25:00+00:00,8262,8262,8197,8197,1
2026-06-08 13:50:00+00:00,8197,8197,8193,8193,1
2026-06-08 14:00:00+00:00,8193,8196,8193,8196,1
2026-06-08 17:50:00+00:00,8196,8268,8196,8268,1
2026-06-09 07:05:00+00:00,8200,8200,8150,8150,1
2026-06-09 08:15:00+00:00,8110,8110,8105,8105,2
2026-06-09 08:35:00+00:00,8105,8106,8105,8106,1
2026-06-09 09:05:00+00:00,8105,8105,8105,8105,1
2026-06-09 10:00:00+00:00,8105,8144,8105,8144,2
2026-06-09 10:40:00+00:00,8144,8144,8102,8102,1
2026-06-09 13:15:00+00:00,8102,8102,8102,8102,1
2026-06-09 13:45:00+00:00,8102,8102,8029,8029,2
2026-06-09 14:10:00+00:00,7974,7974,7973,7973,3
2026-06-09 16:35:00+00:00,7970,7970,7970,7970,1
2026-06-09 17:20:00+00:00,7982,7982,7982,7982,1
2026-06-10 11:05:00+00:00,8087,8118,8087,8118,2
2026-06-10 17:50:00+00:00,8118,8232,8118,8232,1
2026-06-11 16:35:00+00:00,8300,8300,8300,8300,2
2026-06-11 17:30:00+00:00,8300,8300,8000,8000,4
2026-06-11 17:40:00+00:00,8000,8000,7968,7982,3
2026-06-12 04:50:00+00:00,7972,7972,7907,7907,1
2026-06-12 05:05:00+00:00,7907,7907,7871,7871,1
2026-06-12 07:35:00+00:00,7871,7871,7859,7859,1
2026-06-12 07:50:00+00:00,7834,7834,7834,7834,1
2026-06-12 07:55:00+00:00,7834,7834,7802,7802,1
2026-06-12 11:00:00+00:00,7801,7801,7801,7801,1
2026-06-12 12:25:00+00:00,7801,7809,7801,7809,1
2026-06-12 14:00:00+00:00,7809,7951,7809,7951,1
2026-06-12 15:15:00+00:00,7741,7741,7741,7741,1
2026-06-12 17:55:00+00:00,7741,7741,7700,7700,5
2026-06-15 03:30:00+00:00,7464,7464,7464,7464,1
2026-06-15 03:35:00+00:00,7464,7464,7380,7380,2
2026-06-15 03:50:00+00:00,7385,7385,7372,7372,3
2026-06-15 03:55:00+00:00,7372,7373,7372,7373,3
2026-06-15 04:05:00+00:00,7373,7373,7365,7365,1
2026-06-15 04:30:00+00:00,7365,7365,7357,7357,1
2026-06-15 04:35:00+00:00,7357,7357,7349,7349,1
2026-06-15 06:10:00+00:00,7349,7400,7349,7400,1
2026-06-15 07:20:00+00:00,7400,7400,7349,7349,1
2026-06-15 07:25:00+00:00,7349,7349,7344,7344,1
2026-06-15 08:15:00+00:00,7344,7389,7344,7389,1
2026-06-15 14:25:00+00:00,7389,7389,7342,7342,1
2026-06-15 15:45:00+00:00,7342,7343,7342,7343,1
2026-06-15 16:50:00+00:00,7343,7343,7331,7331,1
2026-06-15 17:25:00+00:00,7331,7377,7331,7377,1
2026-06-16 04:05:00+00:00,7400,7400,7400,7400,1
2026-06-16 05:20:00+00:00,7400,7400,7345,7345,1
2026-06-16 07:00:00+00:00,7345,7372,7345,7372,1
2026-06-16 07:15:00+00:00,7372,7372,7362,7362,1
2026-06-16 07:35:00+00:00,7362,7362,7325,7325,1
2026-06-16 09:05:00+00:00,7325,7325,7232,7232,1
2026-06-16 09:10:00+00:00,7232,7233,7232,7233,1
2026-06-16 10:15:00+00:00,7233,7260,7230,7230,2
2026-06-16 10:35:00+00:00,7230,7230,7221,7221,1
2026-06-16 10:45:00+00:00,7221,7221,7193,7193,1
2026-06-16 11:45:00+00:00,7193,7236,7193,7236,1
2026-06-16 13:15:00+00:00,7179,7179,7179,7179,1
2026-06-16 14:00:00+00:00,7179,7179,7179,7179,1
2026-06-16 14:45:00+00:00,7148,7148,7148,7148,1
2026-06-16 14:50:00+00:00,7152,7162,7152,7162,3
2026-06-16 15:05:00+00:00,7170,7170,7125,7125,4
2026-06-16 15:10:00+00:00,7160,7160,7160,7160,1
2026-06-16 15:40:00+00:00,7160,7160,7135,7135,1
2026-06-16 15:50:00+00:00,7135,7135,7100,7100,1
2026-06-16 15:55:00+00:00,7074,7074,7074,7074,1
2026-06-16 16:10:00+00:00,7074,7088,7074,7088,1
2026-06-16 16:20:00+00:00,7064,7064,7064,7064,1
2026-06-16 16:50:00+00:00,7064,7090,7064,7090,1
2026-06-16 17:30:00+00:00,7090,7090,7081,7081,2
2026-06-16 17:50:00+00:00,7081,7090,7081,7090,2
2026-06-17 03:50:00+00:00,6988,6988,6988,6988,1
2026-06-17 06:20:00+00:00,6988,7100,6988,7100,1
2026-06-17 06:45:00+00:00,7100,7100,6998,6998,2
2026-06-17 06:50:00+00:00,6998,7000,6998,7000,20
2026-06-17 06:55:00+00:00,7000,7000,7000,7000,10
2026-06-17 07:10:00+00:00,7000,7000,6978,6978,1
2026-06-17 07:20:00+00:00,7031,7031,7031,7031,1
2026-06-17 07:35:00+00:00,7016,7016,7016,7016,1
2026-06-17 07:40:00+00:00,7016,7037,7016,7037,1
2026-06-17 08:00:00+00:00,7037,7037,7029,7029,1
2026-06-17 08:05:00+00:00,7029,7029,7017,7017,6
2026-06-17 08:10:00+00:00,7017,7050,7017,7050,5
2026-06-17 08:15:00+00:00,7050,7070,7050,7070,1
2026-06-17 08:30:00+00:00,7134,7134,7134,7134,3
2026-06-17 09:15:00+00:00,7075,7075,7075,7075,5
2026-06-17 09:25:00+00:00,7075,7075,7033,7033,2
2026-06-17 09:35:00+00:00,7033,7054,7033,7054,1
2026-06-17 10:05:00+00:00,7054,7100,7054,7100,1
2026-06-17 11:20:00+00:00,7100,7100,7097,7097,1
2026-06-17 11:45:00+00:00,7120,7120,7120,7120,2
2026-06-17 11:55:00+00:00,7120,7150,7120,7150,1
2026-06-17 13:35:00+00:00,7150,7150,7150,7150,2
2026-06-17 14:00:00+00:00,7150,7150,7150,7150,1
2026-06-17 14:30:00+00:00,7150,7174,7150,7174,1
2026-06-17 14:35:00+00:00,7174,7174,7166,7166,1
2026-06-17 14:45:00+00:00,7166,7331,7166,7311,15
2026-06-17 14:50:00+00:00,7219,7219,7184,7184,3
2026-06-17 14:55:00+00:00,7193,7193,7193,7193,2
2026-06-17 15:20:00+00:00,7100,7100,7097,7097,5
2026-06-17 15:25:00+00:00,7095,7095,7095,7095,1
2026-06-17 15:30:00+00:00,7095,7108,7095,7108,1
2026-06-17 16:55:00+00:00,7108,7108,7055,7055,3
2026-06-17 17:35:00+00:00,7080,7080,7080,7080,1
2026-06-17 17:40:00+00:00,7080,7080,7055,7055,1
2026-06-17 17:45:00+00:00,7055,7060,7055,7060,2
2026-06-17 17:55:00+00:00,7045,7090,7045,7090,2
2026-06-18 03:40:00+00:00,6989,7032,6989,6995,7
2026-06-18 03:45:00+00:00,6995,6995,6995,6995,1
2026-06-18 03:50:00+00:00,6995,6995,6989,6989,2
2026-06-18 04:05:00+00:00,6989,6989,6980,6980,1
2026-06-18 04:10:00+00:00,6980,6980,6980,6980,1
2026-06-18 04:15:00+00:00,6985,6986,6969,6969,5
2026-06-18 04:20:00+00:00,6955,6955,6955,6955,1
2026-06-18 04:25:00+00:00,6955,6955,6951,6951,2
2026-06-18 04:45:00+00:00,6935,6935,6935,6935,2
2026-06-18 04:50:00+00:00,6935,6935,6932,6932,1
2026-06-18 05:00:00+00:00,6932,6932,6931,6931,2
2026-06-18 05:05:00+00:00,6972,6972,6972,6972,1
2026-06-18 05:10:00+00:00,6972,6972,6950,6950,1
2026-06-18 05:20:00+00:00,6950,6950,6922,6922,1
2026-06-18 05:30:00+00:00,6922,6922,6915,6922,3
2026-06-18 05:40:00+00:00,6922,6922,6922,6922,1
2026-06-18 06:00:00+00:00,6922,6922,6900,6900,2
2026-06-18 06:10:00+00:00,6880,6880,6880,6880,2
2026-06-18 06:15:00+00:00,6880,6890,6880,6880,3
2026-06-18 06:30:00+00:00,6880,6899,6880,6899,1
2026-06-18 06:35:00+00:00,6899,6900,6899,6900,2
2026-06-18 06:55:00+00:00,6900,6952,6900,6952,4
2026-06-18 07:15:00+00:00,6952,6960,6952,6960,2
2026-06-18 07:40:00+00:00,6960,6960,6950,6950,4
2026-06-18 07:50:00+00:00,6950,6959,6950,6959,1
2026-06-18 08:45:00+00:00,6959,6959,6922,6923,6
2026-06-18 09:00:00+00:00,6949,6949,6948,6948,10
2026-06-18 09:15:00+00:00,6948,6948,6920,6920,3
2026-06-18 09:40:00+00:00,6920,6935,6920,6935,1
2026-06-18 09:50:00+00:00,6935,6935,6900,6900,6
2026-06-18 10:15:00+00:00,6900,6945,6900,6945,2
2026-06-18 10:25:00+00:00,6960,6960,6960,6960,1
2026-06-18 10:30:00+00:00,6960,6960,6960,6960,1
2026-06-18 10:40:00+00:00,6960,7000,6960,7000,2
2026-06-18 10:55:00+00:00,6983,6983,6983,6983,2
2026-06-18 11:15:00+00:00,6983,6983,6976,6976,1
2026-06-18 12:25:00+00:00,6976,6976,6974,6974,1
2026-06-18 13:05:00+00:00,6974,6974,6935,6935,3
2026-06-18 13:10:00+00:00,6920,6920,6920,6920,2
2026-06-18 13:30:00+00:00,6920,6920,6920,6920,1
2026-06-18 13:35:00+00:00,6890,6890,6890,6890,1
2026-06-18 13:40:00+00:00,6890,6890,6890,6890,1
2026-06-18 13:45:00+00:00,6864,6864,6864,6864,3
2026-06-18 13:50:00+00:00,6864,6864,6864,6864,1
2026-06-18 14:00:00+00:00,6864,6884,6864,6884,1
2026-06-18 14:10:00+00:00,6841,6841,6840,6840,3
2026-06-18 14:15:00+00:00,6840,6872,6840,6851,9
2026-06-18 14:20:00+00:00,6850,6873,6850,6851,5
2026-06-18 14:25:00+00:00,6851,6863,6850,6855,4
2026-06-18 14:50:00+00:00,6855,6884,6855,6884,1
2026-06-18 15:00:00+00:00,6884,6884,6870,6870,3
2026-06-18 15:15:00+00:00,6870,6870,6835,6835,3
2026-06-18 15:25:00+00:00,6835,6900,6835,6900,1
2026-06-18 15:30:00+00:00,6900,6909,6878,6878,4
2026-06-18 15:35:00+00:00,6878,6919,6878,6919,1
2026-06-18 15:40:00+00:00,6919,6919,6919,6919,5
2026-06-18 15:55:00+00:00,6919,6944,6919,6944,2
2026-06-18 16:05:00+00:00,6940,6940,6940,6940,1
2026-06-18 16:25:00+00:00,6940,6940,6915,6915,1
2026-06-18 16:30:00+00:00,6900,6900,6900,6900,1
2026-06-18 16:45:00+00:00,6930,6930,6930,6930,1
2026-06-18 16:50:00+00:00,6930,6945,6930,6945,2
2026-06-18 17:05:00+00:00,6945,6947,6935,6935,5
2026-06-18 17:10:00+00:00,6935,6953,6935,6950,21
2026-06-18 17:15:00+00:00,6950,6950,6950,6950,2
2026-06-18 17:30:00+00:00,6950,6951,6939,6940,3
2026-06-18 17:35:00+00:00,6940,6965,6939,6965,12
2026-06-18 17:45:00+00:00,6965,6965,6952,6952,2
2026-06-18 17:50:00+00:00,6950,6978,6950,6978,3
2026-06-18 17:55:00+00:00,6978,6980,6962,6979,5
2026-06-19 03:30:00+00:00,7042,7052,7025,7025,5
2026-06-19 03:35:00+00:00,7025,7030,7025,7028,2
2026-06-19 03:40:00+00:00,7021,7029,7021,7029,3
2026-06-19 03:45:00+00:00,7029,7029,7021,7021,3
2026-06-19 03:50:00+00:00,7021,7032,7021,7032,3
2026-06-19 03:55:00+00:00,7032,7039,7032,7039,2
2026-06-19 04:00:00+00:00,7039,7039,7037,7037,3
2026-06-19 04:05:00+00:00,7037,7039,7037,7037,5
2026-06-19 04:10:00+00:00,7033,7037,7033,7037,2
2026-06-19 04:15:00+00:00,7037,7059,7037,7059,5
2026-06-19 04:20:00+00:00,7059,7060,7051,7051,3
2026-06-19 04:25:00+00:00,7051,7060,7051,7060,1
2026-06-19 04:30:00+00:00,7060,7064,7060,7064,3
2026-06-19 04:35:00+00:00,7064,7092,7064,7090,3
2026-06-19 04:40:00+00:00,7090,7090,7089,7089,1
2026-06-19 05:05:00+00:00,7089,7117,7089,7117,6
2026-06-19 05:10:00+00:00,7117,7117,7117,7117,2
2026-06-19 05:20:00+00:00,7117,7126,7114,7126,2
2026-06-19 05:25:00+00:00,7126,7126,7125,7125,1
2026-06-19 05:35:00+00:00,7125,7149,7125,7149,10
2026-06-19 05:40:00+00:00,7149,7149,7108,7121,17
2026-06-19 05:45:00+00:00,7121,7150,7120,7139,12
2026-06-19 06:05:00+00:00,7139,7155,7139,7155,2
2026-06-19 06:10:00+00:00,7151,7151,7151,7151,1
2026-06-19 06:15:00+00:00,7151,7155,7151,7155,1
2026-06-19 06:20:00+00:00,7155,7155,7146,7146,2
2026-06-19 06:25:00+00:00,7135,7135,7135,7135,1
2026-06-19 06:30:00+00:00,7135,7145,7135,7145,2
2026-06-19 06:40:00+00:00,7145,7145,7136,7136,4
2026-06-19 06:50:00+00:00,7131,7131,7131,7131,1
2026-06-19 07:05:00+00:00,7131,7131,7086,7086,1
2026-06-19 07:10:00+00:00,7109,7109,7109,7109,1
2026-06-19 07:35:00+00:00,7109,7115,7109,7115,1
2026-06-19 07:45:00+00:00,7115,7151,7115,7122,2
2026-06-19 07:50:00+00:00,7122,7131,7122,7131,1
2026-06-19 08:10:00+00:00,7131,7131,7086,7086,1
2026-06-19 08:15:00+00:00,7086,7122,7086,7122,1
2026-06-19 08:20:00+00:00,7122,7122,7113,7113,1
2026-06-19 08:30:00+00:00,7113,7113,7058,7058,15
2026-06-19 08:35:00+00:00,7058,7080,7058,7080,1
2026-06-19 08:55:00+00:00,7080,7092,7080,7092,1
2026-06-19 09:30:00+00:00,7092,7092,7045,7045,3
2026-06-19 09:45:00+00:00,7045,7081,7045,7081,1
2026-06-19 09:50:00+00:00,7081,7081,7068,7068,1
2026-06-19 09:55:00+00:00,7068,7068,7040,7040,1
2026-06-19 10:40:00+00:00,7040,7097,7040,7097,2
2026-06-19 10:45:00+00:00,7097,7099,7097,7099,3
2026-06-19 10:50:00+00:00,7060,7060,7060,7060,1
2026-06-19 11:05:00+00:00,7121,7121,7121,7121,1
2026-06-19 11:10:00+00:00,7121,7121,7090,7090,2
2026-06-19 11:25:00+00:00,7090,7155,7090,7155,10
2026-06-19 11:50:00+00:00,7155,7155,7097,7113,2
2026-06-19 11:55:00+00:00,7113,7113,7104,7104,1
2026-06-19 12:05:00+00:00,7104,7104,7099,7099,1
2026-06-19 12:15:00+00:00,7099,7121,7099,7121,11
2026-06-19 12:20:00+00:00,7112,7112,7112,7112,1
2026-06-19 12:30:00+00:00,7112,7117,7112,7117,2
2026-06-19 12:35:00+00:00,7130,7141,7130,7141,7
2026-06-19 12:40:00+00:00,7141,7141,7113,7113,1
2026-06-19 12:45:00+00:00,7113,7119,7113,7119,1
2026-06-19 12:50:00+00:00,7119,7119,7075,7075,2
2026-06-19 12:55:00+00:00,7044,7044,7044,7044,1
2026-06-19 13:00:00+00:00,7041,7041,7021,7021,6
2026-06-19 13:05:00+00:00,7021,7061,7021,7039,16
2026-06-19 13:10:00+00:00,7030,7058,7030,7058,4
2026-06-19 13:15:00+00:00,7058,7072,7058,7065,4
2026-06-19 13:20:00+00:00,7065,7078,7065,7078,2
2026-06-19 13:25:00+00:00,7078,7078,7070,7070,1
2026-06-19 13:35:00+00:00,7070,7084,7070,7084,1
2026-06-19 13:55:00+00:00,7084,7089,7056,7089,7
2026-06-19 14:20:00+00:00,7113,7113,7113,7113,1
2026-06-19 14:30:00+00:00,7113,7113,7100,7100,1
2026-06-19 14:40:00+00:00,7100,7100,7097,7097,1
2026-06-19 14:50:00+00:00,7097,7112,7097,7112,1
2026-06-19 15:05:00+00:00,7112,7112,7111,7111,1
2026-06-19 15:15:00+00:00,7111,7125,7111,7125,1
2026-06-19 15:30:00+00:00,7125,7150,7125,7150,20
2026-06-19 15:35:00+00:00,7142,7150,7142,7150,2
2026-06-19 15:45:00+00:00,7115,7115,7115,7115,1
2026-06-19 15:55:00+00:00,7115,7150,7115,7150,1
2026-06-19 16:00:00+00:00,7150,7150,7147,7147,1
2026-06-19 16:05:00+00:00,7147,7147,7140,7140,3
2026-06-19 16:10:00+00:00,7150,7150,7150,7150,13
2026-06-19 16:15:00+00:00,7150,7150,7150,7150,8
2026-06-19 16:35:00+00:00,7150,7150,7142,7145,3
2026-06-19 17:20:00+00:00,7145,7145,7115,7115,2
2026-06-19 17:40:00+00:00,7132,7132,7132,7132,1
2026-06-19 17:45:00+00:00,7136,7144,7136,7144,9
2026-06-19 17:55:00+00:00,7144,7155,7132,7155,5
2026-06-22 03:35:00+00:00,7063,7080,7063,7070,5
2026-06-22 03:40:00+00:00,7070,7070,7055,7055,4
2026-06-22 03:45:00+00:00,7055,7055,7049,7049,2
2026-06-22 03:50:00+00:00,7049,7049,7045,7045,1
2026-06-22 04:15:00+00:00,7066,7066,7066,7066,12
2026-06-22 04:20:00+00:00,7066,7082,7066,7082,1
2026-06-22 04:45:00+00:00,7082,7082,7050,7050,6
2026-06-22 05:00:00+00:00,7050,7050,7046,7046,1
2026-06-22 05:15:00+00:00,7046,7046,7040,7046,2
2026-06-22 05:20:00+00:00,7046,7046,7040,7040,2
2026-06-22 05:25:00+00:00,7040,7040,7026,7034,2
2026-06-22 05:30:00+00:00,7020,7020,7020,7020,2
2026-06-22 05:35:00+00:00,7021,7035,7021,7035,2
2026-06-22 06:25:00+00:00,7035,7035,7020,7020,2
2026-06-22 06:30:00+00:00,7020,7043,7020,7043,1
2026-06-22 06:35:00+00:00,7043,7043,7043,7043,2
2026-06-22 07:10:00+00:00,7043,7075,7043,7075,2
2026-06-22 07:35:00+00:00,7075,7076,7075,7076,1
2026-06-22 07:40:00+00:00,7076,7091,7076,7091,1
2026-06-22 07:45:00+00:00,7091,7105,7091,7105,2
2026-06-22 07:50:00+00:00,7105,7105,7091,7091,1
2026-06-22 07:55:00+00:00,7081,7081,7081,7081,1
2026-06-22 08:05:00+00:00,7113,7113,7113,7113,1
2026-06-22 08:35:00+00:00,7113,7113,7055,7055,1
2026-06-22 09:05:00+00:00,7055,7055,7053,7053,11
2026-06-22 09:10:00+00:00,7053,7053,7053,7053,1
2026-06-22 09:15:00+00:00,7056,7056,7056,7056,1
2026-06-22 10:30:00+00:00,7073,7073,7073,7073,1
2026-06-22 11:05:00+00:00,7073,7073,7020,7020,7
2026-06-22 11:10:00+00:00,7070,7070,7070,7070,1
2026-06-22 11:25:00+00:00,7065,7065,7065,7065,1
2026-06-22 12:15:00+00:00,7065,7065,7025,7034,2
2026-06-22 12:20:00+00:00,7034,7034,7008,7010,12
2026-06-22 12:35:00+00:00,7010,7010,7010,7010,2
2026-06-22 12:40:00+00:00,7010,7010,7007,7007,1
2026-06-22 12:45:00+00:00,7007,7019,7007,7019,2
2026-06-22 13:00:00+00:00,7019,7019,7019,7019,1
2026-06-22 13:05:00+00:00,7019,7030,7019,7030,1
2026-06-22 13:10:00+00:00,7030,7030,7000,7000,9
2026-06-22 13:20:00+00:00,7000,7000,7000,7000,1
2026-06-22 13:25:00+00:00,7000,7000,6990,6990,2
2026-06-22 13:35:00+00:00,6990,6990,6969,6970,3
2026-06-22 13:45:00+00:00,6950,6950,6941,6941,5
2026-06-22 13:50:00+00:00,6941,6950,6941,6950,3
2026-06-22 14:00:00+00:00,6950,6972,6941,6947,8
2026-06-22 14:15:00+00:00,6947,6950,6931,6950,2
2026-06-22 14:20:00+00:00,6950,6950,6950,6950,1
2026-06-22 14:30:00+00:00,6972,6980,6972,6980,3
2026-06-22 14:35:00+00:00,6980,6980,6980,6980,1
2026-06-22 14:45:00+00:00,6980,6980,6980,6980,1
2026-06-22 14:55:00+00:00,6980,6980,6955,6955,1
2026-06-22 15:05:00+00:00,6951,6951,6946,6946,2
2026-06-22 15:10:00+00:00,6946,6946,6913,6913,7
2026-06-22 15:15:00+00:00,6913,6926,6913,6920,3
2026-06-22 15:25:00+00:00,6920,6929,6920,6920,4
2026-06-22 15:30:00+00:00,6925,6925,6920,6920,2
2026-06-22 15:35:00+00:00,6927,6927,6927,6927,1
2026-06-22 15:40:00+00:00,6913,6913,6910,6910,3
2026-06-22 15:45:00+00:00,6910,6910,6910,6910,1
2026-06-22 15:55:00+00:00,6910,6920,6910,6920,4
2026-06-22 16:05:00+00:00,6933,6933,6933,6933,1
2026-06-22 16:40:00+00:00,6933,6950,6933,6950,2
2026-06-22 16:45:00+00:00,6950,6950,6950,6950,1
2026-06-22 16:55:00+00:00,6950,6950,6933,6933,4
2026-06-22 17:00:00+00:00,6940,6940,6940,6940,1
2026-06-22 17:20:00+00:00,6938,6938,6938,6938,1
2026-06-22 17:25:00+00:00,6938,6938,6922,6922,2
2026-06-22 17:30:00+00:00,6935,6935,6935,6935,1
2026-06-22 17:40:00+00:00,6935,6939,6927,6927,2
2026-06-22 17:45:00+00:00,6926,6929,6926,6929,2
2026-06-22 17:50:00+00:00,6928,6928,6928,6928,6
2026-06-22 17:55:00+00:00,6928,6928,6908,6919,9
2026-06-23 04:30:00+00:00,6930,6930,6922,6922,1
2026-06-23 04:35:00+00:00,6922,6924,6922,6922,4
2026-06-23 05:35:00+00:00,6900,6900,6900,6900,3
2026-06-23 06:00:00+00:00,6872,6872,6872,6872,1
2026-06-23 06:05:00+00:00,6872,6881,6872,6881,1
2026-06-23 06:10:00+00:00,6881,6890,6881,6890,5
2026-06-23 06:15:00+00:00,6870,6870,6870,6870,3
2026-06-23 06:30:00+00:00,6870,6870,6870,6870,1
2026-06-23 06:35:00+00:00,6860,6860,6860,6860,1
2026-06-23 06:40:00+00:00,6860,6860,6844,6844,2
2026-06-23 06:50:00+00:00,6844,6866,6844,6866,1
2026-06-23 06:55:00+00:00,6866,6872,6866,6872,2
2026-06-23 07:00:00+00:00,6872,6872,6860,6860,1
2026-06-23 07:25:00+00:00,6860,6860,6840,6840,1
2026-06-23 07:40:00+00:00,6840,6890,6840,6890,7
2026-06-23 08:00:00+00:00,6902,6920,6902,6920,12
2026-06-23 08:05:00+00:00,6915,6920,6915,6920,3
2026-06-23 08:15:00+00:00,6920,6920,6920,6920,1
2026-06-23 08:25:00+00:00,6920,6930,6920,6930,1
2026-06-23 08:30:00+00:00,6919,6919,6919,6919,1
2026-06-23 08:40:00+00:00,6919,6932,6919,6932,2
2026-06-23 08:50:00+00:00,6932,6932,6927,6927,1
2026-06-23 09:00:00+00:00,6910,6910,6910,6910,2
2026-06-23 09:20:00+00:00,6910,6924,6910,6924,2
2026-06-23 09:25:00+00:00,6901,6901,6901,6901,1
2026-06-23 09:30:00+00:00,6900,6900,6900,6900,2
2026-06-23 10:35:00+00:00,6900,6948,6900,6948,9
2026-06-23 10:50:00+00:00,6948,6948,6948,6948,1
2026-06-23 11:30:00+00:00,6951,6951,6951,6951,1
2026-06-23 11:45:00+00:00,6951,6951,6951,6951,1
2026-06-23 11:55:00+00:00,6951,6951,6951,6951,1
2026-06-23 12:25:00+00:00,6951,6951,6917,6917,1
2026-06-23 13:10:00+00:00,6917,6935,6917,6935,1
2026-06-23 13:30:00+00:00,6894,6912,6883,6889,13
2026-06-23 13:35:00+00:00,6889,6891,6889,6891,3
2026-06-23 14:00:00+00:00,6872,6872,6870,6870,4
2026-06-23 14:05:00+00:00,6870,6885,6870,6885,1
2026-06-23 14:15:00+00:00,6885,6885,6866,6866,1
2026-06-23 14:25:00+00:00,6866,6866,6865,6865,5
2026-06-23 14:35:00+00:00,6865,6900,6865,6900,2
2026-06-23 15:15:00+00:00,6900,6927,6900,6927,1
2026-06-23 15:25:00+00:00,6927,6927,6887,6887,4
2026-06-23 16:25:00+00:00,6887,6916,6887,6916,1
2026-06-23 16:45:00+00:00,6900,6900,6900,6900,1
2026-06-23 17:15:00+00:00,6900,6910,6900,6910,1
2026-06-23 17:30:00+00:00,6910,6931,6910,6931,10
2026-06-23 17:50:00+00:00,6910,6922,6905,6913,7
2026-06-24 03:35:00+00:00,6850,6860,6847,6847,2
2026-06-24 03:40:00+00:00,6847,6859,6840,6852,4
2026-06-24 03:45:00+00:00,6852,6861,6852,6861,2
2026-06-24 03:50:00+00:00,6861,6861,6850,6850,1
2026-06-24 04:00:00+00:00,6850,6862,6850,6862,2
2026-06-24 04:05:00+00:00,6862,6862,6860,6860,2
2026-06-24 04:15:00+00:00,6860,6860,6860,6860,2
2026-06-24 04:25:00+00:00,6860,6879,6860,6879,1
2026-06-24 04:35:00+00:00,6879,6879,6871,6871,1
2026-06-24 04:50:00+00:00,6871,6871,6869,6869,1
2026-06-24 05:10:00+00:00,6869,6869,6860,6860,4
2026-06-24 05:15:00+00:00,6860,6860,6860,6860,2
2026-06-24 05:30:00+00:00,6860,6860,6855,6855,5
2026-06-24 05:40:00+00:00,6855,6855,6850,6850,5
2026-06-24 06:00:00+00:00,6850,6860,6850,6860,1
2026-06-24 06:05:00+00:00,6880,6880,6880,6880,2
2026-06-24 06:15:00+00:00,6880,6880,6846,6846,2
2026-06-24 06:20:00+00:00,6846,6850,6846,6850,3
2026-06-24 06:25:00+00:00,6846,6846,6846,6846,1
2026-06-24 07:05:00+00:00,6846,6846,6830,6830,9
2026-06-24 07:15:00+00:00,6830,6840,6830,6840,5
2026-06-24 07:20:00+00:00,6840,6840,6830,6830,2
2026-06-24 07:25:00+00:00,6830,6831,6827,6831,2
2026-06-24 07:30:00+00:00,6831,6831,6819,6819,6
2026-06-24 07:35:00+00:00,6819,6831,6819,6831,1
2026-06-24 07:45:00+00:00,6831,6831,6824,6824,1
2026-06-24 07:50:00+00:00,6824,6825,6824,6825,1
2026-06-24 07:55:00+00:00,6825,6825,6810,6810,1
2026-06-24 08:00:00+00:00,6810,6810,6797,6806,5
2026-06-24 08:10:00+00:00,6806,6808,6806,6808,1
2026-06-24 08:15:00+00:00,6808,6808,6794,6794,6
2026-06-24 08:20:00+00:00,6794,6794,6791,6791,1
2026-06-24 08:25:00+00:00,6791,6791,6791,6791,1
2026-06-24 08:30:00+00:00,6781,6781,6781,6781,1
2026-06-24 08:35:00+00:00,6781,6804,6781,6804,2
2026-06-24 08:50:00+00:00,6804,6813,6804,6813,1
2026-06-24 09:10:00+00:00,6813,6813,6780,6781,2
2026-06-24 09:15:00+00:00,6781,6781,6781,6781,1
2026-06-24 09:35:00+00:00,6781,6806,6781,6806,1
2026-06-24 10:10:00+00:00,6806,6814,6800,6800,3
2026-06-24 10:25:00+00:00,6800,6800,6800,6800,1
2026-06-24 10:30:00+00:00,6800,6824,6800,6824,6
2026-06-24 10:35:00+00:00,6803,6803,6799,6799,6
2026-06-24 11:00:00+00:00,6799,6799,6782,6782,1
2026-06-24 11:05:00+00:00,6782,6785,6781,6785,5
2026-06-24 11:10:00+00:00,6785,6785,6781,6781,6
2026-06-24 11:20:00+00:00,6781,6781,6780,6780,1
2026-06-24 11:25:00+00:00,6780,6780,6760,6760,1
2026-06-24 11:35:00+00:00,6760,6769,6760,6769,1
2026-06-24 11:40:00+00:00,6769,6769,6750,6750,2
2026-06-24 11:45:00+00:00,6750,6750,6721,6721,5
2026-06-24 11:50:00+00:00,6721,6722,6711,6711,4
2026-06-24 11:55:00+00:00,6713,6719,6713,6719,3
2026-06-24 12:00:00+00:00,6719,6719,6710,6710,1
2026-06-24 12:05:00+00:00,6710,6710,6704,6704,3
2026-06-24 12:10:00+00:00,6704,6719,6704,6719,3
2026-06-24 12:15:00+00:00,6719,6719,6700,6700,6
2026-06-24 12:20:00+00:00,6700,6700,6700,6700,1
2026-06-24 12:25:00+00:00,6700,6723,6700,6723,1
2026-06-24 12:35:00+00:00,6723,6723,6715,6715,1
2026-06-24 12:40:00+00:00,6715,6728,6715,6728,1
2026-06-24 12:45:00+00:00,6728,6728,6707,6716,2
2026-06-24 12:55:00+00:00,6716,6716,6716,6716,1
2026-06-24 13:00:00+00:00,6716,6716,6663,6663,2
2026-06-24 13:05:00+00:00,6663,6686,6649,6649,8
2026-06-24 13:10:00+00:00,6649,6662,6649,6662,6
2026-06-24 13:15:00+00:00,6648,6648,6643,6643,15
2026-06-24 13:20:00+00:00,6648,6648,6640,6647,9
2026-06-24 13:25:00+00:00,6647,6647,6635,6635,7
2026-06-24 13:30:00+00:00,6635,6635,6617,6630,3
2026-06-24 13:35:00+00:00,6630,6644,6630,6630,2
2026-06-24 13:40:00+00:00,6630,6630,6624,6624,2
2026-06-24 13:45:00+00:00,6624,6640,6624,6640,1
2026-06-24 13:50:00+00:00,6637,6637,6628,6628,2
2026-06-24 13:55:00+00:00,6628,6628,6613,6613,4
2026-06-24 14:00:00+00:00,6600,6611,6600,6611,3
2026-06-24 14:10:00+00:00,6611,6632,6611,6623,21
2026-06-24 14:15:00+00:00,6623,6634,6620,6634,9
2026-06-24 14:20:00+00:00,6634,6635,6634,6635,3
2026-06-24 14:25:00+00:00,6635,6635,6620,6620,1
2026-06-24 14:30:00+00:00,6620,6620,6620,6620,1
2026-06-24 14:40:00+00:00,6620,6620,6620,6620,2
2026-06-24 14:45:00+00:00,6620,6620,6617,6617,1
2026-06-24 15:00:00+00:00,6617,6617,6590,6593,4
2026-06-24 15:05:00+00:00,6593,6593,6593,6593,2
2026-06-24 15:20:00+00:00,6597,6597,6597,6597,1
2026-06-24 15:35:00+00:00,6640,6650,6640,6650,11
2026-06-24 15:40:00+00:00,6650,6650,6641,6641,2
2026-06-24 15:45:00+00:00,6641,6651,6641,6645,3
2026-06-24 15:55:00+00:00,6645,6662,6645,6662,1
2026-06-24 16:20:00+00:00,6662,6663,6662,6663,1
2026-06-24 16:35:00+00:00,6663,6685,6663,6685,2
2026-06-24 16:40:00+00:00,6685,6694,6683,6683,6
2026-06-24 16:50:00+00:00,6683,6683,6661,6661,1
2026-06-24 17:05:00+00:00,6661,6665,6661,6665,1
2026-06-24 17:10:00+00:00,6665,6665,6665,6665,1
2026-06-24 17:20:00+00:00,6665,6665,6649,6649,1
2026-06-24 17:40:00+00:00,6649,6660,6649,6660,2
2026-06-24 17:45:00+00:00,6660,6660,6637,6642,17
2026-06-24 17:50:00+00:00,6644,6644,6644,6644,1
2026-06-24 17:55:00+00:00,6644,6660,6644,6660,3
2026-06-25 03:30:00+00:00,6563,6566,6561,6566,3
2026-06-25 03:35:00+00:00,6566,6570,6565,6565,7
2026-06-25 03:40:00+00:00,6565,6565,6546,6557,22
2026-06-25 03:45:00+00:00,6557,6560,6553,6560,2
2026-06-25 04:00:00+00:00,6560,6566,6560,6566,2
2026-06-25 04:10:00+00:00,6574,6574,6542,6542,13
2026-06-25 04:15:00+00:00,6542,6550,6542,6550,1
2026-06-25 04:20:00+00:00,6550,6554,6550,6554,1
2026-06-25 04:35:00+00:00,6554,6565,6554,6565,2
2026-06-25 05:00:00+00:00,6565,6569,6565,6569,1
2026-06-25 05:05:00+00:00,6569,6569,6569,6569,3
2026-06-25 05:10:00+00:00,6569,6569,6554,6554,2
2026-06-25 05:20:00+00:00,6554,6606,6554,6585,47
2026-06-25 05:30:00+00:00,6591,6592,6591,6592,4
2026-06-25 05:35:00+00:00,6592,6600,6580,6600,173
2026-06-25 05:40:00+00:00,6595,6595,6591,6595,53
2026-06-25 05:45:00+00:00,6595,6595,6590,6592,95
2026-06-25 05:50:00+00:00,6592,6595,6592,6595,32
2026-06-25 05:55:00+00:00,6595,6595,6590,6590,62
2026-06-25 06:00:00+00:00,6590,6590,6584,6584,1
2026-06-25 06:05:00+00:00,6584,6592,6584,6592,2
2026-06-25 06:10:00+00:00,6592,6600,6592,6600,2
2026-06-25 06:15:00+00:00,6600,6611,6600,6611,1
2026-06-25 06:30:00+00:00,6620,6620,6620,6620,1
2026-06-25 06:35:00+00:00,6620,6620,6600,6600,3
2026-06-25 06:40:00+00:00,6602,6602,6600,6600,4
2026-06-25 06:55:00+00:00,6600,6600,6585,6585,2
2026-06-25 07:00:00+00:00,6591,6591,6585,6585,4
2026-06-25 07:05:00+00:00,6585,6602,6585,6602,1
2026-06-25 07:10:00+00:00,6602,6605,6602,6605,2
2026-06-25 07:15:00+00:00,6605,6631,6605,6618,5
2026-06-25 07:25:00+00:00,6618,6618,6600,6600,2
2026-06-25 07:35:00+00:00,6600,6603,6600,6603,3
2026-06-25 08:00:00+00:00,6603,6632,6603,6632,1
2026-06-25 08:05:00+00:00,6632,6632,6609,6609,2
2026-06-25 08:10:00+00:00,6609,6609,6607,6607,2
2026-06-25 08:15:00+00:00,6607,6607,6601,6601,1
2026-06-25 08:20:00+00:00,6601,6601,6600,6600,2
2026-06-25 08:25:00+00:00,6600,6600,6590,6590,3
2026-06-25 08:30:00+00:00,6590,6590,6590,6590,1
2026-06-25 08:35:00+00:00,6555,6555,6555,6555,2
2026-06-25 08:40:00+00:00,6555,6559,6555,6559,2
2026-06-25 08:45:00+00:00,6559,6576,6559,6576,2
2026-06-25 08:50:00+00:00,6558,6558,6558,6558,1
2026-06-25 09:00:00+00:00,6558,6578,6558,6578,1
2026-06-25 09:10:00+00:00,6578,6578,6544,6544,7
2026-06-25 09:15:00+00:00,6544,6600,6544,6600,10
2026-06-25 09:20:00+00:00,6600,6600,6600,6600,2
2026-06-25 09:25:00+00:00,6600,6600,6567,6578,6
2026-06-25 09:30:00+00:00,6578,6596,6578,6596,11
2026-06-25 10:05:00+00:00,6596,6596,6574,6574,1
2026-06-25 10:45:00+00:00,6574,6600,6574,6600,2
2026-06-25 10:50:00+00:00,6595,6595,6595,6595,1
2026-06-25 11:25:00+00:00,6595,6600,6593,6600,5
2026-06-25 11:30:00+00:00,6600,6615,6600,6615,1
2026-06-25 11:40:00+00:00,6615,6615,6605,6605,1
2026-06-25 11:45:00+00:00,6605,6620,6605,6620,2
2026-06-25 11:50:00+00:00,6620,6620,6618,6620,13
2026-06-25 11:55:00+00:00,6620,6620,6607,6612,2
2026-06-25 12:00:00+00:00,6612,6612,6607,6607,1
2026-06-25 12:10:00+00:00,6607,6628,6607,6628,7
2026-06-25 12:25:00+00:00,6628,6628,6628,6628,2
2026-06-25 12:30:00+00:00,6628,6628,6625,6627,2
2026-06-25 12:35:00+00:00,6605,6605,6605,6605,1
2026-06-25 12:40:00+00:00,6597,6597,6597,6597,3
2026-06-25 12:50:00+00:00,6597,6601,6597,6601,3
2026-06-25 12:55:00+00:00,6601,6604,6601,6604,1
2026-06-25 13:00:00+00:00,6604,6608,6594,6608,3
2026-06-25 13:05:00+00:00,6608,6620,6608,6620,2
2026-06-25 13:10:00+00:00,6620,6634,6620,6634,3
2026-06-25 13:20:00+00:00,6642,6649,6642,6649,2
2026-06-25 13:40:00+00:00,6649,6649,6643,6643,1
2026-06-25 13:45:00+00:00,6643,6650,6643,6650,2
2026-06-25 13:50:00+00:00,6658,6666,6658,6666,3
2026-06-25 13:55:00+00:00,6666,6676,6666,6676,1
2026-06-25 14:00:00+00:00,6676,6691,6676,6687,7
2026-06-25 14:10:00+00:00,6690,6690,6690,6690,1
2026-06-25 14:15:00+00:00,6690,6690,6666,6680,2
2026-06-25 14:20:00+00:00,6680,6700,6680,6700,8
2026-06-25 14:25:00+00:00,6700,6721,6700,6721,2
2026-06-25 14:30:00+00:00,6702,6702,6702,6702,1
2026-06-25 14:40:00+00:00,6702,6707,6700,6707,2
2026-06-25 14:55:00+00:00,6707,6707,6705,6705,4
2026-06-25 15:00:00+00:00,6705,6710,6705,6710,1
2026-06-25 15:05:00+00:00,6710,6762,6710,6762,8
2026-06-25 15:10:00+00:00,6741,6765,6741,6765,5
2026-06-25 15:15:00+00:00,6765,6779,6764,6764,7
2026-06-25 15:20:00+00:00,6761,6773,6758,6773,5
2026-06-25 15:25:00+00:00,6765,6776,6765,6776,6
2026-06-25 15:30:00+00:00,6753,6753,6753,6753,2
2026-06-25 15:35:00+00:00,6753,6753,6744,6745,2
2026-06-25 15:40:00+00:00,6745,6757,6745,6757,1
2026-06-25 15:50:00+00:00,6757,6761,6757,6761,1
2026-06-25 15:55:00+00:00,6763,6768,6763,6768,4
2026-06-25 16:00:00+00:00,6768,6775,6768,6775,4
2026-06-25 16:30:00+00:00,6775,6775,6760,6760,2
2026-06-25 16:35:00+00:00,6760,6767,6749,6753,3
2026-06-25 16:40:00+00:00,6753,6754,6753,6754,1
2026-06-25 16:45:00+00:00,6754,6757,6754,6757,1
2026-06-25 16:50:00+00:00,6757,6760,6757,6760,1
2026-06-25 16:55:00+00:00,6768,6768,6768,6768,1
2026-06-25 17:10:00+00:00,6768,6768,6768,6768,1
2026-06-25 17:25:00+00:00,6768,6775,6765,6768,5
2026-06-25 17:35:00+00:00,6768,6768,6763,6765,7
2026-06-25 17:40:00+00:00,6765,6772,6765,6767,11
2026-06-25 17:45:00+00:00,6767,6771,6767,6767,3
2026-06-25 17:55:00+00:00,6767,6780,6767,6780,4
2026-06-26 11:30:00+00:00,6563,6633,6563,6633,13
2026-06-26 11:35:00+00:00,6633,6644,6633,6644,1
2026-06-26 11:40:00+00:00,6642,6650,6642,6650,3
2026-06-26 11:45:00+00:00,6650,6667,6650,6667,7
2026-06-26 11:50:00+00:00,6667,6674,6667,6670,5
2026-06-26 11:55:00+00:00,6651,6651,6651,6651,1
2026-06-26 12:00:00+00:00,6651,6651,6641,6641,5
2026-06-26 12:05:00+00:00,6641,6641,6620,6620,5
2026-06-26 12:10:00+00:00,6620,6620,6618,6620,4
2026-06-26 12:15:00+00:00,6618,6618,6618,6618,1
2026-06-26 12:30:00+00:00,6619,6619,6615,6615,4
2026-06-26 12:35:00+00:00,6610,6610,6599,6599,5
2026-06-26 12:40:00+00:00,6599,6599,6594,6594,4
2026-06-26 12:45:00+00:00,6594,6600,6594,6600,2
2026-06-26 12:55:00+00:00,6600,6600,6595,6595,2
2026-06-26 13:15:00+00:00,6595,6675,6595,6670,15
2026-06-26 13:20:00+00:00,6635,6646,6635,6646,2
2026-06-26 13:30:00+00:00,6611,6611,6611,6611,5
2026-06-26 13:35:00+00:00,6629,6630,6629,6630,2
2026-06-26 13:45:00+00:00,6623,6623,6623,6623,2
2026-06-26 13:50:00+00:00,6623,6623,6590,6597,6
2026-06-26 13:55:00+00:00,6590,6590,6585,6590,24
2026-06-26 14:00:00+00:00,6594,6596,6585,6585,29
2026-06-26 14:05:00+00:00,6577,6577,6575,6575,3
2026-06-26 14:10:00+00:00,6575,6591,6575,6583,2
2026-06-26 14:15:00+00:00,6583,6583,6580,6580,2
2026-06-26 14:20:00+00:00,6580,6580,6575,6575,1
2026-06-26 14:25:00+00:00,6575,6575,6554,6554,2
2026-06-26 14:30:00+00:00,6567,6567,6567,6567,1
2026-06-26 14:35:00+00:00,6575,6575,6564,6570,4
2026-06-26 14:40:00+00:00,6570,6570,6538,6538,4
2026-06-26 14:45:00+00:00,6542,6548,6542,6548,3
2026-06-26 14:50:00+00:00,6548,6561,6548,6561,1
2026-06-26 14:55:00+00:00,6561,6573,6561,6573,2
2026-06-26 15:00:00+00:00,6573,6573,6555,6555,1
2026-06-26 15:05:00+00:00,6555,6560,6526,6526,9
2026-06-26 15:10:00+00:00,6538,6544,6538,6540,5
2026-06-26 15:15:00+00:00,6540,6540,6530,6530,3
2026-06-26 15:20:00+00:00,6530,6530,6527,6527,2
2026-06-26 15:25:00+00:00,6527,6531,6524,6524,2
2026-06-26 15:40:00+00:00,6549,6550,6549,6550,3
2026-06-26 15:45:00+00:00,6550,6550,6548,6548,4
2026-06-26 15:50:00+00:00,6548,6590,6548,6590,9
2026-06-26 15:55:00+00:00,6590,6590,6575,6575,2
2026-06-26 16:05:00+00:00,6575,6575,6573,6573,1
2026-06-26 16:10:00+00:00,6573,6580,6555,6555,3
2026-06-26 16:15:00+00:00,6555,6576,6555,6576,1
2026-06-26 16:30:00+00:00,6576,6576,6555,6562,3
2026-06-26 16:35:00+00:00,6562,6562,6559,6559,1
2026-06-26 16:40:00+00:00,6559,6575,6559,6575,1
2026-06-26 16:50:00+00:00,6575,6575,6560,6560,1
2026-06-26 17:30:00+00:00,6590,6590,6590,6590,2
2026-06-26 17:45:00+00:00,6590,6590,6587,6587,1
2026-06-26 17:50:00+00:00,6599,6599,6596,6596,4
2026-06-26 17:55:00+00:00,6599,6599,6585,6585,2
2026-06-29 03:30:00+00:00,6651,6651,6636,6639,4
2026-06-29 03:40:00+00:00,6639,6639,6633,6633,2
2026-06-29 03:50:00+00:00,6633,6648,6633,6648,3
2026-06-29 03:55:00+00:00,6651,6651,6648,6648,4
2026-06-29 04:00:00+00:00,6645,6645,6645,6645,1
2026-06-29 04:05:00+00:00,6645,6651,6645,6651,2
2026-06-29 04:15:00+00:00,6651,6652,6650,6652,2
2026-06-29 04:20:00+00:00,6643,6643,6643,6643,2
2026-06-29 04:30:00+00:00,6643,6643,6642,6642,4
2026-06-29 04:35:00+00:00,6639,6649,6639,6649,2
2026-06-29 04:50:00+00:00,6649,6650,6649,6650,2
2026-06-29 05:05:00+00:00,6650,6650,6645,6645,1
2026-06-29 05:10:00+00:00,6645,6645,6627,6627,5
2026-06-29 05:15:00+00:00,6629,6629,6629,6629,2
2026-06-29 05:30:00+00:00,6629,6629,6612,6612,1
2026-06-29 05:35:00+00:00,6612,6612,6594,6594,14
2026-06-29 05:40:00+00:00,6594,6594,6588,6588,8
2026-06-29 05:55:00+00:00,6588,6588,6588,6588,2
2026-06-29 06:00:00+00:00,6600,6600,6600,6600,1
2026-06-29 06:10:00+00:00,6600,6622,6600,6622,1
2026-06-29 06:30:00+00:00,6622,6651,6622,6648,7
2026-06-29 06:35:00+00:00,6648,6657,6648,6657,3
2026-06-29 06:40:00+00:00,6657,6657,6657,6657,1
2026-06-29 07:20:00+00:00,6657,6657,6630,6630,2
2026-06-29 07:30:00+00:00,6630,6635,6627,6627,2
2026-06-29 07:45:00+00:00,6627,6627,6619,6619,1
2026-06-29 07:55:00+00:00,6619,6619,6604,6604,4
2026-06-29 08:00:00+00:00,6600,6605,6600,6605,20
2026-06-29 08:15:00+00:00,6635,6635,6635,6635,2
2026-06-29 08:20:00+00:00,6635,6650,6635,6650,6
2026-06-29 08:25:00+00:00,6651,6655,6651,6655,5
2026-06-29 08:30:00+00:00,6660,6666,6660,6666,9
2026-06-29 08:35:00+00:00,6650,6650,6650,6650,2
2026-06-29 08:45:00+00:00,6650,6650,6636,6636,1
2026-06-29 09:20:00+00:00,6636,6665,6636,6665,3
2026-06-29 09:25:00+00:00,6665,6666,6665,6666,1
2026-06-29 09:30:00+00:00,6684,6685,6684,6685,4
2026-06-29 09:35:00+00:00,6685,6685,6685,6685,1
2026-06-29 09:50:00+00:00,6685,6700,6685,6700,6
2026-06-29 09:55:00+00:00,6700,6700,6700,6700,1
2026-06-29 10:05:00+00:00,6700,6700,6653,6653,2
2026-06-29 10:20:00+00:00,6643,6643,6643,6643,1
2026-06-29 10:30:00+00:00,6643,6645,6643,6645,2
2026-06-29 10:40:00+00:00,6645,6645,6636,6636,1
2026-06-29 11:00:00+00:00,6633,6633,6633,6633,1
2026-06-29 11:15:00+00:00,6633,6641,6633,6641,2
2026-06-29 11:30:00+00:00,6641,6648,6639,6648,16
2026-06-29 11:55:00+00:00,6648,6648,6645,6645,11
2026-06-29 12:00:00+00:00,6645,6645,6645,6645,1
2026-06-29 12:40:00+00:00,6645,6670,6645,6663,6
2026-06-29 12:45:00+00:00,6663,6663,6653,6653,3
2026-06-29 12:50:00+00:00,6653,6653,6647,6647,1
2026-06-29 13:00:00+00:00,6647,6668,6647,6668,3
2026-06-29 13:05:00+00:00,6668,6668,6660,6660,1
2026-06-29 13:10:00+00:00,6660,6665,6660,6665,1
2026-06-29 13:15:00+00:00,6665,6668,6665,6668,1
2026-06-29 14:10:00+00:00,6669,6669,6669,6669,1
2026-06-29 14:15:00+00:00,6669,6699,6669,6699,6
2026-06-29 14:25:00+00:00,6679,6679,6679,6679,1
2026-06-29 14:35:00+00:00,6679,6680,6679,6680,2
2026-06-29 14:40:00+00:00,6680,6688,6680,6688,12
2026-06-29 14:45:00+00:00,6692,6692,6692,6692,3
2026-06-29 14:50:00+00:00,6697,6700,6697,6700,6
2026-06-29 14:55:00+00:00,6691,6691,6691,6691,2
2026-06-29 15:10:00+00:00,6691,6691,6690,6690,1
2026-06-29 15:40:00+00:00,6690,6699,6690,6699,1
2026-06-29 15:45:00+00:00,6699,6702,6699,6702,4
2026-06-29 15:50:00+00:00,6701,6701,6691,6691,2
2026-06-29 15:55:00+00:00,6691,6692,6691,6692,3
2026-06-29 16:00:00+00:00,6692,6710,6692,6710,8
2026-06-29 16:05:00+00:00,6710,6718,6710,6718,5
2026-06-29 16:20:00+00:00,6718,6718,6705,6705,1
2026-06-29 16:30:00+00:00,6705,6727,6705,6727,12
2026-06-29 16:35:00+00:00,6727,6727,6723,6723,1
2026-06-29 16:40:00+00:00,6723,6727,6723,6727,3
2026-06-29 16:45:00+00:00,6727,6738,6727,6738,1
2026-06-29 16:50:00+00:00,6738,6738,6716,6716,3
2026-06-29 16:55:00+00:00,6719,6719,6719,6719,1
2026-06-29 17:00:00+00:00,6719,6719,6705,6715,2
2026-06-29 17:05:00+00:00,6715,6720,6715,6720,1
2026-06-29 17:10:00+00:00,6720,6721,6720,6721,1
2026-06-29 17:15:00+00:00,6721,6727,6721,6727,2
2026-06-29 17:20:00+00:00,6727,6739,6727,6739,2
2026-06-29 17:25:00+00:00,6717,6717,6717,6717,1
2026-06-29 17:30:00+00:00,6717,6729,6717,6729,1
2026-06-29 17:35:00+00:00,6729,6729,6709,6728,10
2026-06-29 17:45:00+00:00,6728,6728,6718,6720,5
2026-06-29 17:50:00+00:00,6717,6717,6716,6716,6
2026-06-29 17:55:00+00:00,6718,6718,6718,6718,1
2026-06-30 03:30:00+00:00,6732,6733,6700,6700,6
2026-06-30 03:35:00+00:00,6700,6700,6700,6700,1
2026-06-30 03:40:00+00:00,6700,6700,6691,6691,2
2026-06-30 03:45:00+00:00,6691,6691,6687,6687,7
2026-06-30 04:05:00+00:00,6687,6687,6687,6687,3
2026-06-30 04:10:00+00:00,6687,6687,6685,6685,1
2026-06-30 05:00:00+00:00,6685,6685,6672,6672,1
2026-06-30 05:15:00+00:00,6672,6675,6672,6675,1
2026-06-30 05:20:00+00:00,6675,6681,6675,6681,1
2026-06-30 05:40:00+00:00,6681,6687,6681,6687,2
2026-06-30 05:45:00+00:00,6687,6687,6683,6683,1
2026-06-30 06:00:00+00:00,6683,6683,6669,6670,2
2026-06-30 06:15:00+00:00,6670,6670,6659,6659,1
2026-06-30 06:20:00+00:00,6659,6659,6650,6650,1
2026-06-30 06:30:00+00:00,6650,6659,6650,6659,1
2026-06-30 06:40:00+00:00,6662,6662,6662,6662,1
2026-06-30 06:50:00+00:00,6662,6675,6662,6675,2
2026-06-30 07:00:00+00:00,6675,6688,6675,6688,2
2026-06-30 07:20:00+00:00,6688,6710,6688,6710,3
2026-06-30 07:25:00+00:00,6710,6710,6704,6704,3
2026-06-30 08:10:00+00:00,6704,6710,6704,6710,1
2026-06-30 08:15:00+00:00,6731,6733,6731,6733,3
2026-06-30 08:25:00+00:00,6715,6715,6715,6715,1
2026-06-30 08:30:00+00:00,6733,6733,6733,6733,1
2026-06-30 08:35:00+00:00,6742,6742,6742,6742,1
2026-06-30 08:40:00+00:00,6742,6742,6736,6742,2
2026-06-30 08:45:00+00:00,6739,6739,6739,6739,1
2026-06-30 09:15:00+00:00,6713,6713,6713,6713,1
2026-06-30 09:45:00+00:00,6713,6735,6713,6735,2
2026-06-30 09:55:00+00:00,6735,6740,6735,6740,3
2026-06-30 10:20:00+00:00,6740,6740,6740,6740,1
2026-06-30 10:25:00+00:00,6740,6740,6719,6719,3
2026-06-30 10:40:00+00:00,6718,6718,6718,6718,1
2026-06-30 10:45:00+00:00,6718,6718,6717,6717,1
2026-06-30 10:55:00+00:00,6720,6720,6720,6720,1
2026-06-30 11:15:00+00:00,6720,6720,6716,6716,2
2026-06-30 11:25:00+00:00,6716,6716,6710,6710,2
2026-06-30 11:30:00+00:00,6710,6725,6710,6725,1
2026-06-30 11:35:00+00:00,6725,6736,6725,6736,1
2026-06-30 11:45:00+00:00,6736,6736,6724,6724,11
2026-06-30 11:50:00+00:00,6724,6751,6724,6751,2
2026-06-30 11:55:00+00:00,6751,6756,6751,6756,23
2026-06-30 12:05:00+00:00,6756,6757,6756,6757,5
2026-06-30 12:10:00+00:00,6757,6757,6756,6756,4
2026-06-30 12:15:00+00:00,6780,6791,6780,6787,6
2026-06-30 12:35:00+00:00,6755,6755,6755,6755,3
2026-06-30 13:05:00+00:00,6755,6765,6755,6765,1
2026-06-30 13:10:00+00:00,6765,6791,6765,6791,3
2026-06-30 13:15:00+00:00,6791,6798,6791,6798,1
2026-06-30 13:35:00+00:00,6732,6732,6732,6732,1
2026-06-30 13:40:00+00:00,6734,6734,6734,6734,1
2026-06-30 14:10:00+00:00,6744,6751,6744,6751,9
2026-06-30 14:15:00+00:00,6751,6751,6732,6732,5
2026-06-30 14:20:00+00:00,6732,6732,6726,6726,1
2026-06-30 14:30:00+00:00,6726,6746,6726,6746,1
2026-06-30 14:35:00+00:00,6746,6746,6744,6744,1
2026-06-30 14:55:00+00:00,6744,6744,6708,6708,2
2026-06-30 15:00:00+00:00,6707,6707,6696,6703,7
2026-06-30 15:05:00+00:00,6703,6703,6696,6700,16
2026-06-30 15:10:00+00:00,6700,6700,6693,6693,1
2026-06-30 15:20:00+00:00,6693,6698,6693,6698,1
2026-06-30 15:25:00+00:00,6698,6698,6673,6673,19
2026-06-30 15:30:00+00:00,6673,6678,6673,6675,2
2026-06-30 15:35:00+00:00,6675,6675,6675,6675,3
2026-06-30 15:50:00+00:00,6675,6675,6660,6660,14
2026-06-30 15:55:00+00:00,6655,6655,6650,6650,4
2026-06-30 16:00:00+00:00,6650,6650,6650,6650,1
2026-06-30 16:15:00+00:00,6650,6680,6650,6680,1
2026-06-30 16:20:00+00:00,6675,6675,6675,6675,1
2026-06-30 16:30:00+00:00,6675,6675,6659,6659,1
2026-06-30 16:40:00+00:00,6666,6666,6656,6662,6
2026-06-30 16:45:00+00:00,6662,6662,6657,6657,2
2026-06-30 16:55:00+00:00,6650,6650,6650,6650,4
2026-06-30 17:00:00+00:00,6650,6650,6646,6646,1
2026-06-30 17:05:00+00:00,6655,6655,6655,6655,2
2026-06-30 17:15:00+00:00,6655,6655,6651,6651,1
2026-06-30 17:20:00+00:00,6651,6651,6645,6647,5
2026-06-30 17:25:00+00:00,6642,6642,6640,6640,3
2026-06-30 17:30:00+00:00,6635,6635,6635,6635,1
2026-06-30 17:35:00+00:00,6635,6635,6634,6634,1
2026-06-30 17:40:00+00:00,6634,6639,6634,6639,1
2026-06-30 17:45:00+00:00,6639,6646,6639,6646,3
2026-06-30 17:50:00+00:00,6652,6652,6652,6652,1
2026-06-30 17:55:00+00:00,6642,6647,6642,6647,3
2026-07-01 03:35:00+00:00,6672,6672,6664,6664,3
2026-07-01 03:40:00+00:00,6664,6671,6664,6671,2
2026-07-01 03:45:00+00:00,6671,6671,6664,6664,5
2026-07-01 04:00:00+00:00,6664,6664,6664,6664,1
2026-07-01 04:20:00+00:00,6664,6664,6662,6662,1
2026-07-01 04:25:00+00:00,6662,6662,6651,6651,3
2026-07-01 04:40:00+00:00,6651,6657,6651,6657,1
2026-07-01 04:50:00+00:00,6657,6657,6650,6650,2
2026-07-01 05:00:00+00:00,6650,6655,6650,6655,1
2026-07-01 05:05:00+00:00,6655,6655,6649,6649,1
2026-07-01 05:15:00+00:00,6649,6664,6649,6664,1
2026-07-01 05:45:00+00:00,6664,6664,6653,6653,1
2026-07-01 05:55:00+00:00,6653,6653,6645,6645,4
2026-07-01 06:15:00+00:00,6645,6645,6642,6642,1
2026-07-01 06:35:00+00:00,6642,6642,6636,6636,1
2026-07-01 06:40:00+00:00,6636,6642,6636,6642,1
2026-07-01 06:45:00+00:00,6642,6642,6638,6638,1
2026-07-01 07:00:00+00:00,6638,6646,6638,6646,1
2026-07-01 07:05:00+00:00,6646,6646,6636,6636,1
2026-07-01 07:10:00+00:00,6636,6642,6636,6642,1
2026-07-01 07:15:00+00:00,6642,6650,6642,6650,5
2026-07-01 07:25:00+00:00,6650,6650,6636,6636,4
2026-07-01 07:35:00+00:00,6636,6643,6636,6643,1
2026-07-01 08:00:00+00:00,6643,6650,6643,6650,4
2026-07-01 08:15:00+00:00,6650,6650,6624,6624,6
2026-07-01 08:20:00+00:00,6624,6632,6624,6632,1
2026-07-01 08:25:00+00:00,6632,6632,6615,6621,2
2026-07-01 08:30:00+00:00,6621,6621,6600,6600,6
2026-07-01 08:35:00+00:00,6600,6600,6600,6600,2
2026-07-01 08:40:00+00:00,6600,6616,6600,6616,1
2026-07-01 08:45:00+00:00,6616,6616,6610,6610,1
2026-07-01 08:50:00+00:00,6610,6610,6598,6598,3
2026-07-01 08:55:00+00:00,6598,6598,6571,6571,10
2026-07-01 09:00:00+00:00,6571,6571,6560,6560,6
2026-07-01 09:05:00+00:00,6560,6574,6560,6563,2
2026-07-01 09:15:00+00:00,6563,6575,6563,6574,2
2026-07-01 09:20:00+00:00,6574,6575,6574,6575,5
2026-07-01 09:40:00+00:00,6575,6600,6575,6600,1
2026-07-01 09:55:00+00:00,6600,6607,6600,6607,1
2026-07-01 10:00:00+00:00,6607,6630,6607,6630,4
2026-07-01 10:05:00+00:00,6630,6631,6628,6631,11
2026-07-01 10:10:00+00:00,6631,6632,6631,6632,1
2026-07-01 10:20:00+00:00,6632,6632,6605,6616,14
2026-07-01 10:35:00+00:00,6616,6616,6608,6608,1
2026-07-01 10:40:00+00:00,6608,6623,6608,6623,3
2026-07-01 10:50:00+00:00,6623,6623,6619,6619,1
2026-07-01 11:05:00+00:00,6619,6629,6619,6629,1
2026-07-01 11:10:00+00:00,6629,6644,6629,6644,2
2026-07-01 11:15:00+00:00,6644,6644,6644,6644,1
2026-07-01 11:25:00+00:00,6644,6644,6643,6643,1
2026-07-01 11:30:00+00:00,6643,6644,6643,6644,1
2026-07-01 11:45:00+00:00,6644,6645,6627,6645,3
2026-07-01 11:55:00+00:00,6645,6645,6640,6640,1
2026-07-01 12:05:00+00:00,6640,6640,6637,6637,1
2026-07-01 12:10:00+00:00,6637,6637,6627,6627,1
2026-07-01 12:15:00+00:00,6627,6627,6624,6624,14
2026-07-01 12:20:00+00:00,6624,6638,6622,6622,2
2026-07-01 12:25:00+00:00,6622,6622,6610,6610,3
2026-07-01 12:40:00+00:00,6610,6612,6610,6612,1
2026-07-01 12:45:00+00:00,6612,6612,6610,6610,2
2026-07-01 13:00:00+00:00,6610,6635,6610,6635,2
2026-07-01 13:05:00+00:00,6635,6640,6635,6640,1
2026-07-01 13:50:00+00:00,6640,6640,6630,6630,1
2026-07-01 14:40:00+00:00,6630,6630,6600,6600,2
2026-07-01 14:45:00+00:00,6600,6611,6584,6584,11
2026-07-01 14:50:00+00:00,6584,6588,6580,6588,12
2026-07-01 14:55:00+00:00,6588,6588,6569,6575,10
2026-07-01 15:00:00+00:00,6575,6580,6563,6580,8
2026-07-01 15:05:00+00:00,6580,6585,6580,6584,4
2026-07-01 15:10:00+00:00,6584,6590,6584,6590,1
2026-07-01 15:20:00+00:00,6590,6590,6580,6580,1
2026-07-01 15:25:00+00:00,6580,6580,6566,6566,7
2026-07-01 15:30:00+00:00,6563,6582,6563,6563,25
2026-07-01 15:40:00+00:00,6563,6580,6563,6580,2
2026-07-01 15:45:00+00:00,6580,6580,6580,6580,2
2026-07-01 15:50:00+00:00,6580,6580,6570,6570,1
2026-07-01 15:55:00+00:00,6570,6570,6566,6566,1
2026-07-01 16:00:00+00:00,6566,6566,6562,6562,9
2026-07-01 16:15:00+00:00,6562,6580,6562,6567,7
2026-07-01 16:30:00+00:00,6567,6574,6567,6574,1
2026-07-01 16:35:00+00:00,6574,6581,6574,6581,2
2026-07-01 17:00:00+00:00,6581,6581,6571,6571,1
2026-07-01 17:05:00+00:00,6571,6585,6571,6585,2
2026-07-01 17:20:00+00:00,6585,6588,6585,6588,1
2026-07-01 17:30:00+00:00,6588,6588,6588,6588,1
2026-07-01 17:40:00+00:00,6588,6590,6588,6590,2
2026-07-01 17:45:00+00:00,6590,6590,6583,6583,1
2026-07-01 17:50:00+00:00,6581,6584,6580,6584,3
2026-07-02 03:30:00+00:00,6525,6525,6524,6525,2
2026-07-02 03:35:00+00:00,6525,6527,6468,6523,49
2026-07-02 03:40:00+00:00,6523,6523,6521,6521,1
2026-07-02 03:45:00+00:00,6521,6522,6517,6522,4
2026-07-02 03:50:00+00:00,6522,6522,6522,6522,1
2026-07-02 03:55:00+00:00,6522,6522,6522,6522,9
2026-07-02 04:00:00+00:00,6522,6524,6522,6524,5
2026-07-02 04:05:00+00:00,6524,6524,6524,6524,1
2026-07-02 04:15:00+00:00,6524,6524,6524,6524,2
2026-07-02 04:20:00+00:00,6524,6531,6524,6531,2
2026-07-02 04:30:00+00:00,6531,6538,6531,6538,3
2026-07-02 04:40:00+00:00,6538,6542,6538,6542,1
2026-07-02 04:45:00+00:00,6542,6542,6542,6542,1
2026-07-02 05:10:00+00:00,6535,6535,6529,6529,2
2026-07-02 05:20:00+00:00,6529,6529,6520,6520,78
2026-07-02 05:25:00+00:00,6520,6520,6520,6520,4
2026-07-02 05:30:00+00:00,6520,6520,6520,6520,4
2026-07-02 05:35:00+00:00,6520,6531,6517,6517,3
2026-07-02 05:45:00+00:00,6517,6522,6517,6522,1
2026-07-02 06:00:00+00:00,6537,6537,6537,6537,1
2026-07-02 06:05:00+00:00,6537,6537,6519,6523,18
2026-07-02 06:10:00+00:00,6523,6523,6519,6519,2
2026-07-02 06:20:00+00:00,6519,6542,6519,6542,3
2026-07-02 06:25:00+00:00,6542,6549,6542,6549,4
2026-07-02 06:35:00+00:00,6549,6549,6531,6531,1
2026-07-02 06:50:00+00:00,6531,6531,6519,6519,3
2026-07-02 06:55:00+00:00,6519,6519,6519,6519,1
2026-07-02 07:05:00+00:00,6519,6519,6515,6515,3
2026-07-02 07:15:00+00:00,6515,6524,6515,6524,1
2026-07-02 07:25:00+00:00,6524,6550,6524,6550,1
2026-07-02 07:35:00+00:00,6550,6560,6550,6560,1
2026-07-02 07:45:00+00:00,6560,6565,6556,6556,8
2026-07-02 07:55:00+00:00,6556,6556,6537,6537,1
2026-07-02 08:00:00+00:00,6537,6540,6537,6540,1
2026-07-02 08:15:00+00:00,6540,6565,6540,6565,1
2026-07-02 08:20:00+00:00,6565,6565,6560,6560,2
2026-07-02 08:25:00+00:00,6560,6566,6560,6566,8
2026-07-02 08:55:00+00:00,6566,6566,6535,6535,1
2026-07-02 09:10:00+00:00,6535,6535,6535,6535,1
2026-07-02 09:20:00+00:00,6535,6535,6525,6525,1
2026-07-02 09:35:00+00:00,6525,6525,6513,6513,7
2026-07-02 09:45:00+00:00,6513,6527,6513,6527,1
2026-07-02 10:05:00+00:00,6527,6532,6527,6532,2
2026-07-02 10:10:00+00:00,6532,6534,6532,6534,1
2026-07-02 10:15:00+00:00,6534,6534,6534,6534,1
2026-07-02 10:20:00+00:00,6534,6543,6534,6536,2
2026-07-02 10:30:00+00:00,6536,6546,6536,6546,1
2026-07-02 10:35:00+00:00,6546,6546,6545,6545,1
2026-07-02 11:00:00+00:00,6545,6545,6533,6533,3
2026-07-02 11:20:00+00:00,6533,6533,6525,6525,1
2026-07-02 11:25:00+00:00,6525,6525,6511,6511,4
2026-07-02 11:30:00+00:00,6511,6513,6504,6504,9
2026-07-02 11:35:00+00:00,6504,6521,6503,6521,3
2026-07-02 11:40:00+00:00,6521,6521,6520,6520,1
2026-07-02 12:15:00+00:00,6520,6520,6510,6510,2
2026-07-02 12:35:00+00:00,6510,6517,6510,6517,1
2026-07-02 12:45:00+00:00,6517,6517,6512,6512,1
2026-07-02 12:50:00+00:00,6512,6530,6512,6530,1
2026-07-02 12:55:00+00:00,6530,6542,6530,6542,1
2026-07-02 13:00:00+00:00,6542,6542,6537,6537,1
2026-07-02 13:05:00+00:00,6537,6546,6537,6546,2
2026-07-02 13:20:00+00:00,6546,6546,6540,6540,1
2026-07-02 13:25:00+00:00,6540,6540,6532,6532,1
2026-07-02 13:30:00+00:00,6532,6545,6532,6545,2
2026-07-02 13:40:00+00:00,6545,6545,6545,6545,1
2026-07-02 13:45:00+00:00,6545,6560,6545,6560,6
2026-07-02 13:50:00+00:00,6560,6560,6545,6547,3
2026-07-02 13:55:00+00:00,6547,6547,6538,6542,2
2026-07-02 14:10:00+00:00,6542,6542,6530,6530,1
2026-07-02 14:20:00+00:00,6530,6530,6521,6521,3
2026-07-02 14:45:00+00:00,6521,6545,6521,6545,2
2026-07-02 15:05:00+00:00,6545,6545,6530,6530,1
2026-07-02 15:10:00+00:00,6530,6530,6521,6521,1
2026-07-02 15:15:00+00:00,6521,6547,6521,6547,2
2026-07-02 15:25:00+00:00,6547,6547,6540,6542,2
2026-07-02 15:40:00+00:00,6542,6542,6526,6526,1
2026-07-02 15:45:00+00:00,6526,6526,6525,6525,2
2026-07-02 15:55:00+00:00,6525,6533,6525,6533,2
2026-07-02 16:05:00+00:00,6533,6550,6533,6550,2
2026-07-02 16:10:00+00:00,6550,6562,6550,6556,8
2026-07-02 16:15:00+00:00,6556,6566,6556,6566,1
2026-07-02 16:20:00+00:00,6566,6566,6557,6563,6
2026-07-02 16:30:00+00:00,6563,6563,6558,6558,1
2026-07-02 16:40:00+00:00,6558,6558,6548,6548,1
2026-07-02 16:45:00+00:00,6548,6563,6548,6563,3
2026-07-02 16:50:00+00:00,6563,6573,6563,6573,3
2026-07-02 16:55:00+00:00,6573,6573,6557,6557,1
2026-07-02 17:05:00+00:00,6557,6573,6557,6573,2
2026-07-02 17:10:00+00:00,6573,6573,6573,6573,2
2026-07-02 17:15:00+00:00,6573,6573,6571,6571,2
2026-07-02 17:20:00+00:00,6571,6571,6570,6570,1
2026-07-02 17:25:00+00:00,6570,6579,6570,6577,4
2026-07-02 17:30:00+00:00,6577,6583,6577,6580,4
2026-07-02 17:35:00+00:00,6580,6589,6580,6589,1
2026-07-02 17:40:00+00:00,6589,6591,6578,6591,6
2026-07-02 17:45:00+00:00,6591,6591,6588,6588,1
2026-07-02 17:50:00+00:00,6588,6590,6585,6587,6
2026-07-02 17:55:00+00:00,6587,6595,6587,6591,3
2026-07-03 03:30:00+00:00,6636,6645,6635,6642,7
2026-07-03 03:35:00+00:00,6642,6651,6642,6650,10
2026-07-03 03:40:00+00:00,6650,6650,6643,6645,3
2026-07-03 03:45:00+00:00,6645,6647,6645,6647,1
2026-07-03 03:50:00+00:00,6647,6647,6644,6644,2
2026-07-03 04:00:00+00:00,6644,6644,6642,6642,1
2026-07-03 04:05:00+00:00,6642,6655,6642,6650,3
2026-07-03 04:10:00+00:00,6650,6655,6650,6655,1
2026-07-03 04:20:00+00:00,6655,6655,6646,6646,1
2026-07-03 04:25:00+00:00,6646,6652,6646,6652,1
2026-07-03 04:40:00+00:00,6652,6657,6652,6657,3
2026-07-03 05:15:00+00:00,6657,6657,6657,6657,2
2026-07-03 05:20:00+00:00,6657,6658,6657,6658,1
2026-07-03 05:25:00+00:00,6658,6659,6658,6659,1
2026-07-03 05:40:00+00:00,6659,6667,6659,6667,4
2026-07-03 05:45:00+00:00,6667,6667,6665,6665,1
2026-07-03 05:50:00+00:00,6665,6670,6665,6670,5
2026-07-03 06:00:00+00:00,6670,6678,6670,6678,3
2026-07-03 06:05:00+00:00,6678,6678,6668,6668,5
2026-07-03 06:10:00+00:00,6668,6668,6654,6654,3
2026-07-03 06:20:00+00:00,6654,6654,6647,6647,1
2026-07-03 06:25:00+00:00,6647,6647,6645,6645,3
2026-07-03 06:30:00+00:00,6645,6650,6645,6650,1
2026-07-03 06:35:00+00:00,6650,6650,6642,6650,3
2026-07-03 07:05:00+00:00,6650,6650,6641,6641,1
2026-07-03 07:10:00+00:00,6641,6641,6621,6621,6
2026-07-03 07:15:00+00:00,6621,6632,6621,6632,1
2026-07-03 07:45:00+00:00,6632,6632,6614,6614,1
2026-07-03 07:50:00+00:00,6614,6614,6607,6607,1
2026-07-03 08:00:00+00:00,6607,6614,6607,6614,3
2026-07-03 08:25:00+00:00,6614,6614,6590,6590,3
2026-07-03 08:45:00+00:00,6629,6629,6629,6629,1
2026-07-03 08:50:00+00:00,6629,6629,6627,6627,1
2026-07-03 08:55:00+00:00,6627,6631,6627,6631,2
2026-07-03 09:00:00+00:00,6631,6634,6631,6634,3
2026-07-03 09:15:00+00:00,6634,6637,6634,6637,2
2026-07-03 10:00:00+00:00,6637,6637,6630,6630,1
2026-07-03 10:35:00+00:00,6630,6630,6597,6597,1
2026-07-03 10:40:00+00:00,6597,6625,6597,6625,5
2026-07-03 10:50:00+00:00,6625,6625,6622,6622,1
2026-07-03 10:55:00+00:00,6622,6622,6615,6615,4
2026-07-03 11:10:00+00:00,6615,6615,6615,6615,1
2026-07-03 11:15:00+00:00,6615,6615,6610,6610,2
2026-07-03 11:30:00+00:00,6610,6610,6600,6600,6
2026-07-03 11:40:00+00:00,6600,6600,6600,6600,1
2026-07-03 11:45:00+00:00,6600,6600,6595,6595,3
2026-07-03 11:50:00+00:00,6595,6599,6595,6599,2
2026-07-03 12:00:00+00:00,6599,6599,6586,6586,11
2026-07-03 12:05:00+00:00,6586,6586,6582,6582,1
2026-07-03 12:10:00+00:00,6582,6582,6575,6575,2
2026-07-03 12:20:00+00:00,6575,6592,6575,6592,1
2026-07-03 12:30:00+00:00,6592,6592,6575,6575,1
2026-07-03 12:40:00+00:00,6575,6575,6574,6574,1
2026-07-03 12:45:00+00:00,6574,6576,6574,6576,1
2026-07-03 12:50:00+00:00,6576,6578,6576,6577,12
2026-07-03 13:30:00+00:00,6577,6624,6577,6624,3
2026-07-03 13:40:00+00:00,6624,6624,6613,6613,5
2026-07-03 14:00:00+00:00,6620,6620,6620,6620,1
2026-07-03 14:15:00+00:00,6620,6620,6614,6614,1
2026-07-03 14:20:00+00:00,6614,6614,6606,6606,1
2026-07-03 15:05:00+00:00,6606,6610,6606,6610,1
2026-07-03 15:15:00+00:00,6610,6610,6603,6603,2
2026-07-03 15:35:00+00:00,6603,6620,6603,6620,1
2026-07-03 15:40:00+00:00,6620,6620,6613,6613,2
2026-07-03 15:55:00+00:00,6613,6621,6613,6621,1
2026-07-03 16:15:00+00:00,6621,6621,6613,6613,1
2026-07-03 16:30:00+00:00,6613,6613,6610,6610,1
2026-07-03 16:40:00+00:00,6610,6610,6605,6605,1
2026-07-03 16:45:00+00:00,6605,6615,6605,6615,1
2026-07-03 17:15:00+00:00,6615,6615,6614,6614,1
2026-07-03 17:30:00+00:00,6614,6614,6614,6614,1
2026-07-03 17:40:00+00:00,6614,6615,6613,6615,5
2026-07-03 17:45:00+00:00,6615,6626,6612,6626,4
2026-07-03 17:50:00+00:00,6626,6632,6618,6632,4
2026-07-03 17:55:00+00:00,6621,6621,6620,6620,4
2026-07-06 03:30:00+00:00,6590,6604,6589,6601,3
2026-07-06 03:40:00+00:00,6601,6601,6584,6586,4
2026-07-06 03:50:00+00:00,6586,6593,6586,6593,3
2026-07-06 04:00:00+00:00,6593,6600,6593,6600,2
2026-07-06 04:05:00+00:00,6600,6605,6600,6605,1
2026-07-06 04:10:00+00:00,6605,6606,6598,6598,3
2026-07-06 04:30:00+00:00,6598,6602,6598,6602,1
2026-07-06 04:40:00+00:00,6602,6611,6602,6611,1
2026-07-06 05:10:00+00:00,6611,6623,6611,6623,1
2026-07-06 05:15:00+00:00,6623,6626,6623,6626,1
2026-07-06 05:20:00+00:00,6626,6626,6626,6626,3
2026-07-06 05:40:00+00:00,6626,6626,6625,6625,1
2026-07-06 05:50:00+00:00,6625,6632,6625,6632,1
2026-07-06 05:55:00+00:00,6632,6632,6631,6631,3
2026-07-06 06:00:00+00:00,6631,6647,6631,6647,3
2026-07-06 06:05:00+00:00,6650,6650,6650,6650,1
2026-07-06 06:10:00+00:00,6650,6665,6650,6665,2
2026-07-06 06:15:00+00:00,6665,6665,6658,6665,12
2026-07-06 06:45:00+00:00,6665,6665,6630,6630,1
2026-07-06 07:00:00+00:00,6630,6630,6620,6620,1
2026-07-06 07:05:00+00:00,6620,6620,6601,6601,3
2026-07-06 07:25:00+00:00,6601,6616,6601,6616,1
2026-07-06 07:35:00+00:00,6616,6616,6600,6600,2
2026-07-06 07:40:00+00:00,6600,6600,6581,6581,12
2026-07-06 07:45:00+00:00,6581,6590,6577,6577,10
2026-07-06 07:50:00+00:00,6577,6577,6556,6556,20
2026-07-06 08:00:00+00:00,6556,6575,6556,6570,7
2026-07-06 08:05:00+00:00,6570,6588,6570,6588,1
2026-07-06 08:10:00+00:00,6588,6590,6588,6590,1
2026-07-06 08:40:00+00:00,6590,6605,6590,6605,1
2026-07-06 08:50:00+00:00,6605,6611,6605,6611,1
2026-07-06 08:55:00+00:00,6611,6611,6595,6595,1
2026-07-06 09:05:00+00:00,6595,6610,6595,6610,4
2026-07-06 09:15:00+00:00,6610,6610,6610,6610,1
2026-07-06 09:20:00+00:00,6610,6610,6600,6600,2
2026-07-06 09:40:00+00:00,6600,6600,6590,6590,1
2026-07-06 10:50:00+00:00,6590,6610,6590,6610,3
2026-07-06 10:55:00+00:00,6610,6620,6610,6614,2
2026-07-06 11:00:00+00:00,6614,6627,6614,6627,2
2026-07-06 11:05:00+00:00,6627,6632,6627,6632,2
2026-07-06 11:15:00+00:00,6632,6632,6623,6628,9
2026-07-06 11:20:00+00:00,6628,6628,6628,6628,7
2026-07-06 11:55:00+00:00,6628,6628,6626,6626,1
2026-07-06 12:05:00+00:00,6626,6626,6620,6620,1
2026-07-06 12:20:00+00:00,6620,6620,6599,6599,2
2026-07-06 12:25:00+00:00,6599,6599,6597,6597,1
2026-07-06 13:05:00+00:00,6597,6597,6590,6590,1
2026-07-06 13:10:00+00:00,6590,6612,6590,6612,1
2026-07-06 13:15:00+00:00,6612,6625,6612,6625,1
2026-07-06 13:20:00+00:00,6625,6630,6625,6630,2
2026-07-06 13:25:00+00:00,6630,6640,6630,6640,6
2026-07-06 13:30:00+00:00,6640,6645,6640,6641,12
2026-07-06 13:35:00+00:00,6641,6641,6621,6621,1
2026-07-06 13:40:00+00:00,6621,6632,6621,6632,12
2026-07-06 13:50:00+00:00,6632,6632,6624,6624,2
2026-07-06 13:55:00+00:00,6624,6633,6624,6633,3
2026-07-06 14:05:00+00:00,6633,6646,6633,6646,16
2026-07-06 14:10:00+00:00,6646,6646,6638,6638,5
2026-07-06 14:20:00+00:00,6638,6638,6630,6630,1
2026-07-06 14:25:00+00:00,6630,6651,6630,6651,6
2026-07-06 14:30:00+00:00,6651,6660,6650,6650,2
2026-07-06 14:35:00+00:00,6650,6662,6650,6662,1
2026-07-06 14:45:00+00:00,6662,6662,6653,6653,1
2026-07-06 15:05:00+00:00,6653,6653,6625,6625,3
2026-07-06 15:10:00+00:00,6625,6638,6625,6638,1
2026-07-06 15:30:00+00:00,6638,6650,6638,6650,2
2026-07-06 16:15:00+00:00,6650,6650,6634,6634,1
2026-07-06 16:30:00+00:00,6634,6634,6600,6602,6
2026-07-06 16:35:00+00:00,6602,6602,6602,6602,2
2026-07-06 16:40:00+00:00,6602,6602,6602,6602,1
2026-07-06 16:45:00+00:00,6602,6607,6602,6607,1
2026-07-06 16:50:00+00:00,6607,6607,6600,6600,3
2026-07-06 17:10:00+00:00,6600,6600,6600,6600,2
2026-07-06 17:15:00+00:00,6600,6610,6600,6609,2
2026-07-06 17:50:00+00:00,6618,6622,6618,6622,2
2026-07-06 17:55:00+00:00,6622,6622,6622,6622,2
2026-07-07 03:30:00+00:00,6645,6655,6637,6648,6
2026-07-07 03:35:00+00:00,6648,6648,6645,6645,1
2026-07-07 03:40:00+00:00,6645,6645,6645,6645,5
2026-07-07 05:05:00+00:00,6645,6652,6645,6652,2
2026-07-07 05:15:00+00:00,6652,6663,6652,6663,10
2026-07-07 05:20:00+00:00,6663,6663,6663,6663,1
2026-07-07 05:25:00+00:00,6663,6663,6663,6663,1
2026-07-07 05:30:00+00:00,6663,6665,6663,6665,1
2026-07-07 05:35:00+00:00,6665,6665,6665,6665,2
2026-07-07 05:40:00+00:00,6665,6666,6660,6660,3
2026-07-07 05:45:00+00:00,6660,6660,6660,6660,3
2026-07-07 05:50:00+00:00,6660,6676,6660,6676,6
2026-07-07 05:55:00+00:00,6676,6684,6676,6681,4
2026-07-07 06:00:00+00:00,6681,6681,6676,6681,5
2026-07-07 06:15:00+00:00,6681,6681,6666,6666,3
2026-07-07 06:30:00+00:00,6666,6669,6666,6669,3
2026-07-07 06:35:00+00:00,6669,6670,6668,6670,3
2026-07-07 06:40:00+00:00,6670,6670,6669,6669,1
2026-07-07 06:45:00+00:00,6669,6684,6669,6684,1
2026-07-07 06:50:00+00:00,6684,6684,6684,6684,3
2026-07-07 06:55:00+00:00,6684,6684,6684,6684,1
2026-07-07 07:00:00+00:00,6684,6690,6684,6690,4
2026-07-07 07:10:00+00:00,6690,6690,6678,6678,4
2026-07-07 07:30:00+00:00,6678,6693,6678,6693,6
2026-07-07 07:40:00+00:00,6693,6693,6670,6672,2
2026-07-07 07:50:00+00:00,6672,6684,6672,6684,1
2026-07-07 08:15:00+00:00,6684,6684,6660,6660,2
2026-07-07 08:25:00+00:00,6660,6660,6648,6648,4
2026-07-07 08:30:00+00:00,6648,6651,6640,6651,5
2026-07-07 08:45:00+00:00,6651,6671,6651,6671,1
2026-07-07 09:05:00+00:00,6671,6680,6671,6680,4
2026-07-07 09:15:00+00:00,6680,6680,6665,6665,2
2026-07-07 09:25:00+00:00,6665,6665,6645,6645,2
2026-07-07 09:40:00+00:00,6645,6645,6640,6640,1
2026-07-07 09:45:00+00:00,6640,6642,6640,6642,2
2026-07-07 10:10:00+00:00,6642,6642,6634,6640,3
2026-07-07 10:45:00+00:00,6640,6650,6640,6650,1
2026-07-07 11:00:00+00:00,6650,6660,6650,6660,1
2026-07-07 11:15:00+00:00,6660,6660,6641,6641,3
2026-07-07 11:20:00+00:00,6641,6646,6637,6646,9
2026-07-07 11:25:00+00:00,6646,6646,6623,6623,27
2026-07-07 11:30:00+00:00,6625,6625,6616,6616,10
2026-07-07 11:35:00+00:00,6616,6617,6616,6617,1
2026-07-07 11:50:00+00:00,6617,6637,6617,6637,1
2026-07-07 12:05:00+00:00,6637,6637,6615,6615,3
2026-07-07 12:20:00+00:00,6615,6625,6615,6625,1
2026-07-07 12:40:00+00:00,6625,6642,6625,6642,2
2026-07-07 13:00:00+00:00,6642,6642,6642,6642,2
2026-07-07 13:10:00+00:00,6642,6645,6642,6645,1
2026-07-07 13:20:00+00:00,6645,6673,6645,6673,8
2026-07-07 13:30:00+00:00,6673,6673,6666,6668,3
2026-07-07 13:40:00+00:00,6668,6670,6660,6669,5
2026-07-07 13:45:00+00:00,6669,6678,6669,6678,6
2026-07-07 13:55:00+00:00,6678,6693,6673,6693,13
2026-07-07 14:00:00+00:00,6693,6709,6693,6709,26
2026-07-07 14:05:00+00:00,6709,6724,6709,6724,7
2026-07-07 14:10:00+00:00,6724,6726,6724,6726,1
2026-07-07 14:25:00+00:00,6726,6726,6706,6710,2
2026-07-07 14:30:00+00:00,6710,6717,6708,6708,2
2026-07-07 14:35:00+00:00,6708,6711,6705,6705,2
2026-07-07 14:55:00+00:00,6705,6705,6700,6700,5
2026-07-07 15:00:00+00:00,6700,6709,6696,6696,7
2026-07-07 15:10:00+00:00,6696,6720,6696,6720,24
2026-07-07 15:20:00+00:00,6720,6720,6716,6716,17
2026-07-07 15:45:00+00:00,6716,6729,6716,6729,10
2026-07-07 15:50:00+00:00,6729,6730,6723,6723,4
2026-07-07 15:55:00+00:00,6723,6723,6719,6719,3
2026-07-07 16:00:00+00:00,6719,6720,6719,6720,2
2026-07-07 16:05:00+00:00,6720,6725,6717,6725,2
2026-07-07 16:10:00+00:00,6725,6726,6725,6726,1
2026-07-07 16:25:00+00:00,6726,6734,6726,6733,9
2026-07-07 16:30:00+00:00,6733,6733,6728,6728,1
2026-07-07 16:35:00+00:00,6728,6728,6718,6718,2
2026-07-07 16:40:00+00:00,6718,6726,6718,6726,1
2026-07-07 16:45:00+00:00,6726,6728,6722,6722,3
2026-07-07 16:50:00+00:00,6722,6728,6722,6727,7
2026-07-07 16:55:00+00:00,6727,6727,6725,6725,1
2026-07-07 17:05:00+00:00,6725,6735,6723,6733,11
2026-07-07 17:15:00+00:00,6733,6734,6730,6734,4
2026-07-07 17:20:00+00:00,6734,6737,6734,6737,2
2026-07-07 17:25:00+00:00,6737,6737,6737,6737,2
2026-07-07 17:35:00+00:00,6737,6743,6737,6743,2
2026-07-07 17:40:00+00:00,6743,6743,6730,6730,4
2026-07-07 17:50:00+00:00,6720,6729,6720,6729,7
2026-07-07 17:55:00+00:00,6729,6736,6714,6736,2
2026-07-08 03:30:00+00:00,6885,6895,6880,6891,28
2026-07-08 03:35:00+00:00,6891,6899,6890,6890,8
2026-07-08 03:40:00+00:00,6890,6890,6873,6873,9
2026-07-08 03:45:00+00:00,6873,6891,6873,6889,18
2026-07-08 03:50:00+00:00,6889,6889,6880,6880,8
2026-07-08 03:55:00+00:00,6880,6885,6879,6885,4
2026-07-08 04:00:00+00:00,6885,6895,6885,6894,9
2026-07-08 04:05:00+00:00,6894,6904,6894,6901,6
2026-07-08 04:10:00+00:00,6901,6901,6894,6900,11
2026-07-08 04:15:00+00:00,6900,6902,6888,6888,4
2026-07-08 04:20:00+00:00,6888,6888,6888,6888,1
2026-07-08 04:25:00+00:00,6888,6888,6877,6877,1
2026-07-08 04:30:00+00:00,6877,6885,6869,6885,7
2026-07-08 04:35:00+00:00,6885,6886,6884,6886,2
2026-07-08 04:40:00+00:00,6886,6886,6885,6885,1
2026-07-08 04:45:00+00:00,6885,6885,6880,6880,2
2026-07-08 04:50:00+00:00,6880,6880,6879,6879,1
2026-07-08 05:00:00+00:00,6879,6889,6879,6889,2
2026-07-08 05:05:00+00:00,6889,6904,6889,6903,10
2026-07-08 05:10:00+00:00,6903,6909,6892,6907,9
2026-07-08 05:15:00+00:00,6907,6917,6907,6917,2
2026-07-08 05:20:00+00:00,6917,6940,6917,6940,3
2026-07-08 05:25:00+00:00,6940,6940,6933,6933,3
2026-07-08 05:30:00+00:00,6933,6933,6933,6933,2
2026-07-08 05:35:00+00:00,6933,6933,6924,6924,1
2026-07-08 05:40:00+00:00,6924,6924,6890,6890,2
2026-07-08 05:45:00+00:00,6890,6914,6890,6914,2
2026-07-08 05:55:00+00:00,6914,6923,6914,6923,1
2026-07-08 06:10:00+00:00,6923,6954,6923,6942,11
2026-07-08 06:20:00+00:00,6942,6945,6942,6945,5
2026-07-08 06:25:00+00:00,6945,6945,6925,6926,3
2026-07-08 06:30:00+00:00,6926,6926,6926,6926,1
2026-07-08 06:35:00+00:00,6926,6930,6926,6930,10
2026-07-08 06:40:00+00:00,6930,6940,6930,6940,4
2026-07-08 06:45:00+00:00,6940,6940,6926,6934,13
2026-07-08 06:50:00+00:00,6934,6936,6934,6936,1
2026-07-08 06:55:00+00:00,6936,6938,6926,6926,2
2026-07-08 07:00:00+00:00,6932,6932,6924,6931,31
2026-07-08 07:05:00+00:00,6931,6953,6931,6951,9
2026-07-08 07:10:00+00:00,6951,6951,6925,6926,15
2026-07-08 07:15:00+00:00,6926,6926,6912,6912,24
2026-07-08 07:20:00+00:00,6912,6912,6890,6890,5
2026-07-08 07:25:00+00:00,6890,6890,6885,6885,11
2026-07-08 07:30:00+00:00,6885,6885,6865,6865,25
2026-07-08 07:40:00+00:00,6865,6865,6855,6855,8
2026-07-08 07:50:00+00:00,6855,6860,6855,6860,1
2026-07-08 07:55:00+00:00,6860,6886,6860,6886,4
2026-07-08 08:00:00+00:00,6886,6903,6886,6903,2
2026-07-08 08:05:00+00:00,6903,6903,6903,6903,1
2026-07-08 08:15:00+00:00,6903,7027,6903,7027,39
2026-07-08 08:20:00+00:00,7027,7057,7012,7057,23
2026-07-08 08:25:00+00:00,7057,7076,7039,7052,54
2026-07-08 08:30:00+00:00,7052,7076,7000,7076,37
2026-07-08 08:35:00+00:00,7076,7131,7076,7120,60
2026-07-08 08:40:00+00:00,7120,7131,7112,7128,36
2026-07-08 08:45:00+00:00,7128,7128,7057,7080,32
2026-07-08 08:50:00+00:00,7080,7092,7075,7092,15
2026-07-08 08:55:00+00:00,7092,7120,7092,7120,7
2026-07-08 09:00:00+00:00,7120,7171,7120,7124,89
2026-07-08 09:05:00+00:00,7124,7140,7122,7125,20
2026-07-08 09:10:00+00:00,7125,7150,7125,7150,28
2026-07-08 09:15:00+00:00,7150,7153,7143,7143,21
2026-07-08 09:20:00+00:00,7143,7155,7135,7144,22
2026-07-08 09:25:00+00:00,7144,7175,7120,7163,97
2026-07-08 09:30:00+00:00,7163,7201,7100,7100,39
2026-07-08 09:35:00+00:00,7100,7133,7061,7093,48
2026-07-08 09:40:00+00:00,7093,7095,7086,7095,14
2026-07-08 09:45:00+00:00,7095,7119,7095,7095,7
2026-07-08 09:50:00+00:00,7095,7113,7095,7100,3
2026-07-08 09:55:00+00:00,7100,7139,7100,7130,7
2026-07-08 10:00:00+00:00,7130,7130,7109,7109,17
2026-07-08 10:05:00+00:00,7109,7129,7107,7107,9
2026-07-08 10:10:00+00:00,7107,7116,7097,7116,5
2026-07-08 10:15:00+00:00,7116,7116,7086,7086,4
2026-07-08 10:20:00+00:00,7086,7086,7073,7084,11
2026-07-08 10:25:00+00:00,7084,7091,7084,7091,15
2026-07-08 10:30:00+00:00,7091,7091,7050,7068,30
2026-07-08 10:35:00+00:00,7068,7082,7056,7082,4
2026-07-08 10:40:00+00:00,7082,7082,7059,7059,1
2026-07-08 10:45:00+00:00,7059,7059,7056,7056,2
2026-07-08 10:55:00+00:00,7056,7074,7056,7074,6
2026-07-08 11:00:00+00:00,7074,7080,7056,7056,16
2026-07-08 11:05:00+00:00,7056,7076,7056,7076,3
2026-07-08 11:10:00+00:00,7076,7076,7076,7076,4
2026-07-08 11:20:00+00:00,7076,7076,7076,7076,1
2026-07-08 11:35:00+00:00,7076,7076,7076,7076,1
2026-07-08 11:40:00+00:00,7076,7099,7025,7040,18
2026-07-08 11:45:00+00:00,7040,7040,7040,7040,6
2026-07-08 12:00:00+00:00,7040,7079,7040,7060,5
2026-07-08 12:05:00+00:00,7060,7073,7050,7073,3
2026-07-08 12:15:00+00:00,7073,7073,7020,7021,11
2026-07-08 12:20:00+00:00,7021,7035,7021,7034,2
2026-07-08 12:25:00+00:00,7034,7034,7010,7010,4
2026-07-08 12:30:00+00:00,7010,7020,7008,7018,7
2026-07-08 12:35:00+00:00,7018,7018,6999,6999,6
2026-07-08 12:45:00+00:00,6999,7010,6999,7010,3
2026-07-08 12:50:00+00:00,7010,7011,6996,6996,3
2026-07-08 12:55:00+00:00,6996,7042,6996,7042,11
2026-07-08 13:00:00+00:00,7042,7076,7042,7047,6
2026-07-08 13:05:00+00:00,7047,7067,7045,7045,3
2026-07-08 13:10:00+00:00,7045,7045,7041,7041,2
2026-07-08 13:15:00+00:00,7041,7046,7041,7046,1
2026-07-08 13:25:00+00:00,7046,7059,7046,7059,4
2026-07-08 13:30:00+00:00,7059,7068,7059,7068,2
2026-07-08 13:35:00+00:00,7068,7074,7068,7074,2
2026-07-08 13:40:00+00:00,7074,7074,7037,7037,1
2026-07-08 13:45:00+00:00,7037,7037,7026,7030,6
2026-07-08 13:50:00+00:00,7030,7034,7030,7034,1
2026-07-08 13:55:00+00:00,7034,7045,7034,7045,2
2026-07-08 14:00:00+00:00,7045,7071,7045,7060,4
2026-07-08 14:05:00+00:00,7060,7090,7060,7090,11
2026-07-08 14:10:00+00:00,7090,7100,7079,7100,5
2026-07-08 14:15:00+00:00,7100,7138,7100,7138,12
2026-07-08 14:20:00+00:00,7135,7143,7125,7143,18
2026-07-08 14:25:00+00:00,7143,7170,7142,7170,29
2026-07-08 14:30:00+00:00,7170,7202,7170,7197,60
2026-07-08 14:35:00+00:00,7197,7205,7185,7185,10
2026-07-08 14:40:00+00:00,7185,7185,7169,7175,5
2026-07-08 14:45:00+00:00,7175,7176,7160,7166,9
2026-07-08 14:50:00+00:00,7166,7179,7166,7178,9
2026-07-08 14:55:00+00:00,7180,7186,7179,7179,18
2026-07-08 15:00:00+00:00,7179,7200,7176,7200,36
2026-07-08 15:05:00+00:00,7200,7210,7200,7202,17
2026-07-08 15:10:00+00:00,7202,7212,7200,7200,16
2026-07-08 15:15:00+00:00,7200,7215,7200,7200,15
2026-07-08 15:20:00+00:00,7200,7200,7176,7176,10
2026-07-08 15:30:00+00:00,7176,7219,7176,7219,4
2026-07-08 15:35:00+00:00,7219,7220,7215,7215,3
2026-07-08 15:40:00+00:00,7215,7215,7202,7215,2
2026-07-08 15:45:00+00:00,7215,7242,7215,7226,29
2026-07-08 15:50:00+00:00,7226,7250,7226,7250,3
2026-07-08 15:55:00+00:00,7250,7250,7232,7241,3
2026-07-08 16:00:00+00:00,7241,7241,7215,7219,12
2026-07-08 16:05:00+00:00,7219,7219,7200,7200,2
2026-07-08 16:10:00+00:00,7200,7200,7170,7170,3
2026-07-08 16:15:00+00:00,7170,7211,7170,7196,5
2026-07-08 16:20:00+00:00,7196,7196,7194,7194,1
2026-07-08 16:25:00+00:00,7194,7197,7160,7192,19
2026-07-08 16:30:00+00:00,7192,7192,7151,7178,5
2026-07-08 16:35:00+00:00,7178,7178,7161,7167,20
2026-07-08 16:40:00+00:00,7167,7167,7140,7140,9
2026-07-08 16:45:00+00:00,7140,7161,7138,7151,14
2026-07-08 16:50:00+00:00,7151,7151,7124,7140,28
2026-07-08 16:55:00+00:00,7140,7140,7123,7123,3
2026-07-08 17:00:00+00:00,7123,7138,7118,7118,19
2026-07-08 17:05:00+00:00,7118,7118,7101,7111,20
2026-07-08 17:10:00+00:00,7111,7118,7106,7116,4
2026-07-08 17:15:00+00:00,7116,7116,7091,7091,16
2026-07-08 17:20:00+00:00,7091,7106,7081,7104,21
2026-07-08 17:25:00+00:00,7104,7104,7070,7070,6
2026-07-08 17:30:00+00:00,7070,7079,7059,7059,3
2026-07-08 17:35:00+00:00,7059,7081,7059,7081,4
2026-07-08 17:40:00+00:00,7081,7085,7077,7077,2
2026-07-08 17:45:00+00:00,7077,7077,7077,7077,1
2026-07-08 17:50:00+00:00,7086,7086,7060,7060,9
2026-07-08 17:55:00+00:00,7060,7085,7060,7085,8
2026-07-09 03:30:00+00:00,7245,7245,7092,7105,17
2026-07-09 03:35:00+00:00,7105,7111,7105,7107,4
2026-07-09 03:40:00+00:00,7107,7107,7105,7107,5
2026-07-09 03:45:00+00:00,7107,7107,7104,7107,17
2026-07-09 03:50:00+00:00,7107,7107,7102,7102,3
2026-07-09 03:55:00+00:00,7102,7102,7102,7102,1
2026-07-09 04:00:00+00:00,7102,7107,7102,7107,7
2026-07-09 04:05:00+00:00,7107,7107,7101,7107,6
2026-07-09 04:10:00+00:00,7107,7113,7107,7112,4
2026-07-09 04:15:00+00:00,7112,7115,7109,7109,10
2026-07-09 04:25:00+00:00,7109,7121,7109,7121,5
2026-07-09 04:30:00+00:00,7121,7126,7121,7126,10
2026-07-09 04:35:00+00:00,7116,7116,7109,7109,13
2026-07-09 04:40:00+00:00,7109,7109,7092,7102,14
2026-07-09 04:45:00+00:00,7094,7106,7094,7106,3
2026-07-09 05:10:00+00:00,7106,7106,7080,7080,11
2026-07-09 05:15:00+00:00,7080,7109,7080,7109,12
2026-07-09 05:25:00+00:00,7109,7111,7109,7111,2
2026-07-09 05:30:00+00:00,7111,7111,7089,7089,1
2026-07-09 05:35:00+00:00,7089,7089,7050,7050,6
2026-07-09 05:40:00+00:00,7050,7050,7026,7049,8
2026-07-09 05:45:00+00:00,7049,7049,7015,7015,13
2026-07-09 05:50:00+00:00,7015,7015,6993,6993,9
2026-07-09 05:55:00+00:00,6993,6996,6987,6990,9
2026-07-09 06:00:00+00:00,6990,6999,6990,6993,4
2026-07-09 06:20:00+00:00,6993,7000,6990,6990,7
2026-07-09 06:25:00+00:00,6990,6997,6990,6997,1
2026-07-09 06:30:00+00:00,6997,7005,6997,7005,1
2026-07-09 06:45:00+00:00,7005,7005,6999,6999,7
2026-07-09 06:50:00+00:00,6999,6999,6996,6997,14
2026-07-09 07:00:00+00:00,6997,7003,6990,7003,4
2026-07-09 07:05:00+00:00,7003,7025,7003,7025,1
2026-07-09 07:10:00+00:00,7025,7025,7025,7025,1
2026-07-09 07:15:00+00:00,7025,7025,7025,7025,1
2026-07-09 07:25:00+00:00,7025,7025,6997,6997,3
2026-07-09 07:30:00+00:00,6997,6997,6975,6975,11
2026-07-09 07:35:00+00:00,6975,6975,6962,6972,6
2026-07-09 07:40:00+00:00,6972,6972,6960,6960,3
2026-07-09 07:45:00+00:00,6960,6961,6945,6960,7
2026-07-09 07:50:00+00:00,6960,6960,6959,6959,6
2026-07-09 07:55:00+00:00,6959,6983,6959,6981,4
2026-07-09 08:00:00+00:00,6981,6981,6965,6965,36
2026-07-09 08:05:00+00:00,6965,6967,6945,6945,3
2026-07-09 08:10:00+00:00,6945,6945,6945,6945,1
2026-07-09 08:15:00+00:00,6945,6947,6945,6947,2
2026-07-09 08:20:00+00:00,6947,6947,6941,6941,1
2026-07-09 08:25:00+00:00,6941,6941,6941,6941,2
2026-07-09 08:30:00+00:00,6941,6965,6927,6963,14
2026-07-09 08:35:00+00:00,6963,6987,6963,6987,4
2026-07-09 08:40:00+00:00,6987,6987,6980,6980,1
2026-07-09 08:55:00+00:00,6980,6980,6966,6972,17
2026-07-09 09:10:00+00:00,6972,6979,6972,6979,2
2026-07-09 09:15:00+00:00,6979,6999,6979,6999,1
2026-07-09 09:20:00+00:00,6999,6999,6995,6995,1
2026-07-09 09:25:00+00:00,6995,7000,6995,7000,6
2026-07-09 09:40:00+00:00,7000,7022,7000,7022,1
2026-07-09 09:45:00+00:00,7022,7027,7021,7021,2
2026-07-09 09:50:00+00:00,7021,7021,7021,7021,1
2026-07-09 10:00:00+00:00,7021,7029,7021,7029,1
2026-07-09 10:10:00+00:00,7029,7038,7019,7038,7
2026-07-09 10:25:00+00:00,7038,7050,7038,7050,8
2026-07-09 10:30:00+00:00,7050,7067,7050,7067,5
2026-07-09 10:40:00+00:00,7067,7067,7064,7064,10
2026-07-09 10:45:00+00:00,7064,7077,7064,7077,16
2026-07-09 10:50:00+00:00,7077,7117,7077,7117,9
2026-07-09 10:55:00+00:00,7117,7132,7100,7100,21
2026-07-09 11:00:00+00:00,7100,7100,7080,7080,5
2026-07-09 11:15:00+00:00,7080,7080,7080,7080,4
2026-07-09 11:30:00+00:00,7080,7090,7080,7090,1
2026-07-09 11:35:00+00:00,7090,7090,7077,7077,1
2026-07-09 11:40:00+00:00,7077,7078,7065,7078,4
2026-07-09 11:45:00+00:00,7078,7114,7067,7114,17
2026-07-09 11:50:00+00:00,7114,7114,7072,7072,2
2026-07-09 12:00:00+00:00,7072,7075,7067,7075,5
2026-07-09 12:10:00+00:00,7075,7075,7050,7050,1
2026-07-09 12:20:00+00:00,7050,7050,7050,7050,1
2026-07-09 12:30:00+00:00,7050,7070,7050,7070,2
2026-07-09 12:35:00+00:00,7070,7070,7040,7060,5
2026-07-09 12:45:00+00:00,7060,7070,7060,7070,1
2026-07-09 13:15:00+00:00,7070,7070,6996,7003,9
2026-07-09 13:20:00+00:00,7003,7011,7003,7011,1
2026-07-09 13:25:00+00:00,7011,7016,7008,7010,12
2026-07-09 13:30:00+00:00,7010,7024,6988,6989,13
2026-07-09 13:35:00+00:00,6989,6998,6989,6998,8
2026-07-09 13:40:00+00:00,6998,6999,6976,6980,7
2026-07-09 13:45:00+00:00,6980,6986,6973,6973,15
2026-07-09 13:50:00+00:00,6973,6982,6973,6980,12
2026-07-09 13:55:00+00:00,6980,6980,6960,6960,14
2026-07-09 14:00:00+00:00,6960,6976,6950,6970,7
2026-07-09 14:05:00+00:00,6970,6971,6970,6971,2
2026-07-09 14:15:00+00:00,6971,6971,6960,6960,4
2026-07-09 14:20:00+00:00,6960,6967,6955,6965,5
2026-07-09 14:25:00+00:00,6965,6970,6965,6966,13
2026-07-09 14:30:00+00:00,6966,6966,6950,6950,10
2026-07-09 14:35:00+00:00,6950,6977,6950,6977,3
2026-07-09 14:40:00+00:00,6977,6985,6977,6980,14
2026-07-09 14:45:00+00:00,6980,6980,6970,6980,2
2026-07-09 14:50:00+00:00,6980,6990,6940,6940,5
2026-07-09 14:55:00+00:00,6940,6940,6932,6932,3
2026-07-09 15:00:00+00:00,6932,6939,6932,6935,3
2026-07-09 15:05:00+00:00,6935,6950,6935,6950,3
2026-07-09 15:10:00+00:00,6950,6955,6950,6955,2
2026-07-09 15:15:00+00:00,6955,6955,6934,6940,29
2026-07-09 15:20:00+00:00,6940,6940,6900,6918,41
2026-07-09 15:25:00+00:00,6918,6919,6914,6919,2
2026-07-09 15:30:00+00:00,6919,6930,6919,6930,8
2026-07-09 15:35:00+00:00,6930,6933,6915,6915,3
2026-07-09 15:40:00+00:00,6915,6915,6900,6900,5
2026-07-09 15:45:00+00:00,6900,6910,6877,6910,19
2026-07-09 15:50:00+00:00,6910,6910,6910,6910,1
2026-07-09 15:55:00+00:00,6910,6914,6910,6914,3
2026-07-09 16:05:00+00:00,6914,6914,6901,6901,1
2026-07-09 16:10:00+00:00,6901,6921,6901,6905,6
2026-07-09 16:15:00+00:00,6905,6905,6886,6893,5
2026-07-09 16:20:00+00:00,6893,6901,6893,6901,1
2026-07-09 16:25:00+00:00,6901,6902,6901,6902,3
2026-07-09 16:30:00+00:00,6902,6910,6897,6910,7
2026-07-09 16:45:00+00:00,6910,6910,6906,6906,1
2026-07-09 16:50:00+00:00,6906,6906,6880,6880,10
2026-07-09 16:55:00+00:00,6880,6900,6877,6900,10
2026-07-09 17:05:00+00:00,6900,6900,6900,6900,4
2026-07-09 17:20:00+00:00,6900,6900,6900,6900,1
2026-07-09 17:30:00+00:00,6900,6900,6890,6890,1
2026-07-09 17:35:00+00:00,6890,6890,6869,6878,20
2026-07-09 17:40:00+00:00,6878,6878,6878,6878,1
2026-07-09 17:45:00+00:00,6878,6888,6878,6888,4
2026-07-09 17:50:00+00:00,6880,6901,6873,6880,20
2026-07-09 17:55:00+00:00,6880,6891,6871,6889,22
2026-07-10 03:30:00+00:00,6917,6942,6895,6917,35
2026-07-10 03:35:00+00:00,6917,6932,6917,6931,4
2026-07-10 03:40:00+00:00,6931,6931,6915,6915,6
2026-07-10 03:45:00+00:00,6915,6930,6915,6929,16
2026-07-10 03:50:00+00:00,6929,6939,6929,6939,3
2026-07-10 04:00:00+00:00,6939,6939,6931,6931,3
2026-07-10 04:10:00+00:00,6931,6938,6931,6934,11
2026-07-10 04:15:00+00:00,6934,6940,6934,6940,1
2026-07-10 04:20:00+00:00,6940,6945,6939,6945,2
2026-07-10 04:25:00+00:00,6945,6945,6945,6945,3
2026-07-10 04:40:00+00:00,6945,6945,6922,6922,3
2026-07-10 04:50:00+00:00,6922,6922,6910,6910,1
2026-07-10 04:55:00+00:00,6910,6910,6909,6909,2
2026-07-10 05:00:00+00:00,6909,6930,6909,6930,4
2026-07-10 05:05:00+00:00,6930,6940,6930,6940,1
2026-07-10 05:10:00+00:00,6940,6940,6936,6936,1
2026-07-10 05:15:00+00:00,6936,6939,6936,6938,7
2026-07-10 05:25:00+00:00,6938,6938,6931,6931,4
2026-07-10 05:30:00+00:00,6931,6931,6925,6925,1
2026-07-10 05:45:00+00:00,6925,6933,6925,6933,15
2026-07-10 05:50:00+00:00,6933,6933,6915,6915,1
2026-07-10 05:55:00+00:00,6915,6915,6906,6906,1
2026-07-10 06:00:00+00:00,6906,6906,6900,6900,2
2026-07-10 06:30:00+00:00,6900,6918,6900,6918,4
2026-07-10 06:45:00+00:00,6918,6928,6918,6928,1
2026-07-10 07:00:00+00:00,6928,6928,6901,6901,1
2026-07-10 07:05:00+00:00,6901,6901,6901,6901,2
2026-07-10 07:10:00+00:00,6901,6901,6890,6890,1
2026-07-10 07:15:00+00:00,6890,6890,6865,6865,6
2026-07-10 07:20:00+00:00,6865,6865,6860,6865,4
2026-07-10 07:30:00+00:00,6865,6866,6860,6860,3
2026-07-10 07:35:00+00:00,6860,6860,6848,6848,2
2026-07-10 07:40:00+00:00,6848,6854,6848,6854,2
2026-07-10 07:50:00+00:00,6854,6870,6854,6870,1
2026-07-10 07:55:00+00:00,6870,6885,6870,6885,5
2026-07-10 08:00:00+00:00,6885,6885,6851,6851,1
2026-07-10 08:05:00+00:00,6838,6838,6838,6838,2
2026-07-10 08:10:00+00:00,6838,6838,6838,6838,2
2026-07-10 08:15:00+00:00,6838,6854,6838,6854,5
2026-07-10 08:20:00+00:00,6854,6864,6854,6864,1
2026-07-10 08:25:00+00:00,6864,6875,6863,6875,5
2026-07-10 08:30:00+00:00,6875,6910,6875,6910,5
2026-07-10 08:35:00+00:00,6910,6910,6900,6900,1
2026-07-10 08:40:00+00:00,6900,6922,6896,6896,2
2026-07-10 09:10:00+00:00,6898,6898,6873,6873,2
2026-07-10 09:15:00+00:00,6873,6873,6867,6867,2
2026-07-10 09:35:00+00:00,6867,6887,6867,6887,1
2026-07-10 10:05:00+00:00,6887,6888,6887,6888,3
2026-07-10 10:20:00+00:00,6888,6898,6888,6898,2
2026-07-10 10:25:00+00:00,6898,6905,6898,6905,1
2026-07-10 10:45:00+00:00,6905,6910,6905,6910,2
2026-07-10 10:50:00+00:00,6910,6921,6910,6921,1
2026-07-10 10:55:00+00:00,6921,6924,6921,6923,3
2026-07-10 11:00:00+00:00,6920,6922,6920,6922,2
2026-07-10 11:15:00+00:00,6922,6922,6922,6922,3
2026-07-10 11:20:00+00:00,6922,6922,6922,6922,1
2026-07-10 11:25:00+00:00,6922,6941,6922,6940,4
2026-07-10 11:30:00+00:00,6940,6959,6940,6959,17
2026-07-10 11:35:00+00:00,6959,6959,6946,6946,4
2026-07-10 11:40:00+00:00,6946,6948,6946,6948,1
2026-07-10 11:45:00+00:00,6948,6955,6948,6955,7
2026-07-10 11:50:00+00:00,6955,6960,6955,6960,9
2026-07-10 11:55:00+00:00,6960,6969,6960,6968,6
2026-07-10 12:00:00+00:00,6968,6968,6957,6968,14
2026-07-10 12:05:00+00:00,6965,6965,6965,6965,2
2026-07-10 12:10:00+00:00,6965,6965,6860,6896,56
2026-07-10 12:15:00+00:00,6896,6897,6894,6897,6
2026-07-10 12:20:00+00:00,6897,6910,6897,6910,3
2026-07-10 12:25:00+00:00,6910,6916,6910,6916,1
2026-07-10 12:30:00+00:00,6916,6923,6916,6923,1
2026-07-10 12:35:00+00:00,6923,6925,6923,6925,1
2026-07-10 12:55:00+00:00,6925,6925,6905,6905,1
2026-07-10 13:00:00+00:00,6905,6905,6899,6905,3
2026-07-10 13:20:00+00:00,6905,6911,6905,6911,1
2026-07-10 13:25:00+00:00,6911,6911,6904,6904,1
2026-07-10 13:30:00+00:00,6904,6904,6895,6895,1
2026-07-10 13:35:00+00:00,6895,6895,6890,6890,1
2026-07-10 13:40:00+00:00,6890,6890,6865,6865,5
2026-07-10 13:45:00+00:00,6865,6866,6865,6866,2
2026-07-10 13:50:00+00:00,6866,6879,6856,6871,19
2026-07-10 13:55:00+00:00,6871,6871,6858,6858,6
2026-07-10 14:10:00+00:00,6858,6881,6858,6881,1
2026-07-10 14:15:00+00:00,6881,6881,6881,6881,1
2026-07-10 14:30:00+00:00,6881,6995,6858,6928,98
2026-07-10 14:35:00+00:00,6928,6928,6890,6915,9
2026-07-10 15:00:00+00:00,6915,6915,6868,6868,5
2026-07-10 15:05:00+00:00,6868,6868,6862,6862,2
2026-07-10 15:10:00+00:00,6862,6864,6845,6853,20
2026-07-10 15:15:00+00:00,6853,6853,6843,6845,10
2026-07-10 15:20:00+00:00,6845,6860,6835,6835,46
2026-07-10 15:30:00+00:00,6835,6850,6835,6850,1
2026-07-10 15:35:00+00:00,6850,6850,6829,6850,13
2026-07-10 15:40:00+00:00,6850,6850,6826,6837,2
2026-07-10 15:45:00+00:00,6837,6837,6831,6831,1
2026-07-10 15:50:00+00:00,6831,6831,6811,6814,12
2026-07-10 15:55:00+00:00,6814,6830,6814,6815,10
2026-07-10 16:00:00+00:00,6815,6849,6815,6849,4
2026-07-10 16:05:00+00:00,6849,6856,6849,6852,20
2026-07-10 16:10:00+00:00,6852,6852,6850,6850,1
2026-07-10 16:15:00+00:00,6850,6850,6849,6849,3
2026-07-10 16:25:00+00:00,6849,6849,6841,6841,1
2026-07-10 16:30:00+00:00,6841,6850,6841,6850,1
2026-07-10 16:50:00+00:00,6850,6850,6843,6846,2
2026-07-10 17:05:00+00:00,6846,6846,6846,6846,5
2026-07-10 17:10:00+00:00,6846,6865,6842,6865,8
2026-07-10 17:15:00+00:00,6865,6868,6861,6861,4
2026-07-10 17:25:00+00:00,6861,6861,6852,6852,2
2026-07-10 17:30:00+00:00,6852,6852,6850,6850,3
2026-07-10 17:35:00+00:00,6850,6854,6850,6854,6
2026-07-10 17:45:00+00:00,6854,6864,6854,6856,2
2026-07-10 17:50:00+00:00,6845,6845,6845,6845,6
2026-07-10 17:55:00+00:00,6845,6849,6836,6839,7
2026-07-13 03:30:00+00:00,7120,7137,7116,7124,85
2026-07-13 03:35:00+00:00,7124,7146,7124,7135,51
2026-07-13 03:40:00+00:00,7135,7142,7135,7141,8
2026-07-13 03:45:00+00:00,7141,7141,7129,7135,10
2026-07-13 03:50:00+00:00,7135,7137,7133,7134,8
2026-07-13 03:55:00+00:00,7134,7139,7134,7134,10
2026-07-13 04:00:00+00:00,7134,7145,7134,7138,18
2026-07-13 04:05:00+00:00,7138,7142,7138,7142,1
2026-07-13 04:10:00+00:00,7142,7144,7140,7142,13
2026-07-13 04:15:00+00:00,7142,7146,7140,7145,15
2026-07-13 04:20:00+00:00,7145,7145,7138,7144,12
2026-07-13 04:25:00+00:00,7144,7144,7137,7143,7
2026-07-13 04:30:00+00:00,7143,7146,7141,7146,9
2026-07-13 04:35:00+00:00,7146,7149,7146,7149,5
2026-07-13 04:40:00+00:00,7149,7159,7149,7159,13
2026-07-13 04:45:00+00:00,7159,7159,7158,7159,2
2026-07-13 04:50:00+00:00,7159,7159,7157,7157,3
2026-07-13 04:55:00+00:00,7157,7159,7157,7159,4
2026-07-13 05:00:00+00:00,7156,7160,7155,7160,11
2026-07-13 05:05:00+00:00,7160,7167,7160,7165,5
2026-07-13 05:15:00+00:00,7165,7165,7155,7155,3
2026-07-13 05:20:00+00:00,7155,7157,7147,7157,17
2026-07-13 05:25:00+00:00,7157,7176,7156,7176,18
2026-07-13 05:30:00+00:00,7176,7187,7175,7187,5
2026-07-13 05:35:00+00:00,7187,7187,7180,7180,2
2026-07-13 05:40:00+00:00,7167,7194,7167,7194,7
2026-07-13 05:45:00+00:00,7194,7214,7194,7200,51
2026-07-13 05:50:00+00:00,7200,7200,7189,7193,6
2026-07-13 05:55:00+00:00,7193,7193,7183,7183,4
2026-07-13 06:00:00+00:00,7183,7183,7183,7183,2
2026-07-13 06:05:00+00:00,7183,7183,7178,7180,7
2026-07-13 06:10:00+00:00,7180,7180,7170,7170,1
2026-07-13 06:15:00+00:00,7170,7170,7164,7164,3
2026-07-13 06:20:00+00:00,7164,7164,7152,7152,3
2026-07-13 06:25:00+00:00,7152,7164,7152,7164,7
2026-07-13 06:30:00+00:00,7164,7164,7145,7149,7
2026-07-13 06:35:00+00:00,7149,7153,7149,7153,1
2026-07-13 06:40:00+00:00,7153,7153,7145,7145,1
2026-07-13 06:45:00+00:00,7145,7145,7128,7135,14
2026-07-13 06:50:00+00:00,7135,7144,7135,7142,3
2026-07-13 06:55:00+00:00,7142,7142,7136,7136,1
2026-07-13 07:00:00+00:00,7136,7143,7127,7143,4
2026-07-13 07:05:00+00:00,7143,7148,7143,7148,7
2026-07-13 07:10:00+00:00,7148,7148,7117,7117,13
2026-07-13 07:15:00+00:00,7117,7121,7117,7121,4
2026-07-13 07:20:00+00:00,7121,7133,7121,7131,3
2026-07-13 07:25:00+00:00,7131,7131,7129,7129,2
2026-07-13 07:35:00+00:00,7129,7133,7108,7108,15
2026-07-13 07:40:00+00:00,7102,7104,7088,7104,12
2026-07-13 07:45:00+00:00,7104,7114,7104,7113,2
2026-07-13 07:50:00+00:00,7113,7113,7106,7106,6
2026-07-13 07:55:00+00:00,7106,7120,7106,7120,1
2026-07-13 08:00:00+00:00,7114,7114,7090,7090,10
2026-07-13 08:05:00+00:00,7090,7090,7070,7070,5
2026-07-13 08:10:00+00:00,7070,7075,7057,7066,9
2026-07-13 08:15:00+00:00,7066,7066,7045,7047,11
2026-07-13 08:20:00+00:00,7047,7052,7047,7052,3
2026-07-13 08:25:00+00:00,7052,7068,7040,7042,7
2026-07-13 08:30:00+00:00,7040,7040,7040,7040,28
2026-07-13 08:35:00+00:00,7040,7050,7040,7050,1
2026-07-13 08:45:00+00:00,7050,7050,7031,7031,2
2026-07-13 08:50:00+00:00,7031,7031,7010,7010,9
2026-07-13 08:55:00+00:00,7010,7027,7000,7027,6
2026-07-13 09:00:00+00:00,7027,7027,7020,7020,3
2026-07-13 09:05:00+00:00,7020,7020,7012,7012,4
2026-07-13 09:10:00+00:00,7012,7012,7005,7005,1
2026-07-13 09:15:00+00:00,7005,7007,7000,7007,6
2026-07-13 09:20:00+00:00,7007,7007,7000,7000,1
2026-07-13 09:25:00+00:00,7000,7000,6994,6994,6
2026-07-13 09:30:00+00:00,6994,6998,6990,6997,8
2026-07-13 09:40:00+00:00,6997,7000,6997,7000,3
2026-07-13 09:45:00+00:00,7000,7000,6993,6993,1
2026-07-13 09:50:00+00:00,6993,7003,6993,7003,2
2026-07-13 09:55:00+00:00,7003,7036,7003,7035,4
2026-07-13 10:00:00+00:00,7035,7050,7035,7050,4
2026-07-13 10:05:00+00:00,7050,7056,7046,7046,3
2026-07-13 10:10:00+00:00,7046,7066,7046,7066,5
2026-07-13 10:15:00+00:00,7066,7067,7066,7067,1
2026-07-13 10:20:00+00:00,7067,7070,7065,7070,3
2026-07-13 10:25:00+00:00,7070,7080,7070,7080,2
2026-07-13 10:30:00+00:00,7080,7098,7080,7081,3
2026-07-13 10:45:00+00:00,7081,7123,7081,7098,75
2026-07-13 10:50:00+00:00,7098,7124,7097,7106,15
2026-07-13 10:55:00+00:00,7106,7117,7106,7117,1
2026-07-13 11:00:00+00:00,7117,7117,7108,7108,1
2026-07-13 11:05:00+00:00,7108,7117,7088,7100,31
2026-07-13 11:10:00+00:00,7100,7109,7099,7104,17
2026-07-13 11:15:00+00:00,7104,7112,7103,7112,4
2026-07-13 11:25:00+00:00,7112,7112,7089,7089,2
2026-07-13 11:30:00+00:00,7089,7100,7089,7100,1
2026-07-13 11:35:00+00:00,7100,7112,7100,7112,1
2026-07-13 11:40:00+00:00,7112,7112,7095,7095,3
2026-07-13 11:55:00+00:00,7095,7108,7095,7108,2
2026-07-13 12:10:00+00:00,7108,7120,7092,7113,12
2026-07-13 12:15:00+00:00,7113,7123,7112,7112,3
2026-07-13 12:20:00+00:00,7112,7129,7112,7129,6
2026-07-13 12:25:00+00:00,7129,7129,7120,7120,1
2026-07-13 12:30:00+00:00,7120,7139,7120,7139,4
2026-07-13 12:35:00+00:00,7139,7151,7139,7151,11
2026-07-13 12:40:00+00:00,7151,7151,7143,7151,14
2026-07-13 12:45:00+00:00,7151,7151,7142,7149,3
2026-07-13 12:50:00+00:00,7149,7149,7116,7116,4
2026-07-13 12:55:00+00:00,7116,7116,7099,7099,6
2026-07-13 13:00:00+00:00,7099,7117,7094,7117,5
2026-07-13 13:05:00+00:00,7117,7123,7108,7108,2
2026-07-13 13:10:00+00:00,7108,7108,7107,7107,1
2026-07-13 13:20:00+00:00,7107,7107,7071,7083,4
2026-07-13 13:25:00+00:00,7083,7093,7083,7093,1
2026-07-13 13:30:00+00:00,7093,7100,7093,7100,1
2026-07-13 13:35:00+00:00,7100,7122,7100,7122,7
2026-07-13 13:40:00+00:00,7122,7132,7118,7118,2
2026-07-13 13:50:00+00:00,7118,7118,7114,7114,3
2026-07-13 14:00:00+00:00,7114,7114,7088,7088,5
2026-07-13 14:15:00+00:00,7088,7208,7088,7175,90
2026-07-13 14:20:00+00:00,7175,7215,7170,7170,50
2026-07-13 14:25:00+00:00,7170,7175,7153,7175,8
2026-07-13 14:30:00+00:00,7175,7175,7175,7175,2
2026-07-13 14:35:00+00:00,7175,7185,7175,7185,2
2026-07-13 14:40:00+00:00,7185,7185,7170,7170,5
2026-07-13 14:45:00+00:00,7170,7170,7150,7150,10
2026-07-13 14:50:00+00:00,7150,7170,7148,7170,14
2026-07-13 14:55:00+00:00,7170,7171,7165,7171,3
2026-07-13 15:05:00+00:00,7171,7181,7171,7181,5
2026-07-13 15:10:00+00:00,7181,7200,7181,7190,8
2026-07-13 15:15:00+00:00,7190,7204,7190,7190,3
2026-07-13 15:20:00+00:00,7190,7190,7180,7180,6
2026-07-13 15:25:00+00:00,7180,7180,7173,7173,2
2026-07-13 15:35:00+00:00,7173,7180,7173,7180,2
2026-07-13 15:40:00+00:00,7180,7180,7164,7167,11
2026-07-13 15:45:00+00:00,7167,7178,7167,7178,2
2026-07-13 15:50:00+00:00,7178,7180,7178,7180,1
2026-07-13 15:55:00+00:00,7180,7188,7180,7188,6
2026-07-13 16:00:00+00:00,7188,7202,7188,7201,13
2026-07-13 16:05:00+00:00,7201,7201,7198,7200,5
2026-07-13 16:10:00+00:00,7200,7210,7198,7210,8
2026-07-13 16:15:00+00:00,7210,7217,7209,7216,21
2026-07-13 16:20:00+00:00,7216,7223,7216,7223,15
2026-07-13 16:25:00+00:00,7223,7230,7212,7230,14
2026-07-13 16:30:00+00:00,7230,7237,7221,7231,13
2026-07-13 16:35:00+00:00,7231,7231,7219,7219,2
2026-07-13 16:40:00+00:00,7219,7222,7219,7222,3
2026-07-13 16:45:00+00:00,7222,7244,7222,7244,22
2026-07-13 16:50:00+00:00,7244,7275,7244,7269,28
2026-07-13 16:55:00+00:00,7269,7289,7267,7280,27
2026-07-13 17:00:00+00:00,7280,7280,7260,7260,18
2026-07-13 17:05:00+00:00,7260,7260,7240,7240,3
2026-07-13 17:10:00+00:00,7240,7270,7240,7270,9
2026-07-13 17:15:00+00:00,7270,7290,7270,7275,10
2026-07-13 17:20:00+00:00,7275,7286,7275,7286,7
2026-07-13 17:25:00+00:00,7286,7298,7286,7295,11
2026-07-13 17:30:00+00:00,7295,7310,7295,7310,17
2026-07-13 17:35:00+00:00,7310,7350,7310,7350,32
2026-07-13 17:40:00+00:00,7350,7364,7342,7364,26
2026-07-13 17:45:00+00:00,7364,7375,7359,7375,14
2026-07-13 17:50:00+00:00,7375,7405,7375,7405,60
2026-07-13 17:55:00+00:00,7405,7451,7405,7451,37
2026-07-14 03:30:00+00:00,7500,7666,7500,7616,86
2026-07-14 03:35:00+00:00,7616,7619,7599,7599,26
2026-07-14 03:40:00+00:00,7599,7605,7575,7575,24
2026-07-14 03:45:00+00:00,7575,7592,7571,7587,19
2026-07-14 03:50:00+00:00,7587,7589,7570,7589,14
2026-07-14 03:55:00+00:00,7586,7590,7586,7590,3
2026-07-14 04:00:00+00:00,7590,7590,7555,7582,34
2026-07-14 04:05:00+00:00,7582,7599,7582,7599,5
2026-07-14 04:10:00+00:00,7599,7600,7591,7599,16
2026-07-14 04:15:00+00:00,7599,7599,7587,7587,22
2026-07-14 04:20:00+00:00,7586,7587,7571,7573,72
2026-07-14 04:25:00+00:00,7573,7579,7571,7575,17
2026-07-14 04:30:00+00:00,7575,7594,7575,7594,4
2026-07-14 04:35:00+00:00,7594,7610,7594,7605,25
2026-07-14 04:40:00+00:00,7605,7605,7602,7602,3
2026-07-14 04:45:00+00:00,7602,7604,7599,7604,11
2026-07-14 04:50:00+00:00,7604,7613,7604,7611,8
2026-07-14 04:55:00+00:00,7611,7611,7593,7593,10
2026-07-14 05:00:00+00:00,7593,7611,7593,7611,8
2026-07-14 05:10:00+00:00,7611,7612,7598,7599,8
2026-07-14 05:15:00+00:00,7599,7599,7595,7595,1
2026-07-14 05:25:00+00:00,7595,7602,7595,7598,8
2026-07-14 05:30:00+00:00,7595,7595,7562,7567,22
2026-07-14 05:35:00+00:00,7567,7567,7518,7521,14
2026-07-14 05:40:00+00:00,7521,7533,7424,7513,131
2026-07-14 05:45:00+00:00,7513,7517,7506,7514,14
2026-07-14 05:50:00+00:00,7514,7533,7514,7533,9
2026-07-14 05:55:00+00:00,7533,7543,7533,7543,2
2026-07-14 06:00:00+00:00,7543,7555,7543,7555,3
2026-07-14 06:05:00+00:00,7555,7578,7555,7578,12
2026-07-14 06:10:00+00:00,7578,7579,7560,7571,8
2026-07-14 06:15:00+00:00,7571,7571,7562,7562,1
2026-07-14 06:20:00+00:00,7562,7591,7557,7591,2
2026-07-14 06:25:00+00:00,7591,7618,7591,7618,12
2026-07-14 06:30:00+00:00,7618,7619,7595,7601,6
2026-07-14 06:35:00+00:00,7601,7612,7601,7602,2
2026-07-14 06:40:00+00:00,7602,7609,7602,7604,3
2026-07-14 06:45:00+00:00,7615,7652,7615,7635,43
2026-07-14 06:50:00+00:00,7635,7644,7635,7644,2
2026-07-14 06:55:00+00:00,7644,7648,7627,7648,50
2026-07-14 07:00:00+00:00,7648,7660,7628,7629,27
2026-07-14 07:05:00+00:00,7629,7629,7618,7618,6
2026-07-14 07:10:00+00:00,7618,7628,7618,7620,8
2026-07-14 07:15:00+00:00,7620,7640,7620,7640,4
2026-07-14 07:20:00+00:00,7640,7650,7640,7650,3
2026-07-14 07:25:00+00:00,7650,7650,7630,7630,4
2026-07-14 07:30:00+00:00,7630,7687,7630,7687,18
2026-07-14 07:35:00+00:00,7687,7687,7655,7655,4
2026-07-14 07:40:00+00:00,7655,7675,7655,7672,34
2026-07-14 07:45:00+00:00,7672,7672,7652,7652,6
2026-07-14 07:50:00+00:00,7632,7632,7603,7603,27
2026-07-14 07:55:00+00:00,7603,7642,7603,7640,4
2026-07-14 08:00:00+00:00,7640,7689,7640,7689,9
2026-07-14 08:05:00+00:00,7689,7689,7670,7675,17
2026-07-14 08:10:00+00:00,7675,7679,7644,7644,20
2026-07-14 08:15:00+00:00,7644,7644,7609,7626,4
2026-07-14 08:20:00+00:00,7626,7626,7607,7610,4
2026-07-14 08:25:00+00:00,7610,7639,7602,7639,19
2026-07-14 08:30:00+00:00,7639,7670,7636,7670,23
2026-07-14 08:35:00+00:00,7670,7670,7639,7639,7
2026-07-14 08:40:00+00:00,7639,7651,7639,7651,6
2026-07-14 08:45:00+00:00,7651,7651,7650,7650,1
2026-07-14 08:50:00+00:00,7650,7655,7639,7639,6
2026-07-14 08:55:00+00:00,7639,7678,7634,7678,13
2026-07-14 09:00:00+00:00,7678,7692,7678,7680,27
2026-07-14 09:05:00+00:00,7680,7680,7635,7635,4
2026-07-14 09:10:00+00:00,7635,7635,7602,7602,12
2026-07-14 09:15:00+00:00,7602,7634,7600,7634,13
2026-07-14 09:20:00+00:00,7634,7645,7634,7645,2
2026-07-14 09:25:00+00:00,7645,7645,7640,7640,2
2026-07-14 09:30:00+00:00,7640,7640,7621,7621,1
2026-07-14 09:35:00+00:00,7621,7621,7611,7621,3
2026-07-14 09:40:00+00:00,7621,7621,7612,7620,4
2026-07-14 09:45:00+00:00,7620,7630,7620,7622,5
2026-07-14 09:50:00+00:00,7622,7640,7622,7640,3
2026-07-14 09:55:00+00:00,7640,7650,7638,7650,6
2026-07-14 10:00:00+00:00,7650,7654,7640,7650,11
2026-07-14 10:05:00+00:00,7650,7665,7650,7665,2
2026-07-14 10:10:00+00:00,7665,7670,7655,7655,3
2026-07-14 10:15:00+00:00,7655,7655,7655,7655,6
2026-07-14 10:20:00+00:00,7655,7655,7640,7652,10
2026-07-14 10:25:00+00:00,7652,7675,7648,7656,23
2026-07-14 10:30:00+00:00,7656,7687,7656,7675,13
2026-07-14 10:35:00+00:00,7675,7675,7624,7624,9
2026-07-14 10:40:00+00:00,7624,7650,7624,7637,3
2026-07-14 10:45:00+00:00,7637,7655,7637,7655,2
2026-07-14 10:50:00+00:00,7655,7670,7655,7670,7
2026-07-14 10:55:00+00:00,7670,7670,7667,7667,1
2026-07-14 11:00:00+00:00,7667,7667,7658,7658,4
2026-07-14 11:05:00+00:00,7658,7660,7649,7660,4
2026-07-14 11:10:00+00:00,7660,7660,7621,7621,8
2026-07-14 11:15:00+00:00,7621,7644,7610,7610,12
2026-07-14 11:20:00+00:00,7610,7610,7602,7602,2
2026-07-14 11:25:00+00:00,7602,7610,7602,7606,4
2026-07-14 11:30:00+00:00,7606,7606,7565,7575,22
2026-07-14 11:35:00+00:00,7575,7590,7565,7565,3
2026-07-14 11:40:00+00:00,7565,7593,7565,7580,10
2026-07-14 11:45:00+00:00,7580,7600,7580,7589,3
2026-07-14 11:50:00+00:00,7589,7589,7585,7585,1
2026-07-14 11:55:00+00:00,7585,7585,7561,7562,4
2026-07-14 12:00:00+00:00,7562,7570,7562,7570,1
2026-07-14 12:05:00+00:00,7570,7600,7570,7593,21
2026-07-14 12:10:00+00:00,7593,7598,7593,7596,14
2026-07-14 12:15:00+00:00,7596,7596,7592,7592,1
2026-07-14 12:20:00+00:00,7592,7614,7591,7591,4
2026-07-14 12:25:00+00:00,7591,7591,7585,7585,1
2026-07-14 12:30:00+00:00,7585,7613,7585,7613,3
2026-07-14 12:35:00+00:00,7613,7620,7613,7620,5
2026-07-14 12:40:00+00:00,7620,7635,7620,7621,8
2026-07-14 12:45:00+00:00,7621,7633,7621,7629,17
2026-07-14 12:50:00+00:00,7629,7636,7629,7632,7
2026-07-14 12:55:00+00:00,7632,7632,7614,7627,4
2026-07-14 13:00:00+00:00,7627,7640,7626,7627,17
2026-07-14 13:05:00+00:00,7627,7627,7601,7625,9
2026-07-14 13:10:00+00:00,7625,7625,7603,7603,3
2026-07-14 13:20:00+00:00,7603,7603,7551,7555,30
2026-07-14 13:25:00+00:00,7555,7570,7555,7570,3
2026-07-14 13:30:00+00:00,7570,7605,7570,7605,4
2026-07-14 13:35:00+00:00,7605,7605,7548,7548,9
2026-07-14 13:40:00+00:00,7549,7575,7549,7562,4
2026-07-14 13:45:00+00:00,7562,7584,7546,7584,4
2026-07-14 13:50:00+00:00,7580,7580,7570,7570,10
2026-07-14 14:00:00+00:00,7570,7570,7545,7545,4
2026-07-14 14:05:00+00:00,7545,7546,7530,7530,8
2026-07-14 14:10:00+00:00,7530,7555,7530,7555,6
2026-07-14 14:15:00+00:00,7555,7571,7548,7548,4
2026-07-14 14:20:00+00:00,7548,7548,7538,7538,1
2026-07-14 14:25:00+00:00,7538,7539,7538,7538,7
2026-07-14 14:30:00+00:00,7538,7538,7423,7513,65
2026-07-14 14:35:00+00:00,7513,7518,7499,7507,18
2026-07-14 14:40:00+00:00,7507,7521,7507,7521,2
2026-07-14 14:45:00+00:00,7521,7521,7500,7500,6
2026-07-14 14:50:00+00:00,7500,7500,7468,7468,7
2026-07-14 14:55:00+00:00,7468,7485,7466,7472,5
2026-07-14 15:00:00+00:00,7472,7503,7440,7440,19
2026-07-14 15:05:00+00:00,7440,7447,7400,7408,68
2026-07-14 15:10:00+00:00,7425,7470,7425,7470,7
2026-07-14 15:15:00+00:00,7470,7500,7470,7500,29
2026-07-14 15:20:00+00:00,7500,7510,7486,7500,71
2026-07-14 15:25:00+00:00,7500,7500,7486,7486,5
2026-07-14 15:30:00+00:00,7486,7542,7469,7537,23
2026-07-14 15:35:00+00:00,7537,7544,7533,7544,14
2026-07-14 15:40:00+00:00,7544,7550,7544,7550,2
2026-07-14 15:45:00+00:00,7550,7550,7540,7546,6
2026-07-14 15:50:00+00:00,7546,7568,7546,7557,12
2026-07-14 15:55:00+00:00,7557,7557,7540,7540,5
2026-07-14 16:00:00+00:00,7540,7540,7540,7540,7
2026-07-14 16:05:00+00:00,7540,7540,7526,7526,3
2026-07-14 16:10:00+00:00,7526,7526,7500,7521,10
2026-07-14 16:15:00+00:00,7521,7521,7502,7513,8
2026-07-14 16:20:00+00:00,7513,7541,7499,7541,6
2026-07-14 16:25:00+00:00,7541,7541,7535,7541,3
2026-07-14 16:30:00+00:00,7541,7541,7528,7528,4
2026-07-14 16:35:00+00:00,7528,7528,7520,7520,1
2026-07-14 16:40:00+00:00,7520,7520,7502,7519,4
2026-07-14 16:45:00+00:00,7519,7540,7518,7540,8
2026-07-14 16:50:00+00:00,7540,7540,7528,7528,1
2026-07-14 17:10:00+00:00,7528,7528,7499,7500,59
2026-07-14 17:15:00+00:00,7500,7531,7500,7527,12
2026-07-14 17:25:00+00:00,7527,7527,7518,7518,2
2026-07-14 17:35:00+00:00,7518,7522,7518,7522,1
2026-07-14 17:40:00+00:00,7522,7524,7519,7524,10
2026-07-14 17:45:00+00:00,7524,7527,7497,7497,14
2026-07-14 17:50:00+00:00,7497,7509,7493,7509,17
2026-07-14 17:55:00+00:00,7509,7514,7502,7514,11
2026-07-15 03:30:00+00:00,7597,7621,7587,7605,13
2026-07-15 03:35:00+00:00,7605,7610,7605,7610,9
2026-07-15 03:40:00+00:00,7599,7604,7596,7602,7
2026-07-15 03:45:00+00:00,7602,7602,7582,7582,5
2026-07-15 03:50:00+00:00,7581,7581,7566,7581,10
2026-07-15 03:55:00+00:00,7581,7585,7573,7573,3
2026-07-15 04:00:00+00:00,7573,7591,7573,7587,3
2026-07-15 04:05:00+00:00,7587,7595,7587,7595,1
2026-07-15 04:15:00+00:00,7595,7595,7565,7565,7
2026-07-15 04:20:00+00:00,7565,7579,7565,7579,2
2026-07-15 04:25:00+00:00,7579,7579,7561,7561,1
2026-07-15 04:35:00+00:00,7561,7573,7561,7573,1
2026-07-15 04:40:00+00:00,7573,7574,7560,7574,6
2026-07-15 04:45:00+00:00,7574,7574,7572,7572,4
2026-07-15 04:50:00+00:00,7572,7572,7560,7570,2
2026-07-15 04:55:00+00:00,7570,7575,7562,7575,7
2026-07-15 05:00:00+00:00,7575,7580,7575,7580,3
2026-07-15 05:05:00+00:00,7580,7580,7575,7575,2
2026-07-15 05:10:00+00:00,7575,7583,7575,7580,6
2026-07-15 05:15:00+00:00,7580,7580,7580,7580,4
2026-07-15 05:20:00+00:00,7580,7580,7570,7577,5
2026-07-15 05:30:00+00:00,7577,7577,7577,7577,2
2026-07-15 05:35:00+00:00,7577,7577,7550,7550,2
2026-07-15 05:40:00+00:00,7550,7550,7544,7547,5
2026-07-15 05:45:00+00:00,7547,7581,7547,7581,1
2026-07-15 06:10:00+00:00,7581,7581,7557,7566,14
2026-07-15 06:20:00+00:00,7566,7566,7556,7561,2
2026-07-15 06:25:00+00:00,7561,7571,7561,7571,1
2026-07-15 06:35:00+00:00,7571,7571,7571,7571,2
2026-07-15 06:40:00+00:00,7571,7577,7554,7554,5
2026-07-15 06:45:00+00:00,7554,7554,7553,7553,1
2026-07-15 06:55:00+00:00,7553,7584,7553,7584,1
2026-07-15 07:00:00+00:00,7584,7600,7584,7600,3
2026-07-15 07:05:00+00:00,7600,7600,7595,7595,6
2026-07-15 07:10:00+00:00,7595,7615,7595,7600,8
2026-07-15 07:15:00+00:00,7600,7614,7599,7614,17
2026-07-15 07:25:00+00:00,7614,7625,7614,7625,10
2026-07-15 07:30:00+00:00,7625,7625,7615,7624,2
2026-07-15 07:35:00+00:00,7624,7624,7607,7607,3
2026-07-15 07:40:00+00:00,7607,7625,7606,7625,4
2026-07-15 07:45:00+00:00,7625,7625,7617,7617,2
2026-07-15 07:50:00+00:00,7617,7634,7603,7634,8
2026-07-15 07:55:00+00:00,7634,7634,7630,7633,7
2026-07-15 08:00:00+00:00,7633,7656,7625,7656,22
2026-07-15 08:05:00+00:00,7656,7659,7656,7659,5
2026-07-15 08:10:00+00:00,7659,7661,7650,7650,17
2026-07-15 08:15:00+00:00,7650,7654,7633,7633,4
2026-07-15 08:20:00+00:00,7633,7633,7633,7633,2
2026-07-15 08:25:00+00:00,7633,7633,7572,7572,22
2026-07-15 08:30:00+00:00,7572,7578,7560,7578,15
2026-07-15 08:40:00+00:00,7578,7597,7578,7580,11
2026-07-15 08:45:00+00:00,7580,7580,7572,7572,9
2026-07-15 08:50:00+00:00,7572,7572,7560,7560,4
2026-07-15 08:55:00+00:00,7560,7560,7552,7552,9
2026-07-15 09:00:00+00:00,7552,7566,7545,7566,4
2026-07-15 09:05:00+00:00,7566,7566,7557,7559,3
2026-07-15 09:10:00+00:00,7559,7579,7559,7579,5
2026-07-15 09:15:00+00:00,7579,7579,7563,7563,10
2026-07-15 09:20:00+00:00,7563,7585,7563,7585,1
2026-07-15 09:25:00+00:00,7585,7597,7585,7597,1
2026-07-15 09:35:00+00:00,7597,7597,7590,7596,12
2026-07-15 09:45:00+00:00,7596,7596,7595,7595,1
2026-07-15 09:50:00+00:00,7595,7618,7595,7618,7
2026-07-15 09:55:00+00:00,7618,7618,7617,7617,1
2026-07-15 10:05:00+00:00,7617,7632,7617,7632,23
2026-07-15 10:10:00+00:00,7632,7632,7625,7628,5
2026-07-15 10:15:00+00:00,7628,7628,7608,7608,4
2026-07-15 10:20:00+00:00,7608,7632,7608,7632,10
2026-07-15 10:25:00+00:00,7632,7640,7627,7640,7
2026-07-15 10:30:00+00:00,7640,7640,7624,7624,2
2026-07-15 10:35:00+00:00,7624,7629,7622,7622,2
2026-07-15 10:40:00+00:00,7622,7622,7615,7615,2
2026-07-15 10:55:00+00:00,7615,7615,7615,7615,2
2026-07-15 11:00:00+00:00,7615,7615,7596,7614,8
2026-07-15 11:05:00+00:00,7614,7614,7614,7614,1
2026-07-15 11:10:00+00:00,7614,7622,7614,7622,2
2026-07-15 11:15:00+00:00,7622,7622,7610,7610,2
2026-07-15 11:20:00+00:00,7610,7610,7605,7605,1
2026-07-15 11:25:00+00:00,7605,7616,7605,7616,1
2026-07-15 11:35:00+00:00,7616,7616,7605,7606,10
2026-07-15 11:40:00+00:00,7606,7607,7606,7607,4
2026-07-15 11:45:00+00:00,7607,7607,7605,7606,7
2026-07-15 11:50:00+00:00,7606,7606,7585,7594,5
2026-07-15 11:55:00+00:00,7594,7594,7582,7588,11
2026-07-15 12:00:00+00:00,7588,7596,7588,7596,2
2026-07-15 12:10:00+00:00,7596,7597,7596,7596,2
2026-07-15 12:20:00+00:00,7596,7607,7596,7607,2
2026-07-15 12:25:00+00:00,7607,7607,7606,7606,6
2026-07-15 12:30:00+00:00,7606,7611,7606,7611,1
2026-07-15 12:35:00+00:00,7611,7611,7597,7597,1
2026-07-15 13:05:00+00:00,7597,7612,7595,7612,4
2026-07-15 13:10:00+00:00,7612,7635,7612,7635,16
2026-07-15 13:15:00+00:00,7635,7635,7630,7630,1
2026-07-15 13:25:00+00:00,7630,7653,7630,7653,31
2026-07-15 13:30:00+00:00,7653,7653,7634,7634,4
2026-07-15 13:35:00+00:00,7634,7634,7606,7621,6
2026-07-15 13:40:00+00:00,7621,7626,7617,7618,3
2026-07-15 13:50:00+00:00,7618,7639,7618,7639,2
2026-07-15 13:55:00+00:00,7639,7639,7590,7620,34
2026-07-15 14:00:00+00:00,7620,7620,7613,7613,1
2026-07-15 14:05:00+00:00,7613,7616,7613,7616,1
2026-07-15 14:15:00+00:00,7616,7616,7616,7616,2
2026-07-15 14:20:00+00:00,7616,7616,7596,7596,4
2026-07-15 14:25:00+00:00,7596,7596,7572,7573,12
2026-07-15 14:30:00+00:00,7573,7580,7559,7574,8
2026-07-15 14:35:00+00:00,7574,7574,7560,7560,3
2026-07-15 14:45:00+00:00,7560,7562,7550,7556,12
2026-07-15 14:50:00+00:00,7556,7556,7528,7528,22
2026-07-15 14:55:00+00:00,7528,7530,7518,7525,15
2026-07-15 15:00:00+00:00,7525,7554,7520,7554,4
2026-07-15 15:05:00+00:00,7554,7554,7530,7532,7
2026-07-15 15:10:00+00:00,7532,7549,7532,7549,2
2026-07-15 15:15:00+00:00,7549,7563,7537,7537,10
2026-07-15 15:20:00+00:00,7537,7537,7518,7518,9
2026-07-15 15:25:00+00:00,7518,7518,7506,7506,12
2026-07-15 15:30:00+00:00,7506,7517,7500,7506,8
2026-07-15 15:35:00+00:00,7506,7535,7497,7535,11
2026-07-15 15:40:00+00:00,7535,7543,7526,7526,4
2026-07-15 15:45:00+00:00,7526,7530,7526,7530,1
2026-07-15 16:00:00+00:00,7530,7557,7530,7554,2
2026-07-15 16:10:00+00:00,7554,7564,7554,7564,3
2026-07-15 16:20:00+00:00,7564,7576,7564,7576,2
2026-07-15 16:25:00+00:00,7576,7587,7555,7555,12
2026-07-15 16:30:00+00:00,7555,7581,7555,7581,3
2026-07-15 16:35:00+00:00,7581,7606,7581,7592,38
2026-07-15 16:40:00+00:00,7592,7595,7590,7595,7
2026-07-15 16:45:00+00:00,7595,7595,7549,7589,26
2026-07-15 16:50:00+00:00,7589,7597,7589,7597,2
2026-07-15 16:55:00+00:00,7597,7610,7597,7607,9
2026-07-15 17:00:00+00:00,7607,7607,7575,7575,2
2026-07-15 17:05:00+00:00,7575,7575,7557,7557,2
2026-07-15 17:10:00+00:00,7557,7570,7557,7567,12
2026-07-15 17:15:00+00:00,7567,7581,7567,7568,10
2026-07-15 17:20:00+00:00,7568,7568,7562,7562,1
2026-07-15 17:25:00+00:00,7562,7572,7556,7556,9
2026-07-15 17:30:00+00:00,7556,7560,7540,7548,9
2026-07-15 17:35:00+00:00,7548,7563,7548,7563,12
2026-07-15 17:40:00+00:00,7563,7563,7563,7563,1
2026-07-15 17:45:00+00:00,7563,7563,7550,7550,3
2026-07-15 17:50:00+00:00,7555,7555,7555,7555,7
2026-07-15 17:55:00+00:00,7555,7560,7555,7560,8
2026-07-16 03:30:00+00:00,7597,7621,7559,7565,12
2026-07-16 03:35:00+00:00,7565,7579,7565,7579,7
2026-07-16 03:40:00+00:00,7579,7586,7573,7573,3
2026-07-16 03:45:00+00:00,7573,7585,7573,7585,2
2026-07-16 03:50:00+00:00,7585,7590,7585,7590,4
2026-07-16 03:55:00+00:00,7590,7611,7589,7600,11
2026-07-16 04:00:00+00:00,7600,7609,7600,7609,6
2026-07-16 04:05:00+00:00,7609,7609,7595,7596,3
2026-07-16 04:10:00+00:00,7596,7596,7589,7590,2
2026-07-16 04:15:00+00:00,7590,7605,7590,7600,33
2026-07-16 04:20:00+00:00,7600,7600,7594,7600,8
2026-07-16 04:25:00+00:00,7600,7610,7600,7610,5
2026-07-16 04:35:00+00:00,7610,7610,7592,7592,4
2026-07-16 04:40:00+00:00,7592,7593,7579,7579,20
2026-07-16 04:50:00+00:00,7579,7608,7579,7580,25
2026-07-16 04:55:00+00:00,7580,7580,7579,7579,2
2026-07-16 05:00:00+00:00,7579,7581,7579,7581,1
2026-07-16 05:05:00+00:00,7581,7589,7581,7589,4
2026-07-16 05:10:00+00:00,7589,7593,7580,7593,5
2026-07-16 05:20:00+00:00,7593,7604,7590,7590,11
2026-07-16 05:30:00+00:00,7590,7590,7581,7581,4
2026-07-16 05:35:00+00:00,7581,7585,7581,7585,4
2026-07-16 05:40:00+00:00,7585,7591,7585,7591,2
2026-07-16 05:50:00+00:00,7591,7596,7588,7596,4
2026-07-16 06:05:00+00:00,7596,7596,7596,7596,1
2026-07-16 06:10:00+00:00,7596,7608,7596,7596,6
2026-07-16 06:35:00+00:00,7596,7596,7585,7585,1
2026-07-16 06:40:00+00:00,7585,7600,7585,7600,1
2026-07-16 06:45:00+00:00,7600,7609,7585,7585,2
2026-07-16 06:50:00+00:00,7585,7585,7580,7585,7
2026-07-16 06:55:00+00:00,7585,7585,7582,7582,1
2026-07-16 07:00:00+00:00,7582,7607,7582,7607,1
2026-07-16 07:10:00+00:00,7607,7607,7581,7581,1
2026-07-16 07:15:00+00:00,7583,7583,7583,7583,1
2026-07-16 07:20:00+00:00,7583,7587,7583,7587,2
2026-07-16 07:25:00+00:00,7587,7600,7587,7598,7
2026-07-16 07:40:00+00:00,7598,7598,7587,7587,3
2026-07-16 07:50:00+00:00,7587,7587,7585,7585,1
2026-07-16 07:55:00+00:00,7585,7587,7585,7587,2
2026-07-16 08:00:00+00:00,7587,7587,7582,7582,5
2026-07-16 08:10:00+00:00,7582,7595,7582,7595,2
2026-07-16 08:15:00+00:00,7595,7595,7594,7594,1
2026-07-16 08:20:00+00:00,7594,7594,7590,7590,3
2026-07-16 08:35:00+00:00,7590,7598,7590,7598,5
2026-07-16 08:45:00+00:00,7598,7598,7585,7585,1
2026-07-16 08:55:00+00:00,7585,7585,7580,7580,4
2026-07-16 09:00:00+00:00,7580,7580,7571,7571,11
2026-07-16 09:05:00+00:00,7571,7571,7559,7565,5
2026-07-16 09:10:00+00:00,7565,7565,7550,7550,23
2026-07-16 09:15:00+00:00,7550,7551,7550,7551,9
2026-07-16 09:20:00+00:00,7551,7577,7551,7577,1
2026-07-16 09:25:00+00:00,7577,7577,7568,7568,1
2026-07-16 09:30:00+00:00,7568,7574,7568,7574,1
2026-07-16 09:35:00+00:00,7574,7585,7574,7585,9
2026-07-16 09:40:00+00:00,7585,7590,7585,7590,1
2026-07-16 09:45:00+00:00,7590,7596,7590,7596,14
2026-07-16 09:50:00+00:00,7596,7596,7581,7594,4
2026-07-16 09:55:00+00:00,7594,7594,7584,7584,10
2026-07-16 10:05:00+00:00,7585,7596,7585,7596,5
2026-07-16 10:15:00+00:00,7596,7596,7590,7590,1
2026-07-16 10:20:00+00:00,7590,7590,7585,7590,2
2026-07-16 10:30:00+00:00,7590,7593,7590,7593,1
2026-07-16 10:35:00+00:00,7593,7593,7586,7586,2
2026-07-16 10:45:00+00:00,7586,7590,7586,7590,1
2026-07-16 10:50:00+00:00,7590,7593,7590,7593,1
2026-07-16 11:10:00+00:00,7593,7593,7577,7581,3
2026-07-16 11:45:00+00:00,7581,7644,7581,7644,48
2026-07-16 11:50:00+00:00,7630,7630,7611,7626,18
2026-07-16 12:00:00+00:00,7626,7626,7604,7604,1
2026-07-16 12:10:00+00:00,7604,7641,7604,7638,9
2026-07-16 12:15:00+00:00,7638,7650,7636,7650,22
2026-07-16 12:20:00+00:00,7650,7655,7635,7653,21
2026-07-16 12:25:00+00:00,7653,7690,7653,7674,60
2026-07-16 12:30:00+00:00,7674,7695,7652,7679,23
2026-07-16 12:35:00+00:00,7679,7690,7679,7685,3
2026-07-16 12:40:00+00:00,7685,7692,7685,7690,5
2026-07-16 12:45:00+00:00,7690,7690,7674,7674,4
2026-07-16 12:50:00+00:00,7674,7674,7666,7666,4
2026-07-16 12:55:00+00:00,7666,7684,7666,7680,4
2026-07-16 13:00:00+00:00,7674,7704,7674,7693,76
2026-07-16 13:05:00+00:00,7693,7697,7676,7686,14
2026-07-16 13:10:00+00:00,7686,7690,7675,7678,5
2026-07-16 13:15:00+00:00,7678,7681,7678,7681,1
2026-07-16 13:20:00+00:00,7681,7681,7667,7667,4
2026-07-16 13:25:00+00:00,7667,7679,7667,7679,2
2026-07-16 13:30:00+00:00,7679,7679,7641,7659,14
2026-07-16 13:35:00+00:00,7659,7671,7643,7645,5
2026-07-16 13:40:00+00:00,7645,7651,7638,7638,7
2026-07-16 13:45:00+00:00,7638,7659,7637,7637,11
2026-07-16 13:55:00+00:00,7637,7656,7635,7656,5
2026-07-16 14:00:00+00:00,7656,7656,7625,7625,4
2026-07-16 14:05:00+00:00,7625,7635,7624,7632,4
2026-07-16 14:10:00+00:00,7632,7633,7632,7633,1
2026-07-16 14:15:00+00:00,7633,7641,7633,7641,3
2026-07-16 14:20:00+00:00,7641,7654,7637,7654,4
2026-07-16 14:25:00+00:00,7654,7654,7646,7646,2
2026-07-16 14:35:00+00:00,7646,7646,7625,7633,4
2026-07-16 14:40:00+00:00,7633,7639,7628,7628,32
2026-07-16 14:45:00+00:00,7628,7628,7615,7628,15
2026-07-16 14:50:00+00:00,7628,7628,7626,7626,1
2026-07-16 14:55:00+00:00,7626,7626,7605,7613,24
2026-07-16 15:00:00+00:00,7613,7618,7608,7618,8
2026-07-16 15:05:00+00:00,7618,7628,7618,7620,2
2026-07-16 15:10:00+00:00,7620,7620,7620,7620,1
2026-07-16 15:15:00+00:00,7620,7625,7615,7615,4
2026-07-16 15:20:00+00:00,7615,7615,7596,7596,32
2026-07-16 15:25:00+00:00,7596,7603,7590,7600,22
2026-07-16 15:30:00+00:00,7600,7605,7600,7605,2
2026-07-16 15:35:00+00:00,7605,7605,7591,7591,6
2026-07-16 15:40:00+00:00,7591,7591,7576,7582,24
2026-07-16 15:45:00+00:00,7582,7598,7582,7598,4
2026-07-16 15:50:00+00:00,7598,7598,7584,7584,46
2026-07-16 15:55:00+00:00,7584,7584,7583,7583,2
2026-07-16 16:05:00+00:00,7583,7615,7583,7610,5
2026-07-16 16:10:00+00:00,7610,7610,7590,7590,10
2026-07-16 16:15:00+00:00,7590,7601,7590,7601,2
2026-07-16 16:20:00+00:00,7601,7615,7601,7610,3
2026-07-16 16:30:00+00:00,7610,7610,7590,7590,2
2026-07-16 16:35:00+00:00,7590,7601,7590,7601,2
2026-07-16 16:45:00+00:00,7601,7601,7588,7588,12
2026-07-16 16:50:00+00:00,7588,7588,7559,7559,30
2026-07-16 16:55:00+00:00,7559,7568,7550,7561,16
2026-07-16 17:00:00+00:00,7561,7561,7546,7559,9
2026-07-16 17:05:00+00:00,7559,7562,7556,7562,3
2026-07-16 17:10:00+00:00,7562,7581,7559,7581,5
2026-07-16 17:15:00+00:00,7581,7581,7566,7566,3
2026-07-16 17:20:00+00:00,7566,7566,7550,7558,6
2026-07-16 17:30:00+00:00,7558,7563,7555,7560,25
2026-07-16 17:35:00+00:00,7560,7569,7560,7565,4
2026-07-16 17:40:00+00:00,7565,7565,7540,7550,17
2026-07-16 17:45:00+00:00,7550,7559,7545,7545,6
2026-07-16 17:50:00+00:00,7540,7550,7519,7519,24
2026-07-16 17:55:00+00:00,7519,7540,7502,7502,38
2026-07-17 03:30:00+00:00,7580,7583,7579,7583,3
2026-07-17 03:35:00+00:00,7583,7593,7583,7593,1
2026-07-17 03:40:00+00:00,7593,7600,7593,7594,8
2026-07-17 03:45:00+00:00,7594,7606,7594,7600,5
2026-07-17 03:50:00+00:00,7600,7600,7600,7600,2
2026-07-17 03:55:00+00:00,7600,7600,7595,7595,9
2026-07-17 04:00:00+00:00,7595,7605,7595,7598,4
2026-07-17 04:05:00+00:00,7598,7600,7594,7594,4
2026-07-17 04:10:00+00:00,7594,7607,7594,7607,3
2026-07-17 04:20:00+00:00,7607,7609,7607,7609,2
2026-07-17 04:25:00+00:00,7609,7618,7609,7618,2
2026-07-17 04:30:00+00:00,7618,7618,7616,7616,1
2026-07-17 04:35:00+00:00,7616,7619,7616,7617,5
2026-07-17 04:40:00+00:00,7617,7617,7605,7605,3
2026-07-17 04:45:00+00:00,7605,7608,7596,7596,5
2026-07-17 04:55:00+00:00,7596,7604,7596,7604,1
2026-07-17 05:00:00+00:00,7604,7613,7604,7611,3
2026-07-17 05:15:00+00:00,7611,7611,7598,7598,1
2026-07-17 05:20:00+00:00,7598,7598,7596,7596,1
2026-07-17 05:30:00+00:00,7596,7601,7590,7601,3
2026-07-17 05:35:00+00:00,7601,7601,7580,7580,4
2026-07-17 05:40:00+00:00,7580,7580,7519,7533,34
2026-07-17 05:45:00+00:00,7533,7533,7517,7529,12
2026-07-17 05:50:00+00:00,7529,7548,7529,7548,6
2026-07-17 05:55:00+00:00,7548,7552,7536,7536,2
2026-07-17 06:00:00+00:00,7536,7536,7506,7506,40
2026-07-17 06:05:00+00:00,7506,7510,7500,7505,11
2026-07-17 06:10:00+00:00,7505,7505,7497,7505,193
2026-07-17 06:15:00+00:00,7505,7524,7499,7523,280
2026-07-17 06:20:00+00:00,7523,7528,7508,7508,11
2026-07-17 06:25:00+00:00,7508,7539,7508,7538,14
2026-07-17 06:30:00+00:00,7538,7538,7536,7536,1
2026-07-17 06:35:00+00:00,7536,7567,7536,7567,6
2026-07-17 06:40:00+00:00,7567,7576,7565,7565,5
2026-07-17 06:45:00+00:00,7565,7565,7565,7565,1
2026-07-17 06:50:00+00:00,7565,7565,7545,7545,1
2026-07-17 07:05:00+00:00,7545,7579,7545,7578,7
2026-07-17 07:10:00+00:00,7578,7581,7575,7575,3
2026-07-17 07:15:00+00:00,7575,7580,7571,7580,5
2026-07-17 07:20:00+00:00,7580,7591,7580,7591,26
2026-07-17 07:25:00+00:00,7591,7596,7590,7596,21
2026-07-17 07:40:00+00:00,7596,7596,7569,7569,5
2026-07-17 07:45:00+00:00,7569,7569,7557,7559,3
2026-07-17 07:50:00+00:00,7559,7563,7559,7563,5
2026-07-17 07:55:00+00:00,7563,7563,7561,7563,9
2026-07-17 08:00:00+00:00,7563,7563,7555,7555,3
2026-07-17 08:05:00+00:00,7555,7556,7555,7556,1
2026-07-17 08:10:00+00:00,7556,7570,7556,7570,2
2026-07-17 08:30:00+00:00,7570,7588,7570,7588,1
2026-07-17 08:35:00+00:00,7588,7590,7572,7574,3
2026-07-17 08:40:00+00:00,7574,7574,7574,7574,1
2026-07-17 08:45:00+00:00,7574,7577,7574,7577,3
2026-07-17 08:50:00+00:00,7577,7599,7577,7599,4
2026-07-17 08:55:00+00:00,7599,7600,7599,7600,17
2026-07-17 09:00:00+00:00,7600,7626,7600,7623,55
2026-07-17 09:05:00+00:00,7615,7621,7615,7621,18
2026-07-17 09:10:00+00:00,7621,7621,7611,7611,6
2026-07-17 09:15:00+00:00,7611,7619,7611,7618,2
2026-07-17 09:20:00+00:00,7618,7640,7618,7637,21
2026-07-17 09:25:00+00:00,7637,7641,7635,7641,19
2026-07-17 09:30:00+00:00,7642,7642,7626,7626,7
2026-07-17 09:35:00+00:00,7626,7646,7626,7644,9
2026-07-17 09:40:00+00:00,7644,7644,7630,7630,17
2026-07-17 09:45:00+00:00,7630,7630,7626,7626,1
2026-07-17 09:50:00+00:00,7626,7640,7626,7639,4
2026-07-17 09:55:00+00:00,7639,7640,7630,7630,9
2026-07-17 10:00:00+00:00,7630,7630,7609,7614,5
2026-07-17 10:05:00+00:00,7614,7649,7614,7649,8
2026-07-17 10:10:00+00:00,7649,7654,7645,7654,12
2026-07-17 10:15:00+00:00,7654,7660,7649,7660,15
2026-07-17 10:20:00+00:00,7660,7660,7647,7652,6
2026-07-17 10:25:00+00:00,7652,7652,7651,7651,1
2026-07-17 10:30:00+00:00,7651,7651,7626,7626,1
2026-07-17 10:50:00+00:00,7626,7650,7626,7650,3
2026-07-17 10:55:00+00:00,7650,7657,7650,7654,3
2026-07-17 11:00:00+00:00,7654,7655,7650,7655,7
2026-07-17 11:05:00+00:00,7655,7667,7655,7667,35
2026-07-17 11:10:00+00:00,7667,7670,7664,7665,13
2026-07-17 11:15:00+00:00,7665,7669,7661,7669,10
2026-07-17 11:20:00+00:00,7669,7672,7662,7667,6
2026-07-17 11:25:00+00:00,7667,7671,7651,7651,8
2026-07-17 11:30:00+00:00,7651,7663,7651,7663,12
2026-07-17 11:35:00+00:00,7663,7663,7636,7636,8
2026-07-17 11:40:00+00:00,7636,7651,7636,7638,9
2026-07-17 11:50:00+00:00,7638,7659,7638,7659,3
2026-07-17 11:55:00+00:00,7659,7664,7659,7664,1
2026-07-17 12:00:00+00:00,7664,7664,7658,7662,2
2026-07-17 12:05:00+00:00,7662,7668,7660,7660,21
2026-07-17 12:15:00+00:00,7660,7675,7660,7673,10
2026-07-17 12:20:00+00:00,7673,7673,7667,7667,13
2026-07-17 12:25:00+00:00,7667,7673,7665,7665,8
2026-07-17 12:30:00+00:00,7665,7684,7665,7684,18
2026-07-17 12:35:00+00:00,7684,7684,7675,7684,8
2026-07-17 12:40:00+00:00,7684,7684,7670,7676,15
2026-07-17 12:45:00+00:00,7676,7676,7658,7663,11
2026-07-17 12:50:00+00:00,7663,7669,7663,7669,15
2026-07-17 12:55:00+00:00,7669,7688,7669,7687,8
2026-07-17 13:00:00+00:00,7678,7730,7678,7729,70
2026-07-17 13:05:00+00:00,7729,7734,7710,7710,32
2026-07-17 13:10:00+00:00,7710,7727,7710,7727,6
2026-07-17 13:15:00+00:00,7727,7727,7712,7718,17
2026-07-17 13:20:00+00:00,7718,7744,7718,7731,23
2026-07-17 13:25:00+00:00,7731,7741,7728,7732,15
2026-07-17 13:30:00+00:00,7732,7740,7730,7732,7
2026-07-17 13:35:00+00:00,7728,7728,7703,7703,10
2026-07-17 13:40:00+00:00,7703,7720,7693,7720,21
2026-07-17 13:45:00+00:00,7720,7734,7720,7728,16
2026-07-17 13:50:00+00:00,7728,7744,7728,7736,14
2026-07-17 13:55:00+00:00,7737,7743,7737,7742,10
2026-07-17 14:00:00+00:00,7742,7751,7738,7751,32
2026-07-17 14:05:00+00:00,7751,7751,7727,7727,15
2026-07-17 14:10:00+00:00,7727,7740,7727,7737,11
2026-07-17 14:15:00+00:00,7737,7737,7726,7733,27
2026-07-17 14:20:00+00:00,7733,7736,7729,7729,3
2026-07-17 14:25:00+00:00,7729,7729,7720,7720,4
2026-07-17 14:35:00+00:00,7720,7720,7699,7716,15
2026-07-17 14:40:00+00:00,7716,7720,7710,7720,11
2026-07-17 14:50:00+00:00,7720,7720,7700,7700,6
2026-07-17 14:55:00+00:00,7700,7700,7660,7660,21
2026-07-17 15:00:00+00:00,7660,7678,7651,7651,14
2026-07-17 15:05:00+00:00,7651,7660,7642,7651,19
2026-07-17 15:10:00+00:00,7651,7655,7641,7655,20
2026-07-17 15:15:00+00:00,7655,7683,7655,7673,7
2026-07-17 15:20:00+00:00,7673,7684,7661,7684,15
2026-07-17 15:25:00+00:00,7684,7699,7684,7699,12
2026-07-17 15:30:00+00:00,7699,7721,7690,7720,23
2026-07-17 15:35:00+00:00,7720,7720,7708,7718,5
2026-07-17 15:40:00+00:00,7718,7718,7717,7717,2
2026-07-17 15:45:00+00:00,7717,7717,7701,7703,15
2026-07-17 15:50:00+00:00,7703,7722,7703,7722,4
2026-07-17 15:55:00+00:00,7722,7722,7710,7710,2
2026-07-17 16:00:00+00:00,7710,7773,7703,7766,41
2026-07-17 16:05:00+00:00,7766,7766,7750,7759,27
2026-07-17 16:10:00+00:00,7759,7775,7759,7764,45
2026-07-17 16:15:00+00:00,7764,7778,7760,7765,21
2026-07-17 16:20:00+00:00,7765,7779,7754,7774,11
2026-07-17 16:25:00+00:00,7778,7778,7766,7766,9
2026-07-17 16:30:00+00:00,7766,7766,7761,7763,9
2026-07-17 16:35:00+00:00,7763,7780,7763,7765,14
2026-07-17 16:40:00+00:00,7765,7767,7753,7767,25
2026-07-17 16:45:00+00:00,7767,7767,7754,7754,17
2026-07-17 16:50:00+00:00,7754,7779,7754,7779,7
2026-07-17 16:55:00+00:00,7779,7785,7775,7775,20
2026-07-17 17:00:00+00:00,7775,7775,7763,7764,10
2026-07-17 17:05:00+00:00,7764,7766,7758,7766,4
2026-07-17 17:10:00+00:00,7766,7783,7766,7783,9
2026-07-17 17:15:00+00:00,7783,7785,7776,7785,5
2026-07-17 17:20:00+00:00,7785,7798,7782,7798,15
2026-07-17 17:25:00+00:00,7798,7805,7795,7800,24
2026-07-17 17:30:00+00:00,7800,7820,7800,7803,25
2026-07-17 17:35:00+00:00,7803,7803,7786,7786,13
2026-07-17 17:40:00+00:00,7786,7810,7786,7810,9
2026-07-17 17:45:00+00:00,7806,7812,7804,7806,34
2026-07-17 17:50:00+00:00,7806,7809,7805,7806,11
2026-07-17 17:55:00+00:00,7806,7820,7805,7811,47
2026-07-20 03:30:00+00:00,7949,7960,7943,7954,133
2026-07-20 03:35:00+00:00,7954,7965,7952,7960,40
2026-07-20 03:40:00+00:00,7960,7962,7954,7962,21
2026-07-20 03:45:00+00:00,7962,7964,7957,7961,19
2026-07-20 03:50:00+00:00,7961,7966,7961,7962,30
2026-07-20 03:55:00+00:00,7962,7965,7962,7965,9
2026-07-20 04:00:00+00:00,7965,7980,7963,7974,35
2026-07-20 04:05:00+00:00,7974,7976,7969,7970,23
2026-07-20 04:10:00+00:00,7970,7977,7968,7974,26
2026-07-20 04:15:00+00:00,7974,7979,7974,7977,15
2026-07-20 04:20:00+00:00,7977,7978,7972,7974,16
2026-07-20 04:25:00+00:00,7974,7974,7963,7966,42
2026-07-20 04:30:00+00:00,7966,7966,7962,7962,1
2026-07-20 04:35:00+00:00,7962,7962,7955,7955,8
2026-07-20 04:40:00+00:00,7955,7955,7947,7947,9
2026-07-20 04:45:00+00:00,7947,7955,7945,7955,10
2026-07-20 04:50:00+00:00,7955,7960,7955,7960,4
2026-07-20 04:55:00+00:00,7960,7960,7951,7951,9
2026-07-20 05:00:00+00:00,7951,7953,7950,7953,5
2026-07-20 05:05:00+00:00,7953,7956,7951,7956,12
2026-07-20 05:10:00+00:00,7956,7956,7950,7950,2
2026-07-20 05:15:00+00:00,7950,7951,7948,7950,5
2026-07-20 05:25:00+00:00,7950,7965,7950,7965,5
2026-07-20 05:30:00+00:00,7965,7972,7964,7964,15
2026-07-20 05:35:00+00:00,7964,7964,7950,7954,10
2026-07-20 05:40:00+00:00,7954,7965,7954,7965,3
2026-07-20 05:45:00+00:00,7965,7977,7965,7977,10
2026-07-20 05:55:00+00:00,7977,7980,7971,7980,18
2026-07-20 06:00:00+00:00,7980,7989,7980,7989,3
2026-07-20 06:05:00+00:00,7989,7995,7984,7995,28
2026-07-20 06:10:00+00:00,7995,7999,7990,7996,15
2026-07-20 06:15:00+00:00,7996,8002,7996,8001,8
2026-07-20 06:20:00+00:00,8001,8012,7987,7987,17
2026-07-20 06:25:00+00:00,7987,7996,7976,7976,15
2026-07-20 06:35:00+00:00,7976,7997,7976,7996,11
2026-07-20 06:40:00+00:00,7996,8000,7970,7984,63
2026-07-20 06:45:00+00:00,7985,7985,7977,7977,5
2026-07-20 06:50:00+00:00,7977,7984,7970,7984,10
2026-07-20 06:55:00+00:00,7984,7988,7980,7980,33
2026-07-20 07:00:00+00:00,7984,7984,7963,7971,12
2026-07-20 07:05:00+00:00,7971,8012,7971,8002,26
2026-07-20 07:10:00+00:00,8002,8002,7987,7997,4
2026-07-20 07:15:00+00:00,7997,7997,7993,7995,3
2026-07-20 07:20:00+00:00,7995,7995,7936,7936,57
2026-07-20 07:25:00+00:00,7936,7936,7920,7920,17
2026-07-20 07:30:00+00:00,7928,7928,7899,7904,37
2026-07-20 07:35:00+00:00,7904,7909,7870,7870,17
2026-07-20 07:40:00+00:00,7866,7869,7836,7837,53
2026-07-20 07:45:00+00:00,7837,7877,7825,7872,34
2026-07-20 07:50:00+00:00,7872,7872,7850,7852,26
2026-07-20 07:55:00+00:00,7852,7855,7828,7840,18
2026-07-20 08:00:00+00:00,7830,7830,7789,7814,59
2026-07-20 08:05:00+00:00,7814,7814,7803,7814,13
2026-07-20 08:10:00+00:00,7814,7815,7784,7799,43
2026-07-20 08:15:00+00:00,7799,7799,7775,7775,48
2026-07-20 08:20:00+00:00,7775,7796,7765,7765,19
2026-07-20 08:25:00+00:00,7765,7781,7765,7777,10
2026-07-20 08:30:00+00:00,7783,7787,7766,7785,23
2026-07-20 08:35:00+00:00,7785,7785,7768,7772,41
2026-07-20 08:40:00+00:00,7772,7791,7763,7789,43
2026-07-20 08:45:00+00:00,7789,7792,7763,7763,26
2026-07-20 08:50:00+00:00,7763,7778,7755,7777,13
2026-07-20 08:55:00+00:00,7777,7787,7765,7783,19
2026-07-20 09:00:00+00:00,7783,7783,7783,7783,4
2026-07-20 09:05:00+00:00,7783,7805,7783,7788,44
2026-07-20 09:10:00+00:00,7788,7790,7783,7787,5
2026-07-20 09:15:00+00:00,7787,7787,7755,7773,16
2026-07-20 09:20:00+00:00,7773,7776,7750,7764,17
2026-07-20 09:25:00+00:00,7764,7771,7759,7771,11
2026-07-20 09:30:00+00:00,7771,7771,7740,7740,21
2026-07-20 09:35:00+00:00,7740,7745,7740,7740,8
2026-07-20 09:40:00+00:00,7740,7757,7730,7757,26
2026-07-20 09:45:00+00:00,7757,7770,7757,7770,12
2026-07-20 09:50:00+00:00,7770,7770,7752,7755,8
2026-07-20 09:55:00+00:00,7755,7765,7755,7762,21
2026-07-20 10:00:00+00:00,7762,7778,7761,7776,44
2026-07-20 10:05:00+00:00,7781,7786,7777,7782,10
2026-07-20 10:10:00+00:00,7782,7784,7762,7762,6
2026-07-20 10:15:00+00:00,7762,7775,7762,7773,3
2026-07-20 10:20:00+00:00,7773,7775,7773,7775,2
2026-07-20 10:25:00+00:00,7775,7779,7775,7779,1
2026-07-20 10:30:00+00:00,7779,7800,7779,7790,12
2026-07-20 10:35:00+00:00,7790,7804,7790,7804,30
2026-07-20 10:40:00+00:00,7804,7805,7797,7800,41
2026-07-20 10:45:00+00:00,7800,7811,7800,7811,15
2026-07-20 10:50:00+00:00,7811,7813,7795,7795,11
2026-07-20 10:55:00+00:00,7795,7796,7790,7794,12
2026-07-20 11:00:00+00:00,7790,7790,7771,7771,10
2026-07-20 11:05:00+00:00,7771,7790,7771,7789,4
2026-07-20 11:10:00+00:00,7789,7801,7789,7801,1
2026-07-20 11:15:00+00:00,7801,7801,7789,7789,12
2026-07-20 11:25:00+00:00,7789,7789,7785,7785,1
2026-07-20 11:30:00+00:00,7785,7785,7661,7662,171
2026-07-20 11:35:00+00:00,7670,7676,7639,7639,82
2026-07-20 11:40:00+00:00,7639,7647,7600,7647,162
2026-07-20 11:45:00+00:00,7647,7690,7645,7684,12
2026-07-20 11:50:00+00:00,7684,7700,7679,7682,27
2026-07-20 11:55:00+00:00,7682,7700,7672,7672,23
2026-07-20 12:00:00+00:00,7672,7788,7672,7766,88
2026-07-20 12:05:00+00:00,7766,7789,7759,7769,31
2026-07-20 12:10:00+00:00,7769,7791,7757,7772,34
2026-07-20 12:15:00+00:00,7772,7785,7768,7783,10
2026-07-20 12:20:00+00:00,7783,7799,7776,7798,28
2026-07-20 12:25:00+00:00,7800,7818,7796,7802,15
2026-07-20 12:30:00+00:00,7802,7826,7802,7815,32
2026-07-20 12:35:00+00:00,7815,7816,7789,7802,14
2026-07-20 12:40:00+00:00,7802,7828,7802,7828,6
2026-07-20 12:45:00+00:00,7828,7828,7779,7784,10
2026-07-20 12:50:00+00:00,7784,7818,7784,7816,31
2026-07-20 12:55:00+00:00,7816,7827,7802,7802,11
2026-07-20 13:00:00+00:00,7806,7806,7785,7788,8
2026-07-20 13:05:00+00:00,7788,7793,7781,7793,3
2026-07-20 13:10:00+00:00,7793,7793,7774,7775,13
2026-07-20 13:15:00+00:00,7775,7795,7773,7794,8
2026-07-20 13:20:00+00:00,7794,7794,7760,7760,8
2026-07-20 13:25:00+00:00,7760,7764,7750,7751,11
2026-07-20 13:30:00+00:00,7751,7776,7751,7776,1
2026-07-20 13:35:00+00:00,7776,7776,7750,7750,8
2026-07-20 13:45:00+00:00,7750,7786,7750,7786,2
2026-07-20 13:50:00+00:00,7786,7813,7780,7803,18
2026-07-20 13:55:00+00:00,7803,7803,7793,7802,10
2026-07-20 14:00:00+00:00,7802,7808,7795,7808,8
2026-07-20 14:05:00+00:00,7808,7809,7795,7795,10
2026-07-20 14:10:00+00:00,7795,7823,7795,7823,16
2026-07-20 14:15:00+00:00,7823,7825,7803,7803,6
2026-07-20 14:20:00+00:00,7803,7810,7803,7805,6
2026-07-20 14:25:00+00:00,7805,7805,7782,7782,5
2026-07-20 14:30:00+00:00,7782,7802,7782,7788,8
2026-07-20 14:35:00+00:00,7788,7795,7769,7770,10
2026-07-20 14:40:00+00:00,7770,7775,7770,7775,6
2026-07-20 14:45:00+00:00,7775,7800,7775,7796,24
2026-07-20 14:50:00+00:00,7796,7819,7796,7804,31
2026-07-20 14:55:00+00:00,7804,7828,7804,7820,18
2026-07-20 15:00:00+00:00,7820,7825,7810,7810,3
2026-07-20 15:05:00+00:00,7810,7810,7747,7753,45
2026-07-20 15:10:00+00:00,7753,7785,7753,7784,11
2026-07-20 15:15:00+00:00,7784,7794,7780,7794,5
2026-07-20 15:20:00+00:00,7794,7805,7788,7788,6
2026-07-20 15:25:00+00:00,7788,7788,7780,7780,7
2026-07-20 15:30:00+00:00,7780,7788,7765,7788,10
2026-07-20 15:35:00+00:00,7788,7788,7788,7788,5
2026-07-20 15:40:00+00:00,7788,7788,7783,7786,4
2026-07-20 15:45:00+00:00,7786,7790,7786,7790,1
2026-07-20 15:55:00+00:00,7790,7790,7790,7790,3
2026-07-20 16:00:00+00:00,7790,7790,7770,7770,1
2026-07-20 16:05:00+00:00,7770,7772,7765,7772,3
2026-07-20 16:10:00+00:00,7772,7778,7772,7778,1
2026-07-20 16:15:00+00:00,7778,7787,7778,7787,2
2026-07-20 16:20:00+00:00,7778,7787,7767,7787,22
2026-07-20 16:25:00+00:00,7787,7799,7787,7798,4
2026-07-20 16:30:00+00:00,7798,7827,7798,7814,27
2026-07-20 16:35:00+00:00,7814,7814,7807,7808,2
2026-07-20 16:40:00+00:00,7807,7865,7807,7842,96
2026-07-20 16:45:00+00:00,7842,7842,7801,7801,9
2026-07-20 16:50:00+00:00,7801,7825,7801,7825,5
2026-07-20 16:55:00+00:00,7825,7832,7820,7825,11
2026-07-20 17:00:00+00:00,7825,7829,7820,7827,5
2026-07-20 17:05:00+00:00,7827,7827,7821,7821,2
2026-07-20 17:10:00+00:00,7821,7821,7805,7807,8
2026-07-20 17:15:00+00:00,7807,7819,7807,7813,14
2026-07-20 17:20:00+00:00,7813,7825,7813,7825,6
2026-07-20 17:25:00+00:00,7825,7825,7809,7809,3
2026-07-20 17:30:00+00:00,7809,7829,7808,7829,9
2026-07-20 17:35:00+00:00,7830,7845,7830,7843,40
2026-07-20 17:40:00+00:00,7843,7843,7832,7832,12
2026-07-20 17:45:00+00:00,7832,7841,7821,7841,43
2026-07-20 17:50:00+00:00,7846,7848,7833,7835,45
2026-07-20 17:55:00+00:00,7835,7850,7835,7850,42
2026-07-21 03:30:00+00:00,7845,7851,7817,7830,14
2026-07-21 03:35:00+00:00,7830,7842,7830,7839,7
2026-07-21 03:45:00+00:00,7839,7839,7837,7837,2
2026-07-21 03:50:00+00:00,7837,7842,7830,7830,8
2026-07-21 03:55:00+00:00,7830,7834,7823,7830,6
2026-07-21 04:00:00+00:00,7830,7830,7822,7822,16
2026-07-21 04:05:00+00:00,7822,7822,7806,7811,15
2026-07-21 04:20:00+00:00,7811,7824,7811,7822,16
2026-07-21 04:30:00+00:00,7822,7830,7822,7830,5
2026-07-21 04:50:00+00:00,7830,7830,7827,7827,1
2026-07-21 04:55:00+00:00,7827,7827,7827,7827,5
2026-07-21 05:05:00+00:00,7827,7842,7827,7842,5
2026-07-21 05:10:00+00:00,7842,7850,7836,7836,5
2026-07-21 05:15:00+00:00,7836,7837,7836,7837,1
2026-07-21 05:25:00+00:00,7837,7850,7837,7846,6
2026-07-21 05:40:00+00:00,7846,7846,7820,7820,4
2026-07-21 05:45:00+00:00,7820,7820,7813,7813,2
2026-07-21 05:50:00+00:00,7813,7813,7802,7805,9
2026-07-21 05:55:00+00:00,7805,7817,7805,7817,5
2026-07-21 06:00:00+00:00,7824,7824,7820,7820,4
2026-07-21 06:05:00+00:00,7820,7822,7820,7822,4
2026-07-21 06:10:00+00:00,7822,7831,7822,7830,26
2026-07-21 06:20:00+00:00,7830,7830,7816,7825,3
2026-07-21 06:25:00+00:00,7825,7825,7813,7813,1
2026-07-21 06:30:00+00:00,7813,7813,7809,7809,9
2026-07-21 06:35:00+00:00,7809,7811,7809,7811,1
2026-07-21 06:40:00+00:00,7811,7812,7811,7812,1
2026-07-21 06:45:00+00:00,7812,7820,7812,7820,6
2026-07-21 06:50:00+00:00,7820,7820,7819,7819,9
2026-07-21 06:55:00+00:00,7819,7834,7819,7833,4
2026-07-21 07:00:00+00:00,7833,7841,7829,7829,5
2026-07-21 07:10:00+00:00,7829,7866,7829,7861,21
2026-07-21 07:15:00+00:00,7861,7880,7861,7865,18
2026-07-21 07:20:00+00:00,7865,7870,7865,7870,2
2026-07-21 07:25:00+00:00,7870,7880,7865,7880,18
2026-07-21 07:30:00+00:00,7880,7896,7856,7856,13
2026-07-21 07:35:00+00:00,7856,7856,7825,7828,19
2026-07-21 07:40:00+00:00,7831,7832,7812,7832,14
2026-07-21 07:45:00+00:00,7832,7832,7810,7812,20
2026-07-21 07:50:00+00:00,7812,7833,7810,7811,12
2026-07-21 07:55:00+00:00,7811,7814,7807,7810,13
2026-07-21 08:00:00+00:00,7810,7810,7788,7788,24
2026-07-21 08:05:00+00:00,7788,7788,7762,7770,25
2026-07-21 08:10:00+00:00,7770,7784,7766,7776,25
2026-07-21 08:15:00+00:00,7771,7790,7764,7785,66
2026-07-21 08:20:00+00:00,7785,7795,7784,7787,25
2026-07-21 08:25:00+00:00,7787,7816,7770,7816,14
2026-07-21 08:30:00+00:00,7816,7830,7813,7817,19
2026-07-21 08:35:00+00:00,7817,7817,7801,7811,10
2026-07-21 08:40:00+00:00,7811,7820,7810,7810,4
2026-07-21 08:45:00+00:00,7810,7830,7810,7824,12
2026-07-21 08:50:00+00:00,7824,7848,7824,7848,14
2026-07-21 08:55:00+00:00,7848,7848,7835,7835,1
2026-07-21 09:00:00+00:00,7835,7835,7816,7816,10
2026-07-21 09:05:00+00:00,7816,7816,7815,7815,1
2026-07-21 09:10:00+00:00,7815,7834,7815,7830,9
2026-07-21 09:15:00+00:00,7830,7837,7830,7837,2
2026-07-21 09:20:00+00:00,7837,7853,7831,7853,12
2026-07-21 09:25:00+00:00,7853,7890,7853,7890,38
2026-07-21 09:30:00+00:00,7890,7898,7858,7862,81
2026-07-21 09:35:00+00:00,7862,7891,7862,7883,68
2026-07-21 09:40:00+00:00,7883,7899,7883,7891,38
2026-07-21 09:45:00+00:00,7891,7891,7888,7889,4
2026-07-21 09:50:00+00:00,7889,7910,7879,7905,51
2026-07-21 09:55:00+00:00,7905,7921,7902,7908,36
2026-07-21 10:00:00+00:00,7908,7908,7875,7889,49
2026-07-21 10:05:00+00:00,7889,7900,7889,7895,15
2026-07-21 10:10:00+00:00,7895,7895,7837,7861,116
2026-07-21 10:15:00+00:00,7861,7894,7861,7894,19
2026-07-21 10:20:00+00:00,7894,7894,7885,7888,4
2026-07-21 10:25:00+00:00,7888,7888,7874,7881,6
2026-07-21 10:30:00+00:00,7881,7881,7881,7881,1
2026-07-21 10:35:00+00:00,7881,7886,7868,7886,14
2026-07-21 10:45:00+00:00,7886,7917,7886,7917,32
2026-07-21 10:50:00+00:00,7917,7924,7907,7917,15
2026-07-21 10:55:00+00:00,7917,7921,7912,7912,29
2026-07-21 11:00:00+00:00,7912,7922,7912,7921,15
2026-07-21 11:05:00+00:00,7920,7930,7917,7919,23
2026-07-21 11:10:00+00:00,7919,7934,7916,7918,29
2026-07-21 11:15:00+00:00,7918,7939,7918,7939,40
2026-07-21 11:20:00+00:00,7939,7942,7929,7933,40
2026-07-21 11:25:00+00:00,7935,7940,7928,7940,8
2026-07-21 11:30:00+00:00,7940,7940,7929,7938,35
2026-07-21 11:35:00+00:00,7938,7940,7930,7940,4
2026-07-21 11:40:00+00:00,7940,7950,7934,7940,59
2026-07-21 11:45:00+00:00,7940,7951,7940,7950,29
2026-07-21 11:50:00+00:00,7950,7960,7947,7952,26
2026-07-21 11:55:00+00:00,7952,7956,7944,7956,22
2026-07-21 12:00:00+00:00,7950,7950,7919,7919,26
2026-07-21 12:05:00+00:00,7919,7920,7904,7904,32
2026-07-21 12:10:00+00:00,7904,7917,7904,7912,4
2026-07-21 12:15:00+00:00,7912,7960,7912,7953,36
2026-07-21 12:20:00+00:00,7953,7967,7945,7945,35
2026-07-21 12:25:00+00:00,7945,7966,7945,7966,23
2026-07-21 12:30:00+00:00,7966,7966,7947,7947,7
2026-07-21 12:35:00+00:00,7947,7957,7947,7953,17
2026-07-21 12:40:00+00:00,7953,7993,7953,7964,67
2026-07-21 12:45:00+00:00,7964,7964,7944,7946,19
2026-07-21 12:50:00+00:00,7946,7966,7946,7952,9
2026-07-21 12:55:00+00:00,7952,7961,7952,7956,6
2026-07-21 13:00:00+00:00,7956,7981,7956,7980,6
2026-07-21 13:05:00+00:00,7980,7990,7970,7989,39
2026-07-21 13:10:00+00:00,7989,7989,7973,7973,18
2026-07-21 13:15:00+00:00,7973,7973,7960,7966,20
2026-07-21 13:20:00+00:00,7966,7983,7960,7983,9
2026-07-21 13:25:00+00:00,7983,7998,7983,7995,34
2026-07-21 13:30:00+00:00,8000,8010,7969,7969,100
2026-07-21 13:35:00+00:00,7969,7994,7968,7994,14
2026-07-21 13:40:00+00:00,7994,8026,7994,8019,64
2026-07-21 13:45:00+00:00,8019,8019,7999,8000,11
2026-07-21 13:50:00+00:00,8000,8001,7986,7986,34
2026-07-21 13:55:00+00:00,7986,8001,7979,7992,25
2026-07-21 14:00:00+00:00,7992,7992,7969,7972,18
2026-07-21 14:05:00+00:00,7972,7991,7967,7989,21
2026-07-21 14:10:00+00:00,7989,7999,7984,7984,7
2026-07-21 14:15:00+00:00,7984,7997,7984,7997,1
2026-07-21 14:20:00+00:00,7997,7997,7970,7970,10
2026-07-21 14:25:00+00:00,7970,8008,7970,8001,5
2026-07-21 14:30:00+00:00,8001,8025,8001,8025,34
2026-07-21 14:35:00+00:00,8025,8035,8009,8019,54
2026-07-21 14:40:00+00:00,8019,8019,7994,7994,20
2026-07-21 14:45:00+00:00,7994,7994,7956,7967,26
2026-07-21 14:50:00+00:00,7967,8002,7967,7984,5
2026-07-21 14:55:00+00:00,7984,7984,7982,7982,1
2026-07-21 15:00:00+00:00,7982,8010,7982,8009,4
2026-07-21 15:05:00+00:00,8009,8010,8003,8003,3
2026-07-21 15:10:00+00:00,8003,8003,7960,7965,11
2026-07-21 15:15:00+00:00,7965,7974,7951,7951,21
2026-07-21 15:20:00+00:00,7951,7970,7930,7970,99
2026-07-21 15:25:00+00:00,7970,7990,7970,7990,9
2026-07-21 15:30:00+00:00,7990,7996,7977,7981,54
2026-07-21 15:35:00+00:00,7981,7990,7981,7989,7
2026-07-21 15:40:00+00:00,7989,8003,7983,8000,18
2026-07-21 15:45:00+00:00,8000,8008,7989,7989,42
2026-07-21 15:50:00+00:00,7989,7989,7979,7988,5
2026-07-21 15:55:00+00:00,7988,7988,7984,7984,2
2026-07-21 16:00:00+00:00,7984,7984,7975,7975,12
2026-07-21 16:05:00+00:00,7975,7975,7965,7969,14
2026-07-21 16:10:00+00:00,7969,7978,7960,7978,7
2026-07-21 16:15:00+00:00,7978,7990,7978,7978,46
2026-07-21 16:20:00+00:00,7978,7978,7969,7969,4
2026-07-21 16:25:00+00:00,7969,7984,7966,7984,13
2026-07-21 16:30:00+00:00,7984,7984,7970,7970,5
2026-07-21 16:35:00+00:00,7970,7975,7970,7975,2
2026-07-21 16:40:00+00:00,7975,7988,7975,7988,1
2026-07-21 16:50:00+00:00,7988,7988,7980,7980,5
2026-07-21 16:55:00+00:00,7980,7982,7975,7982,8
2026-07-21 17:00:00+00:00,7982,7982,7982,7982,4
2026-07-21 17:05:00+00:00,7982,7982,7975,7977,6
2026-07-21 17:10:00+00:00,7977,7980,7952,7968,26
2026-07-21 17:15:00+00:00,7968,7978,7967,7973,14
2026-07-21 17:20:00+00:00,7973,7976,7967,7967,5
2026-07-21 17:25:00+00:00,7967,7976,7967,7971,7
2026-07-21 17:30:00+00:00,7970,7988,7970,7988,10
2026-07-21 17:35:00+00:00,7988,7988,7976,7976,7
2026-07-21 17:40:00+00:00,7976,7986,7976,7981,5
2026-07-21 17:45:00+00:00,7981,7987,7970,7970,5
2026-07-21 17:50:00+00:00,7980,7985,7975,7985,11
2026-07-21 17:55:00+00:00,7985,7992,7980,7992,58
2026-07-22 03:30:00+00:00,8039,8044,8021,8032,78
2026-07-22 03:35:00+00:00,8032,8035,8027,8030,65
2026-07-22 03:40:00+00:00,8027,8028,8024,8025,25
2026-07-22 03:45:00+00:00,8025,8033,8025,8031,34
2026-07-22 03:50:00+00:00,8031,8031,8025,8028,12
2026-07-22 03:55:00+00:00,8028,8033,8028,8033,4
2026-07-22 04:00:00+00:00,8033,8034,8022,8022,17
2026-07-22 04:05:00+00:00,8022,8027,8022,8023,28
2026-07-22 04:10:00+00:00,8024,8036,8024,8036,12
2026-07-22 04:15:00+00:00,8036,8036,8027,8035,40
2026-07-22 04:20:00+00:00,8035,8040,8035,8040,8
2026-07-22 04:25:00+00:00,8040,8040,8024,8026,33
2026-07-22 04:30:00+00:00,8026,8031,8026,8031,5
2026-07-22 04:35:00+00:00,8031,8043,8031,8043,3
2026-07-22 04:40:00+00:00,8043,8048,8043,8047,18
2026-07-22 04:45:00+00:00,8047,8049,8042,8045,12
2026-07-22 04:50:00+00:00,8045,8050,8045,8050,7
2026-07-22 04:55:00+00:00,8050,8053,8050,8053,11
2026-07-22 05:00:00+00:00,8053,8054,8053,8054,6
2026-07-22 05:05:00+00:00,8054,8056,8051,8056,5
2026-07-22 05:10:00+00:00,8056,8061,8052,8061,15
2026-07-22 05:15:00+00:00,8061,8065,8058,8058,17
2026-07-22 05:20:00+00:00,8059,8060,8049,8049,9
2026-07-22 05:25:00+00:00,8049,8058,8046,8046,4
2026-07-22 05:30:00+00:00,8046,8053,8043,8045,11
2026-07-22 05:35:00+00:00,8045,8045,8027,8027,4
2026-07-22 05:40:00+00:00,8027,8031,8024,8026,8
2026-07-22 05:45:00+00:00,8026,8026,8016,8026,7
2026-07-22 05:50:00+00:00,8026,8030,8025,8025,15
2026-07-22 05:55:00+00:00,8025,8025,8025,8025,1
2026-07-22 06:00:00+00:00,8025,8033,8025,8030,16
2026-07-22 06:05:00+00:00,8030,8046,8030,8042,24
2026-07-22 06:10:00+00:00,8042,8042,8038,8038,5
2026-07-22 06:15:00+00:00,8038,8080,8038,8079,56
2026-07-22 06:20:00+00:00,8079,8098,8069,8096,133
2026-07-22 06:25:00+00:00,8096,8101,8087,8089,33
2026-07-22 06:30:00+00:00,8089,8094,8085,8087,17
2026-07-22 06:35:00+00:00,8087,8092,8079,8092,39
2026-07-22 06:40:00+00:00,8092,8099,8090,8090,25
2026-07-22 06:45:00+00:00,8090,8121,8090,8115,43
2026-07-22 06:50:00+00:00,8115,8120,8098,8104,41
2026-07-22 06:55:00+00:00,8104,8108,8100,8100,6
2026-07-22 07:00:00+00:00,8100,8141,8100,8131,41
2026-07-22 07:05:00+00:00,8131,8144,8130,8144,22
2026-07-22 07:10:00+00:00,8144,8144,8117,8131,72
2026-07-22 07:15:00+00:00,8131,8143,8120,8143,46
2026-07-22 07:20:00+00:00,8143,8146,8133,8142,21
2026-07-22 07:25:00+00:00,8142,8155,8139,8155,29
2026-07-22 07:30:00+00:00,8155,8180,8150,8175,35
2026-07-22 07:35:00+00:00,8176,8223,8176,8223,112
2026-07-22 07:40:00+00:00,8223,8228,8191,8191,66
2026-07-22 07:45:00+00:00,8190,8228,8189,8228,82
2026-07-22 07:50:00+00:00,8228,8228,8193,8193,11
2026-07-22 07:55:00+00:00,8193,8210,8184,8208,58
2026-07-22 08:00:00+00:00,8208,8208,8173,8173,28
2026-07-22 08:05:00+00:00,8173,8188,8165,8175,18
2026-07-22 08:10:00+00:00,8175,8183,8175,8182,11
2026-07-22 08:15:00+00:00,8182,8189,8175,8180,39
2026-07-22 08:20:00+00:00,8170,8175,8160,8175,31
2026-07-22 08:25:00+00:00,8175,8185,8167,8178,16
2026-07-22 08:30:00+00:00,8174,8179,8167,8167,13
2026-07-22 08:35:00+00:00,8167,8168,8152,8164,64
2026-07-22 08:40:00+00:00,8164,8184,8164,8184,19
2026-07-22 08:45:00+00:00,8184,8189,8167,8182,22
2026-07-22 08:50:00+00:00,8182,8190,8175,8179,14
2026-07-22 08:55:00+00:00,8179,8194,8175,8176,25
2026-07-22 09:00:00+00:00,8176,8182,8154,8154,52
2026-07-22 09:05:00+00:00,8154,8168,8140,8168,27
2026-07-22 09:10:00+00:00,8168,8183,8167,8178,15
2026-07-22 09:15:00+00:00,8178,8186,8167,8167,28
2026-07-22 09:20:00+00:00,8167,8187,8167,8167,92
2026-07-22 09:25:00+00:00,8167,8171,8164,8169,18
2026-07-22 09:30:00+00:00,8180,8192,8172,8184,131
2026-07-22 09:35:00+00:00,8184,8190,8161,8171,29
2026-07-22 09:40:00+00:00,8171,8178,8151,8153,104
2026-07-22 09:45:00+00:00,8153,8184,8153,8183,14
2026-07-22 09:50:00+00:00,8183,8212,8183,8202,57
2026-07-22 09:55:00+00:00,8202,8213,8198,8206,78
2026-07-22 10:00:00+00:00,8206,8206,8177,8182,46
2026-07-22 10:05:00+00:00,8182,8182,8174,8178,32
2026-07-22 10:10:00+00:00,8178,8179,8167,8176,58
2026-07-22 10:15:00+00:00,8176,8180,8151,8156,77
2026-07-22 10:20:00+00:00,8156,8162,8137,8146,68
2026-07-22 10:25:00+00:00,8146,8156,8129,8136,97
2026-07-22 10:30:00+00:00,8136,8150,8133,8138,103
2026-07-22 10:35:00+00:00,8138,8146,8120,8138,45
2026-07-22 10:40:00+00:00,8138,8155,8135,8146,20
2026-07-22 10:45:00+00:00,8146,8159,8136,8136,19
2026-07-22 10:50:00+00:00,8136,8138,8130,8138,10
2026-07-22 10:55:00+00:00,8138,8138,8128,8136,10
2026-07-22 11:00:00+00:00,8136,8157,8136,8140,10
2026-07-22 11:10:00+00:00,8140,8150,8140,8150,2
2026-07-22 11:15:00+00:00,8150,8162,8150,8162,17
2026-07-22 11:20:00+00:00,8162,8165,8153,8164,21
2026-07-22 11:25:00+00:00,8164,8169,8158,8158,5
2026-07-22 11:30:00+00:00,8158,8167,8158,8158,5
2026-07-22 11:35:00+00:00,8158,8164,8130,8164,4
2026-07-22 11:40:00+00:00,8164,8206,8164,8204,57
2026-07-22 11:45:00+00:00,8204,8204,8150,8150,9
2026-07-22 11:50:00+00:00,8150,8163,8150,8154,5
2026-07-22 11:55:00+00:00,8154,8156,8140,8156,38
2026-07-22 12:00:00+00:00,8156,8178,8154,8170,44
2026-07-22 12:05:00+00:00,8170,8170,8144,8149,27
2026-07-22 12:10:00+00:00,8149,8149,8138,8139,58
2026-07-22 12:15:00+00:00,8135,8148,8132,8143,8
2026-07-22 12:20:00+00:00,8143,8152,8143,8144,11
2026-07-22 12:25:00+00:00,8144,8144,8119,8119,24
2026-07-22 12:30:00+00:00,8119,8125,8106,8125,29
2026-07-22 12:35:00+00:00,8125,8125,8109,8116,14
2026-07-22 12:40:00+00:00,8116,8125,8112,8119,35
2026-07-22 12:45:00+00:00,8119,8157,8119,8151,74
2026-07-22 12:50:00+00:00,8151,8151,8123,8130,14
2026-07-22 12:55:00+00:00,8130,8198,8127,8148,290
2026-07-22 13:00:00+00:00,8148,8159,8146,8159,10
2026-07-22 13:05:00+00:00,8159,8169,8158,8164,12
2026-07-22 13:10:00+00:00,8164,8164,8145,8155,17
2026-07-22 13:15:00+00:00,8155,8155,8085,8090,67
2026-07-22 13:20:00+00:00,8090,8117,8089,8093,84
2026-07-22 13:25:00+00:00,8093,8109,8090,8109,38
2026-07-22 13:30:00+00:00,8109,8111,8090,8095,22
2026-07-22 13:35:00+00:00,8095,8103,8091,8091,23
2026-07-22 13:40:00+00:00,8091,8137,8091,8137,19
2026-07-22 13:45:00+00:00,8137,8141,8112,8112,22
2026-07-22 13:50:00+00:00,8112,8115,8109,8115,5
2026-07-22 13:55:00+00:00,8115,8150,8115,8142,12
2026-07-22 14:00:00+00:00,8142,8146,8122,8124,24
2026-07-22 14:05:00+00:00,8124,8133,8122,8122,5
2026-07-22 14:10:00+00:00,8122,8159,8122,8156,13
2026-07-22 14:15:00+00:00,8156,8156,8140,8140,12
2026-07-22 14:20:00+00:00,8140,8155,8140,8155,4
2026-07-22 14:25:00+00:00,8155,8162,8154,8162,4
2026-07-22 14:30:00+00:00,8160,8164,8149,8159,33
2026-07-22 14:35:00+00:00,8159,8159,8130,8130,20
2026-07-22 14:40:00+00:00,8130,8130,8114,8116,21
2026-07-22 14:45:00+00:00,8116,8140,8113,8140,48
2026-07-22 14:50:00+00:00,8140,8141,8118,8118,74
2026-07-22 14:55:00+00:00,8118,8131,8110,8110,16
2026-07-22 15:00:00+00:00,8110,8124,8110,8116,2
2026-07-22 15:05:00+00:00,8116,8124,8116,8124,14
2026-07-22 15:10:00+00:00,8124,8160,8124,8140,63
2026-07-22 15:15:00+00:00,8140,8140,8127,8127,6
2026-07-22 15:20:00+00:00,8127,8127,8116,8116,11
2026-07-22 15:25:00+00:00,8116,8132,8116,8121,34
2026-07-22 15:30:00+00:00,8121,8121,8105,8113,23
2026-07-22 15:35:00+00:00,8113,8113,8096,8096,40
2026-07-22 15:40:00+00:00,8096,8096,8081,8090,31
2026-07-22 15:45:00+00:00,8090,8090,8062,8062,60
2026-07-22 15:50:00+00:00,8062,8071,8054,8067,55
2026-07-22 15:55:00+00:00,8067,8081,8067,8076,6
2026-07-22 16:00:00+00:00,8076,8076,8061,8074,6
2026-07-22 16:05:00+00:00,8074,8074,8068,8074,11
2026-07-22 16:10:00+00:00,8074,8099,8074,8096,15
2026-07-22 16:15:00+00:00,8096,8096,8089,8089,4
2026-07-22 16:20:00+00:00,8089,8100,8089,8098,3
2026-07-22 16:25:00+00:00,8098,8103,8096,8103,12
2026-07-22 16:30:00+00:00,8103,8112,8103,8112,5
2026-07-22 16:35:00+00:00,8112,8118,8102,8115,44
2026-07-22 16:40:00+00:00,8115,8115,8102,8102,6
2026-07-22 16:45:00+00:00,8102,8102,8080,8080,14
2026-07-22 16:50:00+00:00,8080,8085,8080,8085,2
2026-07-22 16:55:00+00:00,8085,8095,8080,8090,29
2026-07-22 17:00:00+00:00,8090,8119,8090,8111,19
2026-07-22 17:05:00+00:00,8111,8123,8111,8119,43
2026-07-22 17:10:00+00:00,8119,8127,8113,8127,13
2026-07-22 17:15:00+00:00,8127,8131,8124,8131,39
2026-07-22 17:20:00+00:00,8131,8136,8130,8136,16
2026-07-22 17:25:00+00:00,8136,8136,8122,8125,11
2026-07-22 17:30:00+00:00,8125,8130,8122,8130,11
2026-07-22 17:35:00+00:00,8130,8140,8130,8140,10
2026-07-22 17:40:00+00:00,8140,8142,8130,8135,29
2026-07-22 17:45:00+00:00,8135,8135,8126,8134,24
2026-07-22 17:50:00+00:00,8133,8145,8133,8141,30
2026-07-22 17:55:00+00:00,8141,8150,8140,8150,66
2026-07-23 03:30:00+00:00,8254,8265,8234,8241,97
2026-07-23 03:35:00+00:00,8241,8244,8234,8235,33
2026-07-23 03:40:00+00:00,8235,8240,8235,8235,8
2026-07-23 03:45:00+00:00,8235,8250,8231,8249,18
2026-07-23 03:50:00+00:00,8249,8249,8239,8239,15
2026-07-23 03:55:00+00:00,8239,8248,8239,8239,6
2026-07-23 04:00:00+00:00,8239,8240,8229,8240,14
2026-07-23 04:05:00+00:00,8240,8241,8235,8235,10
2026-07-23 04:10:00+00:00,8235,8239,8229,8239,10
2026-07-23 04:15:00+00:00,8239,8240,8239,8240,2
2026-07-23 04:20:00+00:00,8240,8240,8237,8237,1
2026-07-23 04:25:00+00:00,8237,8237,8219,8220,9
2026-07-23 04:30:00+00:00,8220,8234,8220,8225,12
2026-07-23 04:35:00+00:00,8225,8225,8200,8216,36
2026-07-23 04:40:00+00:00,8216,8217,8212,8212,10
2026-07-23 04:45:00+00:00,8212,8231,8212,8231,31
2026-07-23 04:50:00+00:00,8231,8231,8230,8231,8
2026-07-23 04:55:00+00:00,8231,8231,8225,8228,5
2026-07-23 05:00:00+00:00,8228,8237,8228,8233,3
2026-07-23 05:10:00+00:00,8233,8240,8233,8240,1
2026-07-23 05:15:00+00:00,8240,8240,8231,8231,2
2026-07-23 05:20:00+00:00,8231,8231,8230,8230,3
2026-07-23 05:30:00+00:00,8230,8230,8187,8195,16
2026-07-23 05:35:00+00:00,8195,8208,8190,8206,5
2026-07-23 05:40:00+00:00,8206,8213,8200,8213,37
2026-07-23 05:45:00+00:00,8213,8213,8210,8210,1
2026-07-23 05:50:00+00:00,8210,8236,8210,8236,11
2026-07-23 05:55:00+00:00,8236,8243,8234,8235,10
2026-07-23 06:00:00+00:00,8233,8237,8220,8220,7
2026-07-23 06:05:00+00:00,8220,8225,8216,8225,26
2026-07-23 06:10:00+00:00,8225,8225,8211,8211,2
2026-07-23 06:15:00+00:00,8211,8221,8209,8221,3
2026-07-23 06:25:00+00:00,8221,8232,8221,8232,1
2026-07-23 06:30:00+00:00,8232,8243,8232,8241,7
2026-07-23 06:35:00+00:00,8241,8247,8239,8247,10
2026-07-23 06:40:00+00:00,8247,8255,8242,8249,22
2026-07-23 06:45:00+00:00,8249,8249,8243,8246,7
2026-07-23 06:50:00+00:00,8246,8265,8246,8263,18
2026-07-23 06:55:00+00:00,8263,8266,8258,8258,10
2026-07-23 07:00:00+00:00,8255,8289,8255,8282,41
2026-07-23 07:05:00+00:00,8282,8309,8277,8299,49
2026-07-23 07:10:00+00:00,8299,8312,8286,8286,29
2026-07-23 07:15:00+00:00,8286,8321,8286,8309,23
2026-07-23 07:20:00+00:00,8309,8318,8296,8307,39
2026-07-23 07:25:00+00:00,8307,8307,8271,8285,20
2026-07-23 07:30:00+00:00,8285,8305,8285,8298,34
2026-07-23 07:35:00+00:00,8298,8322,8298,8320,28
2026-07-23 07:40:00+00:00,8320,8332,8319,8323,49
2026-07-23 07:45:00+00:00,8320,8337,8306,8319,60
2026-07-23 07:50:00+00:00,8319,8323,8291,8297,59
2026-07-23 07:55:00+00:00,8297,8320,8281,8306,55
2026-07-23 08:00:00+00:00,8306,8324,8305,8311,19
2026-07-23 08:05:00+00:00,8311,8311,8270,8270,27
2026-07-23 08:10:00+00:00,8270,8302,8270,8301,12
2026-07-23 08:15:00+00:00,8301,8305,8291,8292,16
2026-07-23 08:20:00+00:00,8292,8318,8289,8318,7
2026-07-23 08:25:00+00:00,8318,8318,8307,8307,24
2026-07-23 08:30:00+00:00,8307,8328,8305,8328,34
2026-07-23 08:35:00+00:00,8328,8328,8317,8322,20
2026-07-23 08:40:00+00:00,8322,8325,8320,8325,5
2026-07-23 08:45:00+00:00,8325,8325,8289,8293,38
2026-07-23 08:50:00+00:00,8293,8309,8291,8307,25
2026-07-23 08:55:00+00:00,8307,8319,8307,8315,35
2026-07-23 09:00:00+00:00,8315,8321,8286,8286,136
2026-07-23 09:05:00+00:00,8286,8331,8286,8320,60
2026-07-23 09:10:00+00:00,8320,8346,8317,8346,35
2026-07-23 09:15:00+00:00,8346,8346,8335,8341,10
2026-07-23 09:20:00+00:00,8341,8370,8341,8365,61
2026-07-23 09:25:00+00:00,8364,8364,8354,8354,46
2026-07-23 09:30:00+00:00,8354,8360,8346,8346,24
2026-07-23 09:35:00+00:00,8346,8367,8346,8352,30
2026-07-23 09:40:00+00:00,8352,8353,8326,8326,38
2026-07-23 09:45:00+00:00,8326,8337,8320,8320,56
2026-07-23 09:50:00+00:00,8320,8343,8320,8327,26
2026-07-23 09:55:00+00:00,8327,8362,8326,8355,54
2026-07-23 10:00:00+00:00,8355,8363,8325,8325,68
2026-07-23 10:05:00+00:00,8325,8332,8325,8326,8
2026-07-23 10:10:00+00:00,8326,8375,8326,8348,68
2026-07-23 10:15:00+00:00,8348,8367,8340,8366,33
2026-07-23 10:20:00+00:00,8366,8376,8360,8376,17
2026-07-23 10:25:00+00:00,8376,8376,8355,8362,13
2026-07-23 10:30:00+00:00,8362,8377,8355,8360,36
2026-07-23 10:35:00+00:00,8360,8376,8357,8372,21
2026-07-23 10:40:00+00:00,8372,8372,8343,8343,32
2026-07-23 10:45:00+00:00,8343,8358,8343,8353,30
2026-07-23 10:50:00+00:00,8353,8353,8334,8336,53
2026-07-23 10:55:00+00:00,8336,8337,8332,8332,11
2026-07-23 11:00:00+00:00,8332,8353,8332,8353,10
2026-07-23 11:05:00+00:00,8353,8371,8353,8359,42
2026-07-23 11:10:00+00:00,8359,8363,8351,8353,9
2026-07-23 11:15:00+00:00,8353,8385,8348,8385,47
2026-07-23 11:20:00+00:00,8385,8385,8365,8376,28
2026-07-23 11:25:00+00:00,8376,8381,8364,8375,29
2026-07-23 11:30:00+00:00,8375,8392,8359,8392,19
2026-07-23 11:35:00+00:00,8392,8404,8387,8403,78
2026-07-23 11:40:00+00:00,8403,8403,8386,8390,24
2026-07-23 11:45:00+00:00,8390,8390,8368,8370,19
2026-07-23 11:50:00+00:00,8365,8375,8345,8375,49
2026-07-23 11:55:00+00:00,8375,8384,8371,8377,9
2026-07-23 12:00:00+00:00,8377,8388,8372,8373,32
2026-07-23 12:05:00+00:00,8373,8386,8372,8383,20
2026-07-23 12:10:00+00:00,8383,8409,8376,8404,32
2026-07-23 12:15:00+00:00,8404,8430,8381,8387,95
2026-07-23 12:20:00+00:00,8387,8405,8373,8405,18
2026-07-23 12:25:00+00:00,8405,8405,8392,8392,14
2026-07-23 12:30:00+00:00,8392,8416,8392,8394,36
2026-07-23 12:35:00+00:00,8394,8394,8383,8391,10
2026-07-23 12:40:00+00:00,8391,8425,8391,8425,19
2026-07-23 12:45:00+00:00,8425,8427,8409,8409,19
2026-07-23 12:50:00+00:00,8409,8436,8409,8433,31
2026-07-23 12:55:00+00:00,8433,8433,8395,8407,16
2026-07-23 13:00:00+00:00,8407,8445,8407,8429,43
2026-07-23 13:05:00+00:00,8429,8440,8419,8423,42
2026-07-23 13:10:00+00:00,8423,8456,8423,8448,82
2026-07-23 13:15:00+00:00,8448,8464,8400,8405,84
2026-07-23 13:20:00+00:00,8405,8439,8394,8439,35
2026-07-23 13:25:00+00:00,8452,8452,8433,8436,16
2026-07-23 13:30:00+00:00,8436,8447,8411,8430,35
2026-07-23 13:35:00+00:00,8430,8448,8426,8448,7
2026-07-23 13:40:00+00:00,8448,8468,8448,8462,38
2026-07-23 13:45:00+00:00,8465,8480,8457,8473,84
2026-07-23 13:50:00+00:00,8473,8500,8473,8494,24
2026-07-23 13:55:00+00:00,8494,8498,8481,8489,13
2026-07-23 14:00:00+00:00,8489,8490,8471,8475,20
2026-07-23 14:05:00+00:00,8475,8510,8475,8500,23
2026-07-23 14:10:00+00:00,8500,8500,8475,8485,33
2026-07-23 14:15:00+00:00,8485,8485,8441,8469,62
2026-07-23 14:20:00+00:00,8469,8497,8469,8497,63
2026-07-23 14:25:00+00:00,8497,8502,8485,8501,33
2026-07-23 14:30:00+00:00,8501,8513,8495,8510,20
2026-07-23 14:35:00+00:00,8510,8519,8478,8485,60
2026-07-23 14:40:00+00:00,8489,8501,8474,8501,31
2026-07-23 14:45:00+00:00,8501,8533,8500,8523,56
2026-07-23 14:50:00+00:00,8529,8531,8515,8531,17
2026-07-23 14:55:00+00:00,8531,8531,8516,8516,15
2026-07-23 15:00:00+00:00,8512,8517,8492,8510,42
2026-07-23 15:05:00+00:00,8510,8524,8505,8518,100
2026-07-23 15:10:00+00:00,8518,8528,8490,8490,96
2026-07-23 15:15:00+00:00,8490,8510,8490,8510,26
2026-07-23 15:20:00+00:00,8510,8551,8510,8538,137
2026-07-23 15:25:00+00:00,8538,8554,8526,8526,43
2026-07-23 15:30:00+00:00,8526,8542,8521,8530,41
2026-07-23 15:35:00+00:00,8530,8530,8510,8519,59
2026-07-23 15:40:00+00:00,8519,8528,8490,8521,137
2026-07-23 15:45:00+00:00,8521,8521,8494,8494,14
2026-07-23 15:50:00+00:00,8494,8511,8494,8510,4
2026-07-23 15:55:00+00:00,8510,8524,8505,8505,14
2026-07-23 16:00:00+00:00,8505,8519,8480,8519,31
2026-07-23 16:05:00+00:00,8519,8539,8517,8517,61
2026-07-23 16:10:00+00:00,8517,8525,8490,8492,30
2026-07-23 16:15:00+00:00,8492,8504,8489,8500,24
2026-07-23 16:20:00+00:00,8500,8512,8500,8512,2
2026-07-23 16:25:00+00:00,8512,8512,8496,8497,30
2026-07-23 16:30:00+00:00,8497,8529,8492,8527,18
2026-07-23 16:35:00+00:00,8527,8536,8521,8531,120
2026-07-23 16:40:00+00:00,8531,8531,8510,8510,8
2026-07-23 16:45:00+00:00,8510,8532,8510,8526,19
2026-07-23 16:50:00+00:00,8526,8526,8514,8524,24
2026-07-23 16:55:00+00:00,8524,8529,8522,8522,2
2026-07-23 17:00:00+00:00,8522,8537,8521,8537,23
2026-07-23 17:05:00+00:00,8537,8549,8524,8549,30
2026-07-23 17:10:00+00:00,8549,8549,8529,8534,26
2026-07-23 17:15:00+00:00,8534,8548,8534,8547,23
2026-07-23 17:20:00+00:00,8547,8547,8540,8545,25
2026-07-23 17:25:00+00:00,8545,8545,8531,8543,17
2026-07-23 17:30:00+00:00,8543,8551,8540,8540,26
2026-07-23 17:35:00+00:00,8540,8552,8540,8552,49
2026-07-23 17:40:00+00:00,8552,8582,8551,8581,56
2026-07-23 17:45:00+00:00,8581,8600,8579,8579,114
2026-07-23 17:50:00+00:00,8579,8601,8577,8600,97
2026-07-23 17:55:00+00:00,8600,8610,8591,8600,73
2026-07-24 03:30:00+00:00,8495,8497,8470,8470,227
2026-07-24 03:35:00+00:00,8468,8471,8455,8455,50
2026-07-24 03:40:00+00:00,8455,8460,8449,8449,27
2026-07-24 03:45:00+00:00,8449,8449,8434,8435,42
2026-07-24 03:50:00+00:00,8435,8435,8428,8428,20
2026-07-24 03:55:00+00:00,8428,8435,8427,8431,16
2026-07-24 04:00:00+00:00,8431,8442,8429,8432,22
2026-07-24 04:05:00+00:00,8432,8433,8405,8412,35
2026-07-24 04:10:00+00:00,8412,8425,8412,8421,24
2026-07-24 04:15:00+00:00,8421,8428,8421,8423,11
2026-07-24 04:20:00+00:00,8423,8431,8423,8423,20
2026-07-24 04:25:00+00:00,8423,8423,8414,8421,12
2026-07-24 04:30:00+00:00,8421,8424,8372,8420,94
2026-07-24 04:35:00+00:00,8420,8428,8420,8423,4
2026-07-24 04:40:00+00:00,8423,8431,8421,8421,4
2026-07-24 04:45:00+00:00,8421,8432,8421,8432,21
2026-07-24 04:50:00+00:00,8432,8432,8420,8420,12
2026-07-24 04:55:00+00:00,8421,8429,8421,8425,8
2026-07-24 05:00:00+00:00,8425,8431,8418,8418,13
2026-07-24 05:05:00+00:00,8418,8430,8418,8425,5
2026-07-24 05:10:00+00:00,8425,8434,8425,8432,12
2026-07-24 05:15:00+00:00,8432,8437,8429,8437,10
2026-07-24 05:20:00+00:00,8437,8439,8436,8436,15
2026-07-24 05:25:00+00:00,8436,8436,8429,8430,2
2026-07-24 05:30:00+00:00,8430,8433,8424,8433,2
2026-07-24 05:35:00+00:00,8433,8435,8414,8414,10
2026-07-24 05:40:00+00:00,8414,8414,8393,8404,29
2026-07-24 05:45:00+00:00,8404,8404,8371,8372,65
2026-07-24 05:50:00+00:00,8372,8409,8372,8404,39
2026-07-24 05:55:00+00:00,8404,8404,8400,8400,5
2026-07-24 06:00:00+00:00,8400,8400,8400,8400,2
2026-07-24 06:05:00+00:00,8397,8397,8390,8390,23
2026-07-24 06:10:00+00:00,8390,8397,8380,8395,9
2026-07-24 06:15:00+00:00,8395,8409,8388,8391,10
2026-07-24 06:20:00+00:00,8388,8392,8378,8391,77
2026-07-24 06:25:00+00:00,8391,8400,8380,8395,27
2026-07-24 06:30:00+00:00,8395,8400,8365,8365,11
2026-07-24 06:35:00+00:00,8363,8391,8363,8391,9
2026-07-24 06:40:00+00:00,8391,8391,8378,8378,4
2026-07-24 06:45:00+00:00,8378,8382,8360,8360,18
2026-07-24 06:50:00+00:00,8360,8360,8342,8359,148
2026-07-24 06:55:00+00:00,8359,8360,8333,8340,62
2026-07-24 07:00:00+00:00,8342,8343,8315,8340,80
2026-07-24 07:05:00+00:00,8340,8360,8338,8355,24
2026-07-24 07:10:00+00:00,8355,8355,8326,8334,25
2026-07-24 07:15:00+00:00,8339,8339,8316,8319,176
2026-07-24 07:20:00+00:00,8319,8339,8319,8321,28
2026-07-24 07:25:00+00:00,8326,8326,8296,8297,157
2026-07-24 07:30:00+00:00,8297,8313,8288,8313,83
2026-07-24 07:35:00+00:00,8313,8337,8312,8335,15
2026-07-24 07:40:00+00:00,8335,8343,8326,8335,19
2026-07-24 07:45:00+00:00,8335,8337,8320,8324,13
2026-07-24 07:50:00+00:00,8324,8324,8303,8303,7
2026-07-24 07:55:00+00:00,8303,8315,8300,8315,11
2026-07-24 08:00:00+00:00,8318,8340,8318,8335,53
2026-07-24 08:05:00+00:00,8335,8350,8324,8326,108
2026-07-24 08:10:00+00:00,8326,8344,8320,8320,13
2026-07-24 08:15:00+00:00,8320,8344,8320,8330,9
2026-07-24 08:20:00+00:00,8330,8336,8324,8325,18
2026-07-24 08:25:00+00:00,8325,8325,8282,8290,78
2026-07-24 08:30:00+00:00,8289,8301,8273,8282,60
2026-07-24 08:35:00+00:00,8282,8290,8261,8269,121
2026-07-24 08:40:00+00:00,8269,8276,8252,8254,67
2026-07-24 08:45:00+00:00,8254,8289,8253,8256,19
2026-07-24 08:50:00+00:00,8256,8265,8248,8257,41
2026-07-24 08:55:00+00:00,8257,8275,8246,8255,54
2026-07-24 09:00:00+00:00,8255,8257,8227,8239,45
2026-07-24 09:05:00+00:00,8239,8244,8211,8214,73
2026-07-24 09:10:00+00:00,8214,8244,8207,8241,73
2026-07-24 09:15:00+00:00,8241,8241,8209,8218,80
2026-07-24 09:20:00+00:00,8218,8232,8209,8226,95
2026-07-24 09:25:00+00:00,8226,8247,8223,8247,76
2026-07-24 09:30:00+00:00,8247,8258,8222,8230,97
2026-07-24 09:35:00+00:00,8230,8238,8230,8234,15
2026-07-24 09:40:00+00:00,8234,8237,8224,8236,16
2026-07-24 09:45:00+00:00,8236,8248,8225,8225,13
2026-07-24 09:50:00+00:00,8225,8255,8225,8249,37
2026-07-24 09:55:00+00:00,8249,8249,8232,8235,17
2026-07-24 10:00:00+00:00,8235,8264,8232,8261,41
2026-07-24 10:05:00+00:00,8262,8282,8260,8276,54
2026-07-24 10:10:00+00:00,8276,8289,8274,8285,52
2026-07-24 10:15:00+00:00,8285,8300,8284,8300,76
2026-07-24 10:20:00+00:00,8295,8300,8267,8267,44
2026-07-24 10:25:00+00:00,8267,8288,8267,8286,6
2026-07-24 10:30:00+00:00,8286,8317,8286,8311,57
2026-07-24 10:35:00+00:00,8311,8321,8308,8318,33
2026-07-24 10:40:00+00:00,8318,8318,8305,8310,29
2026-07-24 10:45:00+00:00,8310,8310,8287,8291,15
2026-07-24 10:50:00+00:00,8291,8325,8291,8324,49
2026-07-24 10:55:00+00:00,8324,8324,8300,8306,29
2026-07-24 11:00:00+00:00,8306,8306,8284,8293,19
2026-07-24 11:05:00+00:00,8293,8302,8292,8302,5
2026-07-24 11:10:00+00:00,8302,8315,8302,8304,17
2026-07-24 11:15:00+00:00,8304,8304,8291,8299,7
2026-07-24 11:20:00+00:00,8299,8299,8289,8289,1
2026-07-24 11:25:00+00:00,8289,8294,8281,8294,5
2026-07-24 11:30:00+00:00,8294,8300,8290,8300,7
2026-07-24 11:35:00+00:00,8300,8312,8262,8279,13
2026-07-24 11:40:00+00:00,8279,8290,8279,8290,7
2026-07-24 11:45:00+00:00,8290,8325,8290,8306,47
2026-07-24 11:50:00+00:00,8306,8309,8298,8306,86
2026-07-24 11:55:00+00:00,8306,8306,8215,8252,115
2026-07-24 12:00:00+00:00,8252,8280,8249,8276,53
2026-07-24 12:05:00+00:00,8276,8301,8276,8298,43
2026-07-24 12:10:00+00:00,8298,8303,8283,8283,75
2026-07-24 12:15:00+00:00,8278,8282,8258,8263,23
2026-07-24 12:20:00+00:00,8263,8281,8263,8266,22
2026-07-24 12:25:00+00:00,8266,8297,8257,8257,22
2026-07-24 12:30:00+00:00,8257,8260,8255,8256,9
2026-07-24 12:35:00+00:00,8250,8252,8220,8224,43
2026-07-24 12:40:00+00:00,8224,8234,8217,8234,11
2026-07-24 12:45:00+00:00,8234,8252,8234,8252,15
2026-07-24 12:50:00+00:00,8252,8263,8252,8263,20
2026-07-24 12:55:00+00:00,8263,8267,8250,8250,51
2026-07-24 13:00:00+00:00,8250,8273,8229,8268,15
2026-07-24 13:05:00+00:00,8268,8293,8268,8284,71
2026-07-24 13:10:00+00:00,8284,8290,8273,8289,14
2026-07-24 13:15:00+00:00,8289,8297,8289,8294,75
2026-07-24 13:20:00+00:00,8294,8328,8294,8324,137
2026-07-24 13:25:00+00:00,8324,8325,8302,8319,76
2026-07-24 13:30:00+00:00,8319,8328,8300,8300,25
2026-07-24 13:35:00+00:00,8300,8315,8300,8305,65
2026-07-24 13:40:00+00:00,8305,8322,8304,8318,33
2026-07-24 13:45:00+00:00,8321,8322,8263,8263,38
2026-07-24 13:50:00+00:00,8263,8305,8263,8297,13
2026-07-24 13:55:00+00:00,8297,8297,8280,8288,20
2026-07-24 14:00:00+00:00,8288,8288,8265,8276,12
2026-07-24 14:05:00+00:00,8276,8281,8269,8269,11
2026-07-24 14:10:00+00:00,8269,8286,8269,8286,18
2026-07-24 14:15:00+00:00,8286,8286,8269,8278,37
2026-07-24 14:20:00+00:00,8278,8290,8263,8290,24
2026-07-24 14:25:00+00:00,8290,8290,8242,8260,40
2026-07-24 14:30:00+00:00,8260,8260,8251,8260,10
2026-07-24 14:35:00+00:00,8260,8280,8255,8280,16
2026-07-24 14:40:00+00:00,8280,8280,8257,8257,28
2026-07-24 14:45:00+00:00,8257,8273,8251,8273,24
2026-07-24 14:50:00+00:00,8273,8273,8257,8270,3
2026-07-24 14:55:00+00:00,8270,8272,8269,8269,4
2026-07-24 15:00:00+00:00,8269,8295,8269,8293,15
2026-07-24 15:05:00+00:00,8293,8305,8287,8300,43
2026-07-24 15:10:00+00:00,8299,8306,8211,8221,342
2026-07-24 15:15:00+00:00,8221,8235,8180,8209,213
2026-07-24 15:20:00+00:00,8209,8209,8180,8190,94
2026-07-24 15:25:00+00:00,8190,8206,8152,8158,220
2026-07-24 15:30:00+00:00,8156,8181,8146,8180,338
2026-07-24 15:35:00+00:00,8180,8193,8140,8157,95
2026-07-24 15:40:00+00:00,8157,8198,8149,8187,136
2026-07-24 15:45:00+00:00,8187,8218,8187,8218,26
2026-07-24 15:50:00+00:00,8218,8220,8192,8192,27
2026-07-24 15:55:00+00:00,8192,8203,8188,8193,51
2026-07-24 16:00:00+00:00,8193,8215,8193,8199,25
2026-07-24 16:05:00+00:00,8199,8215,8198,8215,32
2026-07-24 16:10:00+00:00,8215,8224,8209,8224,45
2026-07-24 16:15:00+00:00,8224,8224,8206,8206,5
2026-07-24 16:20:00+00:00,8206,8214,8200,8214,29
2026-07-24 16:25:00+00:00,8214,8214,8181,8186,100
2026-07-24 16:30:00+00:00,8186,8215,8186,8190,115
2026-07-24 16:35:00+00:00,8190,8206,8190,8206,2
2026-07-24 16:40:00+00:00,8206,8208,8188,8191,10
2026-07-24 16:45:00+00:00,8191,8198,8173,8192,59
2026-07-24 16:50:00+00:00,8192,8200,8189,8200,7
2026-07-24 16:55:00+00:00,8200,8201,8196,8198,22
2026-07-24 17:00:00+00:00,8198,8203,8193,8196,28
2026-07-24 17:05:00+00:00,8196,8213,8196,8212,19
2026-07-24 17:10:00+00:00,8212,8221,8210,8218,10
2026-07-24 17:15:00+00:00,8218,8235,8217,8235,40
2026-07-24 17:20:00+00:00,8235,8245,8227,8240,38
2026-07-24 17:25:00+00:00,8240,8243,8217,8233,23
2026-07-24 17:30:00+00:00,8240,8243,8235,8241,10
2026-07-24 17:35:00+00:00,8241,8254,8241,8252,30
2026-07-24 17:40:00+00:00,8252,8254,8240,8250,10
2026-07-24 17:45:00+00:00,8250,8250,8241,8250,23
2026-07-24 17:50:00+00:00,8244,8252,8239,8252,36
2026-07-24 17:55:00+00:00,8252,8265,8242,8263,37
2026-07-27 03:30:00+00:00,7995,7995,7918,7931,259
2026-07-27 03:35:00+00:00,7931,7931,7919,7923,71
2026-07-27 03:40:00+00:00,7923,7928,7923,7927,106
2026-07-27 03:45:00+00:00,7927,7947,7925,7945,101
2026-07-27 03:50:00+00:00,7945,7957,7945,7954,161
2026-07-27 03:55:00+00:00,7954,7954,7934,7937,34
2026-07-27 04:00:00+00:00,7937,7937,7907,7916,70
2026-07-27 04:05:00+00:00,7916,7929,7916,7929,43
2026-07-27 04:10:00+00:00,7929,7934,7926,7927,47
2026-07-27 04:15:00+00:00,7927,7929,7915,7915,10
2026-07-27 04:20:00+00:00,7915,7922,7912,7915,22
2026-07-27 04:25:00+00:00,7911,7911,7899,7899,77
2026-07-27 04:30:00+00:00,7899,7905,7899,7901,17
2026-07-27 04:35:00+00:00,7901,7901,7885,7885,15
2026-07-27 04:40:00+00:00,7885,7889,7872,7878,55
2026-07-27 04:45:00+00:00,7878,7886,7875,7883,17
2026-07-27 04:50:00+00:00,7884,7900,7884,7891,7
2026-07-27 04:55:00+00:00,7891,7901,7891,7898,9
2026-07-27 05:00:00+00:00,7898,7908,7891,7908,17
2026-07-27 05:05:00+00:00,7908,7910,7896,7896,14
2026-07-27 05:10:00+00:00,7896,7896,7890,7891,11
2026-07-27 05:15:00+00:00,7891,7907,7891,7907,12
2026-07-27 05:20:00+00:00,7907,7907,7878,7880,12
2026-07-27 05:25:00+00:00,7880,7887,7879,7883,7
2026-07-27 05:30:00+00:00,7878,7895,7878,7887,10
2026-07-27 05:40:00+00:00,7887,7893,7879,7879,11
2026-07-27 05:45:00+00:00,7879,7880,7871,7871,11
2026-07-27 05:50:00+00:00,7871,7871,7857,7857,19
2026-07-27 05:55:00+00:00,7857,7873,7852,7873,40
2026-07-27 06:00:00+00:00,7873,7873,7832,7835,34
2026-07-27 06:05:00+00:00,7835,7839,7828,7835,22
2026-07-27 06:10:00+00:00,7835,7835,7795,7799,98
2026-07-27 06:15:00+00:00,7799,7809,7781,7785,44
2026-07-27 06:20:00+00:00,7785,7810,7782,7810,49
2026-07-27 06:25:00+00:00,7810,7810,7800,7803,124
2026-07-27 06:30:00+00:00,7803,7818,7803,7811,10
2026-07-27 06:35:00+00:00,7811,7811,7795,7810,13
2026-07-27 06:40:00+00:00,7810,7815,7800,7800,34
2026-07-27 06:45:00+00:00,7800,7807,7795,7795,47
2026-07-27 06:50:00+00:00,7795,7810,7780,7794,93
2026-07-27 06:55:00+00:00,7794,7803,7781,7784,30
2026-07-27 07:00:00+00:00,7784,7825,7775,7821,88
2026-07-27 07:05:00+00:00,7821,7827,7811,7811,6
2026-07-27 07:10:00+00:00,7808,7808,7777,7777,43
2026-07-27 07:15:00+00:00,7777,7781,7767,7767,45
2026-07-27 07:20:00+00:00,7767,7794,7767,7794,34
2026-07-27 07:25:00+00:00,7794,7810,7790,7803,38
2026-07-27 07:30:00+00:00,7803,7831,7803,7820,19
2026-07-27 07:35:00+00:00,7820,7820,7802,7818,7
2026-07-27 07:40:00+00:00,7818,7826,7809,7826,8
2026-07-27 07:45:00+00:00,7826,7835,7813,7826,32
2026-07-27 07:50:00+00:00,7826,7826,7800,7814,10
2026-07-27 07:55:00+00:00,7814,7851,7791,7851,34
2026-07-27 08:00:00+00:00,7854,7877,7843,7874,33
2026-07-27 08:05:00+00:00,7874,7874,7818,7834,38
2026-07-27 08:10:00+00:00,7834,7850,7828,7828,16
2026-07-27 08:15:00+00:00,7828,7828,7794,7794,16
2026-07-27 08:20:00+00:00,7794,7802,7791,7802,23
2026-07-27 08:25:00+00:00,7802,7802,7766,7769,73
2026-07-27 08:30:00+00:00,7770,7780,7756,7776,71
2026-07-27 08:35:00+00:00,7776,7791,7774,7782,38
2026-07-27 08:40:00+00:00,7782,7782,7753,7753,63
2026-07-27 08:45:00+00:00,7753,7769,7753,7753,52
2026-07-27 08:50:00+00:00,7753,7753,7753,7753,2
2026-07-27 08:55:00+00:00,7753,7753,7704,7713,54
2026-07-27 09:00:00+00:00,7712,7734,7712,7733,20
2026-07-27 09:05:00+00:00,7733,7745,7733,7745,24
2026-07-27 09:10:00+00:00,7745,7745,7728,7731,26
2026-07-27 09:15:00+00:00,7731,7738,7725,7738,7
2026-07-27 09:20:00+00:00,7738,7742,7725,7728,10
2026-07-27 09:25:00+00:00,7728,7728,7689,7703,158
2026-07-27 09:30:00+00:00,7703,7715,7689,7706,72
2026-07-27 09:35:00+00:00,7706,7727,7706,7727,26
2026-07-27 09:40:00+00:00,7727,7727,7703,7703,27
2026-07-27 09:45:00+00:00,7703,7715,7695,7695,69
2026-07-27 09:50:00+00:00,7695,7706,7684,7689,37
2026-07-27 09:55:00+00:00,7689,7693,7674,7692,52
2026-07-27 10:00:00+00:00,7701,7712,7697,7709,99
2026-07-27 10:05:00+00:00,7709,7742,7709,7742,33
2026-07-27 10:10:00+00:00,7742,7791,7742,7767,101
2026-07-27 10:15:00+00:00,7767,7778,7734,7745,17
2026-07-27 10:20:00+00:00,7745,7770,7740,7764,68
2026-07-27 10:25:00+00:00,7764,7765,7748,7748,40
2026-07-27 10:30:00+00:00,7748,7755,7745,7745,4
2026-07-27 10:35:00+00:00,7745,7760,7745,7750,9
2026-07-27 10:40:00+00:00,7750,7758,7749,7749,6
2026-07-27 10:45:00+00:00,7749,7760,7749,7760,12
2026-07-27 10:50:00+00:00,7760,7770,7751,7757,82
2026-07-27 10:55:00+00:00,7757,7777,7747,7777,26
2026-07-27 11:00:00+00:00,7777,7785,7769,7785,20
2026-07-27 11:05:00+00:00,7785,7788,7782,7788,6
2026-07-27 11:10:00+00:00,7788,7795,7788,7791,7
2026-07-27 11:15:00+00:00,7791,7791,7786,7786,3
2026-07-27 11:20:00+00:00,7786,7795,7784,7784,9
2026-07-27 11:25:00+00:00,7784,7820,7784,7820,67
2026-07-27 11:30:00+00:00,7830,7830,7763,7767,46
2026-07-27 11:35:00+00:00,7767,7767,7765,7765,2
2026-07-27 11:40:00+00:00,7765,7792,7755,7762,100
2026-07-27 11:45:00+00:00,7762,7770,7762,7770,13
2026-07-27 11:50:00+00:00,7770,7776,7770,7773,3
2026-07-27 11:55:00+00:00,7773,7774,7771,7774,4
2026-07-27 12:00:00+00:00,7774,7798,7774,7795,4
2026-07-27 12:05:00+00:00,7795,7819,7795,7819,37
2026-07-27 12:10:00+00:00,7819,7870,7816,7852,114
2026-07-27 12:15:00+00:00,7852,7852,7827,7851,36
2026-07-27 12:20:00+00:00,7851,7860,7844,7844,33
2026-07-27 12:25:00+00:00,7844,7849,7841,7844,11
2026-07-27 12:30:00+00:00,7844,7858,7830,7830,12
2026-07-27 12:35:00+00:00,7830,7834,7826,7831,15
2026-07-27 12:40:00+00:00,7831,7846,7831,7846,6
2026-07-27 12:45:00+00:00,7846,7846,7832,7843,22
2026-07-27 12:50:00+00:00,7843,7877,7843,7877,64
2026-07-27 12:55:00+00:00,7877,7877,7851,7851,17
2026-07-27 13:00:00+00:00,7851,7872,7841,7855,49
2026-07-27 13:05:00+00:00,7855,7874,7844,7866,30
2026-07-27 13:10:00+00:00,7866,7866,7845,7860,31
2026-07-27 13:15:00+00:00,7860,7888,7856,7878,52
2026-07-27 13:20:00+00:00,7878,7883,7868,7868,36
2026-07-27 13:25:00+00:00,7868,7880,7862,7880,44
2026-07-27 13:30:00+00:00,7880,7880,7840,7840,25
2026-07-27 13:35:00+00:00,7840,7844,7807,7807,12
2026-07-27 13:40:00+00:00,7807,7826,7807,7811,23
2026-07-27 13:45:00+00:00,7811,7828,7805,7805,6
2026-07-27 13:50:00+00:00,7805,7846,7805,7846,22
2026-07-27 13:55:00+00:00,7846,7856,7845,7845,33
2026-07-27 14:00:00+00:00,7845,7848,7814,7816,9
2026-07-27 14:05:00+00:00,7816,7818,7800,7810,18
2026-07-27 14:10:00+00:00,7810,7810,7787,7793,37
2026-07-27 14:15:00+00:00,7793,7800,7792,7800,18
2026-07-27 14:20:00+00:00,7800,7806,7796,7796,5
2026-07-27 14:25:00+00:00,7796,7811,7789,7800,15
2026-07-27 14:30:00+00:00,7800,7815,7800,7805,12
2026-07-27 14:35:00+00:00,7805,7810,7794,7799,44
2026-07-27 14:40:00+00:00,7799,7800,7786,7790,38
2026-07-27 14:45:00+00:00,7790,7790,7782,7784,14
2026-07-27 14:50:00+00:00,7784,7810,7784,7799,15
2026-07-27 14:55:00+00:00,7799,7809,7785,7792,6
2026-07-27 15:00:00+00:00,7792,7803,7772,7772,96
2026-07-27 15:05:00+00:00,7772,7797,7772,7783,24
2026-07-27 15:10:00+00:00,7783,7783,7768,7781,17
2026-07-27 15:15:00+00:00,7781,7782,7766,7766,29
2026-07-27 15:20:00+00:00,7766,7787,7756,7784,24
2026-07-27 15:25:00+00:00,7784,7784,7766,7766,18
2026-07-27 15:30:00+00:00,7766,7784,7758,7778,35
2026-07-27 15:35:00+00:00,7778,7781,7766,7781,13
2026-07-27 15:40:00+00:00,7781,7782,7770,7770,5
2026-07-27 15:45:00+00:00,7770,7774,7768,7773,17
2026-07-27 15:50:00+00:00,7773,7773,7767,7770,6
2026-07-27 15:55:00+00:00,7770,7786,7770,7783,6
2026-07-27 16:00:00+00:00,7783,7783,7767,7774,7
2026-07-27 16:05:00+00:00,7780,7780,7775,7775,3
2026-07-27 16:10:00+00:00,7775,7783,7772,7773,7
2026-07-27 16:15:00+00:00,7773,7810,7770,7810,57
2026-07-27 16:20:00+00:00,7810,7811,7810,7811,4
2026-07-27 16:25:00+00:00,7811,7811,7739,7759,304
2026-07-27 16:30:00+00:00,7750,7756,7706,7708,110
2026-07-27 16:35:00+00:00,7708,7737,7707,7737,51
2026-07-27 16:40:00+00:00,7737,7740,7731,7740,66
2026-07-27 16:45:00+00:00,7740,7766,7737,7765,55
2026-07-27 16:50:00+00:00,7765,7780,7759,7765,54
2026-07-27 16:55:00+00:00,7765,7765,7744,7744,20
2026-07-27 17:00:00+00:00,7744,7751,7744,7751,8
2026-07-27 17:05:00+00:00,7751,7751,7726,7739,39
2026-07-27 17:10:00+00:00,7739,7739,7727,7732,12
2026-07-27 17:15:00+00:00,7732,7732,7731,7731,3
2026-07-27 17:20:00+00:00,7731,7737,7727,7732,14
2026-07-27 17:25:00+00:00,7732,7732,7727,7727,6
2026-07-27 17:30:00+00:00,7727,7740,7727,7732,24
2026-07-27 17:35:00+00:00,7732,7750,7732,7750,15
2026-07-27 17:40:00+00:00,7750,7753,7748,7752,8
2026-07-27 17:45:00+00:00,7752,7760,7750,7750,12
2026-07-27 17:50:00+00:00,7751,7751,7741,7745,36
2026-07-27 17:55:00+00:00,7745,7745,7736,7736,36
2026-07-28 03:30:00+00:00,7650,7995,7623,7646,117
2026-07-28 03:35:00+00:00,7646,7659,7646,7656,45
2026-07-28 03:40:00+00:00,7656,7660,7645,7645,51
2026-07-28 03:45:00+00:00,7645,7650,7643,7647,16
2026-07-28 03:50:00+00:00,7647,7656,7644,7651,30
2026-07-28 03:55:00+00:00,7651,7657,7644,7652,21
2026-07-28 04:00:00+00:00,7652,7657,7652,7657,6
2026-07-28 04:05:00+00:00,7658,7676,7658,7666,68
2026-07-28 04:10:00+00:00,7666,7685,7666,7685,25
2026-07-28 04:15:00+00:00,7685,7691,7672,7672,26
2026-07-28 04:20:00+00:00,7672,7672,7660,7669,32
2026-07-28 04:25:00+00:00,7669,7671,7665,7670,10
2026-07-28 04:30:00+00:00,7670,7674,7670,7674,3
2026-07-28 04:35:00+00:00,7674,7676,7672,7672,3
2026-07-28 04:40:00+00:00,7672,7672,7657,7665,18
2026-07-28 04:45:00+00:00,7665,7669,7661,7663,13
2026-07-28 04:50:00+00:00,7663,7668,7663,7668,8
2026-07-28 04:55:00+00:00,7668,7668,7663,7663,2
2026-07-28 05:00:00+00:00,7663,7668,7657,7657,3
2026-07-28 05:05:00+00:00,7657,7660,7654,7660,23
2026-07-28 05:10:00+00:00,7660,7667,7657,7667,8
2026-07-28 05:15:00+00:00,7667,7668,7657,7661,17
2026-07-28 05:20:00+00:00,7661,7661,7651,7651,24
2026-07-28 05:25:00+00:00,7651,7660,7649,7656,65
2026-07-28 05:30:00+00:00,7661,7696,7661,7696,31
2026-07-28 05:35:00+00:00,7696,7720,7689,7720,26
2026-07-28 05:40:00+00:00,7720,7733,7705,7708,31
2026-07-28 05:45:00+00:00,7708,7708,7700,7703,4
2026-07-28 05:50:00+00:00,7703,7707,7688,7699,20
2026-07-28 05:55:00+00:00,7699,7719,7699,7710,15
2026-07-28 06:00:00+00:00,7710,7716,7695,7716,9
2026-07-28 06:05:00+00:00,7716,7719,7716,7718,5
2026-07-28 06:10:00+00:00,7718,7720,7708,7711,22
2026-07-28 06:15:00+00:00,7711,7711,7711,7711,2
2026-07-28 06:20:00+00:00,7711,7711,7694,7697,51
2026-07-28 06:25:00+00:00,7697,7701,7680,7685,23
2026-07-28 06:30:00+00:00,7685,7685,7645,7645,16
2026-07-28 06:35:00+00:00,7645,7647,7629,7631,61
2026-07-28 06:40:00+00:00,7631,7636,7600,7601,78
2026-07-28 06:45:00+00:00,7601,7618,7597,7606,43
2026-07-28 06:50:00+00:00,7606,7606,7582,7588,62
2026-07-28 06:55:00+00:00,7588,7596,7575,7595,74
2026-07-28 07:00:00+00:00,7595,7623,7587,7623,86
2026-07-28 07:05:00+00:00,7623,7630,7606,7606,22
2026-07-28 07:10:00+00:00,7606,7634,7606,7634,12
2026-07-28 07:15:00+00:00,7634,7643,7624,7624,6
2026-07-28 07:20:00+00:00,7624,7624,7605,7613,42
2026-07-28 07:25:00+00:00,7613,7640,7610,7640,11
2026-07-28 07:30:00+00:00,7640,7642,7631,7636,42
2026-07-28 07:35:00+00:00,7636,7650,7633,7648,13
2026-07-28 07:40:00+00:00,7648,7651,7633,7651,13
2026-07-28 07:45:00+00:00,7651,7651,7641,7641,3
2026-07-28 07:50:00+00:00,7641,7641,7580,7580,66
2026-07-28 07:55:00+00:00,7580,7595,7575,7588,62
2026-07-28 08:00:00+00:00,7588,7602,7588,7595,46
2026-07-28 08:05:00+00:00,7595,7597,7570,7573,87
2026-07-28 08:10:00+00:00,7573,7604,7573,7590,18
2026-07-28 08:15:00+00:00,7590,7610,7585,7600,27
2026-07-28 08:20:00+00:00,7600,7600,7566,7566,45
2026-07-28 08:25:00+00:00,7573,7581,7573,7579,9
2026-07-28 08:30:00+00:00,7579,7582,7560,7560,48
2026-07-28 08:35:00+00:00,7560,7569,7556,7567,46
2026-07-28 08:40:00+00:00,7567,7576,7565,7565,19
2026-07-28 08:45:00+00:00,7565,7565,7543,7547,70
2026-07-28 08:50:00+00:00,7547,7564,7525,7559,50
2026-07-28 08:55:00+00:00,7559,7569,7548,7548,16
2026-07-28 09:00:00+00:00,7560,7586,7558,7576,15
2026-07-28 09:05:00+00:00,7576,7592,7572,7592,10
2026-07-28 09:10:00+00:00,7592,7612,7592,7605,16
2026-07-28 09:15:00+00:00,7605,7621,7595,7598,31
2026-07-28 09:20:00+00:00,7598,7598,7575,7575,27
2026-07-28 09:25:00+00:00,7575,7575,7573,7573,9
2026-07-28 09:30:00+00:00,7573,7595,7568,7581,11
2026-07-28 09:35:00+00:00,7581,7600,7581,7600,9
2026-07-28 09:40:00+00:00,7600,7600,7585,7592,13
2026-07-28 09:45:00+00:00,7592,7608,7591,7608,5
2026-07-28 09:50:00+00:00,7608,7608,7590,7590,5
2026-07-28 09:55:00+00:00,7590,7590,7577,7577,5
2026-07-28 10:00:00+00:00,7577,7600,7577,7600,4
2026-07-28 10:05:00+00:00,7600,7609,7600,7602,4
2026-07-28 10:10:00+00:00,7602,7604,7599,7599,3
2026-07-28 10:15:00+00:00,7599,7627,7599,7622,20
2026-07-28 10:20:00+00:00,7622,7631,7619,7629,18
2026-07-28 10:25:00+00:00,7629,7645,7626,7640,84
2026-07-28 10:30:00+00:00,7640,7640,7628,7633,6
2026-07-28 10:35:00+00:00,7633,7662,7617,7625,80
2026-07-28 10:40:00+00:00,7625,7629,7618,7629,7
2026-07-28 10:45:00+00:00,7629,7629,7619,7625,8
2026-07-28 10:50:00+00:00,7625,7625,7616,7623,47
2026-07-28 10:55:00+00:00,7623,7632,7623,7632,3
2026-07-28 11:00:00+00:00,7632,7632,7621,7621,20
2026-07-28 11:05:00+00:00,7621,7649,7621,7649,4
2026-07-28 11:10:00+00:00,7649,7649,7635,7642,10
2026-07-28 11:15:00+00:00,7642,7642,7592,7610,58
2026-07-28 11:25:00+00:00,7610,7640,7610,7640,14
2026-07-28 11:30:00+00:00,7640,7651,7640,7647,9
2026-07-28 11:35:00+00:00,7647,7673,7647,7673,22
2026-07-28 11:40:00+00:00,7673,7683,7670,7680,48
2026-07-28 11:45:00+00:00,7680,7684,7679,7679,13
2026-07-28 11:50:00+00:00,7679,7679,7667,7667,5
2026-07-28 11:55:00+00:00,7679,7682,7658,7670,12
2026-07-28 12:00:00+00:00,7670,7670,7645,7645,14
2026-07-28 12:05:00+00:00,7645,7651,7640,7651,8
2026-07-28 12:10:00+00:00,7651,7667,7650,7654,9
2026-07-28 12:15:00+00:00,7654,7667,7654,7664,12
2026-07-28 12:20:00+00:00,7664,7664,7641,7641,10
2026-07-28 12:25:00+00:00,7641,7655,7637,7655,3
2026-07-28 12:30:00+00:00,7655,7657,7639,7651,73
2026-07-28 12:35:00+00:00,7651,7651,7617,7623,26
2026-07-28 12:40:00+00:00,7623,7623,7612,7612,4
2026-07-28 12:45:00+00:00,7612,7614,7608,7613,32
2026-07-28 12:50:00+00:00,7613,7613,7601,7601,28
2026-07-28 12:55:00+00:00,7601,7601,7585,7594,35
2026-07-28 13:00:00+00:00,7596,7639,7596,7638,20
2026-07-28 13:05:00+00:00,7638,7638,7625,7630,29
2026-07-28 13:10:00+00:00,7630,7647,7630,7647,10
2026-07-28 13:15:00+00:00,7647,7647,7640,7640,1
2026-07-28 13:20:00+00:00,7640,7640,7615,7625,8
2026-07-28 13:25:00+00:00,7625,7632,7616,7632,2
2026-07-28 13:30:00+00:00,7632,7632,7595,7599,37
2026-07-28 13:35:00+00:00,7599,7617,7594,7614,21
2026-07-28 13:40:00+00:00,7614,7614,7606,7611,21
2026-07-28 13:45:00+00:00,7611,7639,7611,7639,5
2026-07-28 13:50:00+00:00,7639,7639,7625,7625,13
2026-07-28 13:55:00+00:00,7625,7646,7625,7630,5
2026-07-28 14:00:00+00:00,7630,7663,7630,7655,63
2026-07-28 14:05:00+00:00,7655,7655,7634,7647,23
2026-07-28 14:10:00+00:00,7647,7650,7626,7626,34
2026-07-28 14:15:00+00:00,7626,7626,7615,7626,39
2026-07-28 14:20:00+00:00,7626,7628,7615,7628,23
2026-07-28 14:25:00+00:00,7628,7628,7605,7608,6
2026-07-28 14:30:00+00:00,7608,7609,7590,7609,48
2026-07-28 14:35:00+00:00,7609,7615,7589,7615,20
2026-07-28 14:40:00+00:00,7615,7626,7615,7622,17
2026-07-28 14:45:00+00:00,7622,7631,7621,7624,17
2026-07-28 14:50:00+00:00,7624,7645,7624,7628,15
2026-07-28 14:55:00+00:00,7628,7636,7626,7636,20
2026-07-28 15:00:00+00:00,7636,7636,7615,7625,5
2026-07-28 15:05:00+00:00,7625,7642,7620,7620,37
2026-07-28 15:10:00+00:00,7599,7615,7540,7555,289
2026-07-28 15:15:00+00:00,7555,7557,7494,7496,296
2026-07-28 15:20:00+00:00,7496,7512,7460,7495,383
2026-07-28 15:25:00+00:00,7495,7498,7451,7460,204
2026-07-28 15:30:00+00:00,7469,7477,7441,7445,220
2026-07-28 15:35:00+00:00,7445,7461,7416,7461,229
2026-07-28 15:40:00+00:00,7461,7469,7429,7435,87
2026-07-28 15:45:00+00:00,7435,7462,7429,7462,38
2026-07-28 15:50:00+00:00,7466,7466,7402,7403,183
2026-07-28 15:55:00+00:00,7404,7408,7370,7372,131
2026-07-28 16:00:00+00:00,7372,7399,7372,7385,49
2026-07-28 16:05:00+00:00,7385,7406,7383,7387,63
2026-07-28 16:10:00+00:00,7387,7396,7375,7377,67
2026-07-28 16:15:00+00:00,7377,7377,7351,7351,137
2026-07-28 16:20:00+00:00,7356,7382,7356,7379,50
2026-07-28 16:25:00+00:00,7379,7379,7365,7370,35
2026-07-28 16:30:00+00:00,7370,7382,7344,7359,152
2026-07-28 16:35:00+00:00,7359,7367,7342,7347,78
2026-07-28 16:40:00+00:00,7347,7364,7337,7362,90
2026-07-28 16:45:00+00:00,7362,7422,7362,7418,77
2026-07-28 16:50:00+00:00,7418,7418,7378,7378,30
2026-07-28 16:55:00+00:00,7378,7401,7378,7391,44
2026-07-28 17:00:00+00:00,7400,7413,7389,7389,67
2026-07-28 17:05:00+00:00,7389,7401,7379,7395,61
2026-07-28 17:10:00+00:00,7395,7427,7393,7423,80
2026-07-28 17:15:00+00:00,7423,7434,7411,7428,81
2026-07-28 17:20:00+00:00,7428,7428,7365,7422,272
2026-07-28 17:25:00+00:00,7422,7430,7417,7430,13
2026-07-28 17:30:00+00:00,7430,7435,7416,7416,14
2026-07-28 17:35:00+00:00,7416,7440,7416,7440,15
2026-07-28 17:40:00+00:00,7440,7447,7431,7447,40
2026-07-28 17:45:00+00:00,7447,7454,7432,7432,25
2026-07-28 17:50:00+00:00,7429,7445,7425,7445,34
2026-07-28 17:55:00+00:00,7445,7468,7445,7452,153
2026-07-29 03:30:00+00:00,7689,7744,7689,7729,315
2026-07-29 03:35:00+00:00,7728,7729,7718,7721,59
2026-07-29 03:40:00+00:00,7723,7732,7721,7732,112
2026-07-29 03:45:00+00:00,7732,7732,7722,7726,22
2026-07-29 03:50:00+00:00,7726,7744,7726,7744,34
2026-07-29 03:55:00+00:00,7744,7750,7744,7746,27
2026-07-29 04:00:00+00:00,7745,7745,7738,7740,13
2026-07-29 04:05:00+00:00,7740,7740,7728,7729,8
2026-07-29 04:10:00+00:00,7729,7732,7729,7732,7
2026-07-29 04:15:00+00:00,7732,7734,7722,7726,17
2026-07-29 04:20:00+00:00,7726,7726,7720,7722,8
2026-07-29 04:25:00+00:00,7726,7729,7717,7717,16
2026-07-29 04:30:00+00:00,7717,7721,7705,7710,22
2026-07-29 04:35:00+00:00,7710,7710,7698,7702,75
2026-07-29 04:40:00+00:00,7702,7702,7679,7683,101
2026-07-29 04:45:00+00:00,7683,7684,7673,7674,49
2026-07-29 04:50:00+00:00,7676,7678,7658,7671,96
2026-07-29 04:55:00+00:00,7671,7674,7659,7674,12
2026-07-29 05:00:00+00:00,7674,7674,7660,7665,7
2026-07-29 05:05:00+00:00,7665,7665,7653,7656,7
2026-07-29 05:10:00+00:00,7656,7663,7656,7661,4
2026-07-29 05:15:00+00:00,7661,7661,7646,7649,15
2026-07-29 05:20:00+00:00,7649,7667,7649,7667,3
2026-07-29 05:25:00+00:00,7660,7663,7655,7655,13
2026-07-29 05:30:00+00:00,7655,7665,7644,7665,10
2026-07-29 05:35:00+00:00,7665,7666,7665,7666,3
2026-07-29 05:40:00+00:00,7666,7678,7656,7656,20
2026-07-29 05:45:00+00:00,7656,7668,7656,7668,2
2026-07-29 05:50:00+00:00,7668,7668,7660,7663,10
2026-07-29 05:55:00+00:00,7663,7681,7654,7681,13
2026-07-29 06:00:00+00:00,7681,7681,7658,7675,4
2026-07-29 06:05:00+00:00,7675,7698,7675,7693,18
2026-07-29 06:10:00+00:00,7693,7696,7683,7686,81
2026-07-29 06:15:00+00:00,7686,7690,7671,7683,20
2026-07-29 06:20:00+00:00,7689,7689,7675,7675,37
2026-07-29 06:25:00+00:00,7675,7688,7675,7688,4
2026-07-29 06:30:00+00:00,7688,7695,7678,7678,18
2026-07-29 06:35:00+00:00,7678,7678,7660,7666,6
2026-07-29 06:40:00+00:00,7666,7666,7645,7645,9
2026-07-29 06:45:00+00:00,7645,7650,7645,7650,2
2026-07-29 06:50:00+00:00,7650,7650,7649,7649,1
2026-07-29 06:55:00+00:00,7649,7669,7649,7669,1
2026-07-29 07:00:00+00:00,7669,7670,7661,7670,5
2026-07-29 07:05:00+00:00,7670,7670,7643,7643,21
2026-07-29 07:10:00+00:00,7643,7654,7636,7650,18
2026-07-29 07:15:00+00:00,7650,7677,7645,7677,12
2026-07-29 07:20:00+00:00,7677,7681,7663,7663,23
2026-07-29 07:25:00+00:00,7663,7674,7654,7667,12
2026-07-29 07:30:00+00:00,7667,7670,7655,7656,8
2026-07-29 07:35:00+00:00,7656,7656,7630,7630,29
2026-07-29 07:40:00+00:00,7628,7646,7625,7632,46
2026-07-29 07:45:00+00:00,7632,7666,7632,7661,25
2026-07-29 07:50:00+00:00,7661,7675,7660,7672,15
2026-07-29 07:55:00+00:00,7672,7676,7664,7664,71
2026-07-29 08:00:00+00:00,7663,7669,7654,7657,16
2026-07-29 08:05:00+00:00,7657,7674,7649,7670,37
2026-07-29 08:10:00+00:00,7670,7670,7643,7643,16
2026-07-29 08:15:00+00:00,7643,7650,7632,7645,7
2026-07-29 08:20:00+00:00,7645,7657,7645,7657,3
2026-07-29 08:25:00+00:00,7657,7685,7657,7681,45
2026-07-29 08:30:00+00:00,7681,7683,7665,7665,28
2026-07-29 08:35:00+00:00,7665,7676,7646,7652,20
2026-07-29 08:40:00+00:00,7652,7657,7648,7656,12
2026-07-29 08:45:00+00:00,7656,7656,7629,7641,105
2026-07-29 08:50:00+00:00,7641,7652,7625,7652,13
2026-07-29 08:55:00+00:00,7652,7658,7652,7657,27
2026-07-29 09:00:00+00:00,7657,7667,7657,7659,12
2026-07-29 09:05:00+00:00,7659,7672,7658,7658,2
2026-07-29 09:10:00+00:00,7658,7660,7657,7660,3
2026-07-29 09:20:00+00:00,7660,7665,7655,7655,2
2026-07-29 09:25:00+00:00,7655,7668,7655,7668,5
2026-07-29 09:30:00+00:00,7668,7683,7661,7683,17
2026-07-29 09:35:00+00:00,7683,7687,7683,7685,4
2026-07-29 09:40:00+00:00,7685,7685,7676,7676,2
2026-07-29 09:45:00+00:00,7676,7676,7664,7664,3
2026-07-29 09:50:00+00:00,7664,7682,7664,7682,2
2026-07-29 09:55:00+00:00,7682,7694,7680,7683,37
2026-07-29 10:00:00+00:00,7683,7689,7666,7669,18
2026-07-29 10:05:00+00:00,7669,7723,7669,7705,90
2026-07-29 10:10:00+00:00,7705,7720,7698,7719,17
2026-07-29 10:15:00+00:00,7719,7730,7709,7720,26
2026-07-29 10:20:00+00:00,7720,7733,7719,7719,13
2026-07-29 10:25:00+00:00,7719,7723,7708,7720,40
2026-07-29 10:30:00+00:00,7720,7728,7717,7719,10
2026-07-29 10:35:00+00:00,7719,7752,7719,7752,49
2026-07-29 10:40:00+00:00,7752,7758,7742,7744,51
2026-07-29 10:45:00+00:00,7744,7765,7744,7765,176
2026-07-29 10:50:00+00:00,7765,7777,7763,7777,101
2026-07-29 10:55:00+00:00,7777,7784,7773,7775,19
2026-07-29 11:00:00+00:00,7771,7785,7768,7779,18
2026-07-29 11:05:00+00:00,7779,7779,7757,7760,28
2026-07-29 11:10:00+00:00,7760,7774,7760,7774,11
2026-07-29 11:15:00+00:00,7774,7774,7760,7767,17
2026-07-29 11:20:00+00:00,7767,7775,7767,7770,13
2026-07-29 11:25:00+00:00,7770,7770,7737,7743,20
2026-07-29 11:30:00+00:00,7743,7765,7742,7764,13
2026-07-29 11:35:00+00:00,7764,7764,7749,7749,9
2026-07-29 11:40:00+00:00,7749,7757,7745,7757,5
2026-07-29 11:45:00+00:00,7757,7760,7704,7711,102
2026-07-29 11:50:00+00:00,7711,7733,7711,7733,29
2026-07-29 11:55:00+00:00,7733,7733,7712,7712,36
2026-07-29 12:00:00+00:00,7712,7725,7707,7723,25
2026-07-29 12:05:00+00:00,7723,7750,7723,7750,7
2026-07-29 12:10:00+00:00,7750,7751,7743,7751,47
2026-07-29 12:15:00+00:00,7751,7860,7751,7856,282
2026-07-29 12:20:00+00:00,7856,7873,7836,7872,106
2026-07-29 12:25:00+00:00,7872,7872,7842,7850,31
2026-07-29 12:30:00+00:00,7850,7881,7840,7840,172
2026-07-29 12:35:00+00:00,7835,7847,7818,7825,91
2026-07-29 12:40:00+00:00,7825,7834,7819,7830,32
2026-07-29 12:45:00+00:00,7830,7831,7820,7830,31
2026-07-29 12:50:00+00:00,7830,7863,7830,7858,98
2026-07-29 12:55:00+00:00,7858,7871,7846,7846,43
2026-07-29 13:00:00+00:00,7853,7865,7833,7847,92
2026-07-29 13:05:00+00:00,7847,7860,7839,7849,50
2026-07-29 13:10:00+00:00,7837,7848,7837,7841,29
2026-07-29 13:15:00+00:00,7841,7847,7824,7847,14
2026-07-29 13:20:00+00:00,7847,7855,7824,7824,13
2026-07-29 13:25:00+00:00,7824,7835,7824,7832,14
2026-07-29 13:30:00+00:00,7832,7861,7832,7852,54
2026-07-29 13:35:00+00:00,7852,7854,7835,7835,32
2026-07-29 13:40:00+00:00,7835,7850,7835,7850,7
2026-07-29 13:45:00+00:00,7850,7877,7850,7863,43
2026-07-29 13:50:00+00:00,7863,7882,7863,7880,61
2026-07-29 13:55:00+00:00,7880,7884,7875,7875,39
2026-07-29 14:00:00+00:00,7875,7878,7865,7868,15
2026-07-29 14:05:00+00:00,7868,7868,7850,7857,28
2026-07-29 14:10:00+00:00,7857,7865,7855,7865,26
2026-07-29 14:15:00+00:00,7865,7881,7865,7867,17
2026-07-29 14:20:00+00:00,7867,7867,7856,7865,7
2026-07-29 14:25:00+00:00,7865,7895,7865,7895,66
2026-07-29 14:30:00+00:00,7895,7895,7895,7895,13
2026-07-29 14:35:00+00:00,7895,7895,7895,7895,7
2026-07-29 14:40:00+00:00,7895,7933,7895,7916,64
2026-07-29 14:45:00+00:00,7916,7933,7916,7922,92
2026-07-29 14:50:00+00:00,7922,7939,7910,7939,68
2026-07-29 14:55:00+00:00,7939,7949,7930,7943,52
2026-07-29 15:00:00+00:00,7943,7959,7943,7945,72
2026-07-29 15:05:00+00:00,7945,7945,7925,7935,21
2026-07-29 15:10:00+00:00,7935,7935,7904,7919,34
2026-07-29 15:15:00+00:00,7919,7946,7918,7946,25
2026-07-29 15:20:00+00:00,7946,7946,7921,7930,20
2026-07-29 15:25:00+00:00,7930,7931,7913,7913,32
2026-07-29 15:30:00+00:00,7912,7912,7886,7900,86
2026-07-29 15:35:00+00:00,7900,7907,7893,7893,16
2026-07-29 15:40:00+00:00,7893,7900,7886,7893,75
2026-07-29 15:45:00+00:00,7893,7893,7885,7893,20
2026-07-29 15:50:00+00:00,7893,7905,7893,7905,16
2026-07-29 15:55:00+00:00,7905,7930,7905,7930,20
2026-07-29 16:00:00+00:00,7930,7951,7929,7947,46
2026-07-29 16:05:00+00:00,7945,7945,7924,7933,45
2026-07-29 16:10:00+00:00,7933,7939,7920,7920,20
2026-07-29 16:15:00+00:00,7920,7921,7913,7921,7
2026-07-29 16:20:00+00:00,7921,7921,7890,7894,46
2026-07-29 16:25:00+00:00,7894,7900,7880,7883,35
2026-07-29 16:30:00+00:00,7883,7898,7883,7898,21
2026-07-29 16:35:00+00:00,7898,7913,7891,7911,16
2026-07-29 16:40:00+00:00,7911,7911,7904,7910,30
2026-07-29 16:45:00+00:00,7910,7910,7910,7910,6
2026-07-29 16:50:00+00:00,7910,7919,7910,7919,1
2026-07-29 16:55:00+00:00,7919,7926,7917,7918,18
2026-07-29 17:00:00+00:00,7918,7918,7895,7895,13
2026-07-29 17:05:00+00:00,7895,7905,7893,7905,19
2026-07-29 17:10:00+00:00,7905,7911,7900,7906,12
2026-07-29 17:15:00+00:00,7906,7912,7903,7905,7
2026-07-29 17:20:00+00:00,7905,7910,7903,7910,144
2026-07-29 17:25:00+00:00,7910,7921,7892,7896,9
2026-07-29 17:30:00+00:00,7896,7913,7888,7911,13
2026-07-29 17:35:00+00:00,7911,7912,7887,7889,17
2026-07-29 17:40:00+00:00,7889,7895,7884,7890,37
2026-07-29 17:45:00+00:00,7890,7895,7890,7892,120
2026-07-29 17:50:00+00:00,7891,7907,7890,7906,92
2026-07-29 17:55:00+00:00,7906,7914,7906,7908,63
2026-07-30 03:30:00+00:00,7805,7814,7790,7802,201
2026-07-30 03:35:00+00:00,7802,7807,7801,7802,18
2026-07-30 03:40:00+00:00,7802,7810,7801,7806,14
2026-07-30 03:45:00+00:00,7806,7819,7806,7817,9
2026-07-30 03:50:00+00:00,7817,7826,7817,7822,18
2026-07-30 03:55:00+00:00,7822,7829,7820,7820,52
2026-07-30 04:00:00+00:00,7820,7829,7817,7822,8
2026-07-30 04:05:00+00:00,7822,7830,7822,7828,6
2026-07-30 04:10:00+00:00,7828,7830,7822,7830,8
2026-07-30 04:15:00+00:00,7830,7835,7830,7835,13
2026-07-30 04:20:00+00:00,7835,7835,7819,7822,7
2026-07-30 04:25:00+00:00,7822,7832,7821,7827,19
2026-07-30 04:30:00+00:00,7827,7827,7821,7822,7
2026-07-30 04:35:00+00:00,7822,7822,7821,7821,4
2026-07-30 04:40:00+00:00,7821,7827,7815,7827,22
2026-07-30 04:45:00+00:00,7827,7830,7827,7827,2
2026-07-30 04:50:00+00:00,7827,7841,7827,7840,57
2026-07-30 04:55:00+00:00,7840,7863,7837,7850,42
2026-07-30 05:00:00+00:00,7850,7854,7842,7842,12
2026-07-30 05:05:00+00:00,7842,7856,7842,7856,11
2026-07-30 05:10:00+00:00,7856,7877,7853,7875,36
2026-07-30 05:15:00+00:00,7875,7884,7870,7884,23
2026-07-30 05:20:00+00:00,7884,7903,7884,7896,34
2026-07-30 05:25:00+00:00,7896,7896,7875,7875,23
2026-07-30 05:30:00+00:00,7875,7936,7875,7919,92
2026-07-30 05:35:00+00:00,7919,7945,7919,7934,23
2026-07-30 05:40:00+00:00,7934,7934,7921,7921,21
2026-07-30 05:45:00+00:00,7921,7924,7894,7915,12
2026-07-30 05:50:00+00:00,7915,7944,7910,7944,24
2026-07-30 05:55:00+00:00,7944,7956,7929,7940,57
2026-07-30 06:00:00+00:00,7941,7954,7924,7924,69
2026-07-30 06:05:00+00:00,7924,7986,7924,7972,664
2026-07-30 06:10:00+00:00,7973,7977,7966,7975,65
2026-07-30 06:15:00+00:00,7971,7982,7968,7968,85
2026-07-30 06:20:00+00:00,7968,7979,7959,7966,41
2026-07-30 06:25:00+00:00,7966,7981,7956,7973,17
2026-07-30 06:30:00+00:00,7973,7983,7961,7961,19
2026-07-30 06:35:00+00:00,7961,7971,7956,7961,55
2026-07-30 06:40:00+00:00,7961,7961,7940,7945,40
2026-07-30 06:45:00+00:00,7948,7953,7929,7945,53
2026-07-30 06:50:00+00:00,7945,7947,7929,7929,35
2026-07-30 06:55:00+00:00,7929,7944,7922,7922,33
2026-07-30 07:00:00+00:00,7919,7919,7865,7865,84
2026-07-30 07:05:00+00:00,7865,7893,7865,7892,18
2026-07-30 07:10:00+00:00,7892,7896,7879,7879,15
2026-07-30 07:15:00+00:00,7879,7909,7879,7901,18
2026-07-30 07:20:00+00:00,7901,7923,7888,7888,18
2026-07-30 07:25:00+00:00,7888,7914,7888,7914,45
2026-07-30 07:30:00+00:00,7914,7940,7913,7940,27
2026-07-30 07:35:00+00:00,7940,7956,7940,7946,76
2026-07-30 07:40:00+00:00,7946,7946,7933,7935,46
2026-07-30 07:45:00+00:00,7935,7935,7906,7922,13
2026-07-30 07:50:00+00:00,7922,7922,7885,7895,13
2026-07-30 07:55:00+00:00,7895,7908,7895,7900,15
2026-07-30 08:00:00+00:00,7900,7920,7890,7890,40
2026-07-30 08:05:00+00:00,7890,7890,7867,7881,54
2026-07-30 08:10:00+00:00,7881,7885,7865,7885,8
2026-07-30 08:15:00+00:00,7885,7905,7870,7905,19
2026-07-30 08:20:00+00:00,7905,7917,7905,7909,10
2026-07-30 08:25:00+00:00,7909,7909,7870,7888,33
2026-07-30 08:30:00+00:00,7888,7893,7837,7837,31
2026-07-30 08:35:00+00:00,7837,7858,7837,7858,14
2026-07-30 08:40:00+00:00,7858,7870,7846,7870,16
2026-07-30 08:45:00+00:00,7870,7884,7870,7875,11
2026-07-30 08:50:00+00:00,7875,7896,7875,7892,11
2026-07-30 08:55:00+00:00,7892,7892,7871,7871,44
2026-07-30 09:00:00+00:00,7870,7878,7854,7854,28
2026-07-30 09:05:00+00:00,7854,7854,7836,7846,41
2026-07-30 09:10:00+00:00,7846,7857,7812,7831,131
2026-07-30 09:15:00+00:00,7831,7843,7805,7814,71
2026-07-30 09:20:00+00:00,7814,7820,7800,7820,39
2026-07-30 09:25:00+00:00,7820,7821,7813,7813,19
2026-07-30 09:30:00+00:00,7813,7843,7813,7839,20
2026-07-30 09:35:00+00:00,7839,7839,7805,7829,12
2026-07-30 09:40:00+00:00,7829,7840,7825,7825,11
2026-07-30 09:45:00+00:00,7825,7825,7813,7813,4
2026-07-30 09:50:00+00:00,7813,7838,7812,7837,26
2026-07-30 09:55:00+00:00,7837,7859,7830,7859,34
2026-07-30 10:00:00+00:00,7855,7870,7855,7862,63
2026-07-30 10:05:00+00:00,7862,7862,7849,7850,4
2026-07-30 10:10:00+00:00,7850,7867,7845,7867,7
2026-07-30 10:15:00+00:00,7867,7867,7829,7829,18
2026-07-30 10:20:00+00:00,7829,7838,7823,7829,27
2026-07-30 10:25:00+00:00,7829,7838,7829,7838,5
2026-07-30 10:30:00+00:00,7838,7838,7820,7820,7
2026-07-30 10:35:00+00:00,7820,7834,7808,7816,11
2026-07-30 10:40:00+00:00,7816,7816,7750,7785,155
2026-07-30 10:45:00+00:00,7785,7790,7772,7772,24
2026-07-30 10:50:00+00:00,7772,7790,7758,7790,62
2026-07-30 10:55:00+00:00,7790,7793,7782,7793,12
2026-07-30 11:00:00+00:00,7797,7804,7791,7794,25
2026-07-30 11:05:00+00:00,7794,7794,7781,7792,24
2026-07-30 11:10:00+00:00,7792,7802,7792,7802,4
2026-07-30 11:15:00+00:00,7802,7802,7789,7789,5
2026-07-30 11:20:00+00:00,7789,7805,7787,7787,3
2026-07-30 11:25:00+00:00,7787,7790,7781,7790,32
2026-07-30 11:30:00+00:00,7790,7796,7767,7770,14
2026-07-30 11:35:00+00:00,7770,7792,7770,7791,15
2026-07-30 11:40:00+00:00,7791,7791,7767,7774,4
2026-07-30 11:45:00+00:00,7774,7780,7767,7769,22
2026-07-30 11:50:00+00:00,7769,7777,7769,7777,17
2026-07-30 11:55:00+00:00,7777,7777,7771,7777,4
2026-07-30 12:00:00+00:00,7777,7805,7777,7794,26
2026-07-30 12:05:00+00:00,7804,7804,7769,7777,33
2026-07-30 12:10:00+00:00,7777,7801,7777,7801,15
2026-07-30 12:15:00+00:00,7801,7809,7795,7800,31
2026-07-30 12:20:00+00:00,7800,7821,7799,7813,19
2026-07-30 12:25:00+00:00,7813,7846,7813,7838,52
2026-07-30 12:30:00+00:00,7838,7838,7815,7815,40
2026-07-30 12:35:00+00:00,7815,7815,7800,7805,14
2026-07-30 12:40:00+00:00,7805,7805,7781,7792,17
2026-07-30 12:45:00+00:00,7792,7818,7792,7811,6
2026-07-30 12:50:00+00:00,7811,7833,7811,7833,7
2026-07-30 12:55:00+00:00,7833,7840,7820,7840,23
2026-07-30 13:00:00+00:00,7844,7844,7799,7806,25
2026-07-30 13:05:00+00:00,7806,7806,7750,7764,127
2026-07-30 13:10:00+00:00,7764,7777,7725,7731,110
2026-07-30 13:15:00+00:00,7731,7762,7730,7745,139
2026-07-30 13:20:00+00:00,7745,7766,7745,7750,13
2026-07-30 13:25:00+00:00,7750,7775,7748,7767,13
2026-07-30 13:30:00+00:00,7762,7779,7753,7779,14
2026-07-30 13:35:00+00:00,7779,7779,7755,7755,39
2026-07-30 13:40:00+00:00,7755,7766,7755,7764,18
2026-07-30 13:45:00+00:00,7764,7778,7756,7773,25
2026-07-30 13:50:00+00:00,7772,7787,7770,7774,56
2026-07-30 13:55:00+00:00,7774,7777,7762,7770,5
2026-07-30 14:00:00+00:00,7770,7802,7766,7777,67
2026-07-30 14:05:00+00:00,7777,7802,7770,7771,44
2026-07-30 14:10:00+00:00,7771,7780,7765,7769,5
2026-07-30 14:15:00+00:00,7769,7800,7769,7800,14
2026-07-30 14:20:00+00:00,7800,7807,7790,7790,16
2026-07-30 14:25:00+00:00,7790,7796,7774,7784,18
2026-07-30 14:30:00+00:00,7784,7809,7784,7809,13
2026-07-30 14:35:00+00:00,7809,7809,7790,7790,2
2026-07-30 14:40:00+00:00,7790,7796,7787,7792,4
2026-07-30 14:45:00+00:00,7792,7812,7792,7812,50
2026-07-30 14:50:00+00:00,7812,7825,7812,7825,10
2026-07-30 14:55:00+00:00,7825,7825,7808,7811,4
2026-07-30 15:00:00+00:00,7811,7831,7811,7818,15
2026-07-30 15:05:00+00:00,7818,7849,7818,7844,26
2026-07-30 15:10:00+00:00,7844,7861,7835,7835,29
2026-07-30 15:15:00+00:00,7835,7845,7828,7828,25
2026-07-30 15:20:00+00:00,7828,7832,7811,7815,23
2026-07-30 15:25:00+00:00,7815,7815,7794,7815,21
2026-07-30 15:30:00+00:00,7815,7827,7814,7825,8
2026-07-30 15:35:00+00:00,7831,7831,7801,7801,14
2026-07-30 15:40:00+00:00,7801,7801,7771,7780,46
2026-07-30 15:45:00+00:00,7780,7782,7771,7771,14
2026-07-30 15:50:00+00:00,7771,7803,7771,7803,21
2026-07-30 15:55:00+00:00,7803,7803,7792,7802,14
2026-07-30 16:00:00+00:00,7802,7804,7794,7794,20
2026-07-30 16:05:00+00:00,7794,7814,7794,7813,18
2026-07-30 16:10:00+00:00,7813,7813,7794,7794,31
2026-07-30 16:15:00+00:00,7794,7806,7781,7790,17
2026-07-30 16:20:00+00:00,7790,7790,7770,7776,25
2026-07-30 16:25:00+00:00,7776,7777,7758,7763,14
2026-07-30 16:30:00+00:00,7763,7780,7763,7780,17
2026-07-30 16:35:00+00:00,7780,7796,7773,7795,21
2026-07-30 16:40:00+00:00,7795,7795,7785,7795,12
2026-07-30 16:45:00+00:00,7795,7795,7783,7783,4
2026-07-30 16:50:00+00:00,7783,7805,7783,7797,12
2026-07-30 16:55:00+00:00,7797,7813,7797,7806,4
2026-07-30 17:00:00+00:00,7806,7814,7800,7800,7
2026-07-30 17:05:00+00:00,7800,7805,7795,7805,3
2026-07-30 17:10:00+00:00,7805,7807,7789,7789,49
2026-07-30 17:15:00+00:00,7789,7820,7789,7804,9
2026-07-30 17:20:00+00:00,7804,7804,7782,7788,23
2026-07-30 17:25:00+00:00,7788,7798,7788,7798,4
2026-07-30 17:30:00+00:00,7798,7798,7784,7784,8
2026-07-30 17:35:00+00:00,7784,7834,7784,7823,39
2026-07-30 17:40:00+00:00,7823,7823,7791,7793,10
2026-07-30 17:45:00+00:00,7793,7810,7793,7799,5
2026-07-30 17:50:00+00:00,7814,7814,7800,7800,33
2026-07-30 17:55:00+00:00,7800,7811,7792,7811,28
2026-07-31 03:30:00+00:00,7659,7676,7654,7667,81
2026-07-31 03:35:00+00:00,7667,7680,7665,7673,50
2026-07-31 03:40:00+00:00,7673,7673,7660,7664,26
2026-07-31 03:45:00+00:00,7664,7678,7660,7678,26
2026-07-31 03:50:00+00:00,7678,7678,7666,7670,21
2026-07-31 03:55:00+00:00,7670,7670,7660,7662,22
2026-07-31 04:00:00+00:00,7662,7668,7660,7660,11
2026-07-31 04:05:00+00:00,7660,7667,7634,7635,66
2026-07-31 04:10:00+00:00,7635,7651,7635,7651,13
2026-07-31 04:15:00+00:00,7651,7651,7645,7647,9
2026-07-31 04:20:00+00:00,7647,7656,7647,7650,7
2026-07-31 04:25:00+00:00,7653,7653,7646,7646,8
2026-07-31 04:30:00+00:00,7646,7651,7645,7649,8
2026-07-31 04:35:00+00:00,7649,7649,7633,7636,20
2026-07-31 04:40:00+00:00,7637,7637,7630,7630,17
2026-07-31 04:45:00+00:00,7630,7632,7620,7630,28
2026-07-31 04:50:00+00:00,7630,7631,7609,7614,28
2026-07-31 04:55:00+00:00,7614,7618,7600,7605,48
2026-07-31 05:00:00+00:00,7605,7612,7598,7606,62
2026-07-31 05:05:00+00:00,7606,7620,7597,7619,21
2026-07-31 05:10:00+00:00,7619,7627,7615,7626,21
2026-07-31 05:15:00+00:00,7626,7628,7615,7615,14
2026-07-31 05:20:00+00:00,7615,7615,7594,7597,72
2026-07-31 05:25:00+00:00,7597,7604,7597,7599,34
2026-07-31 05:30:00+00:00,7599,7599,7562,7580,219
2026-07-31 05:35:00+00:00,7580,7593,7562,7563,13
2026-07-31 05:40:00+00:00,7563,7587,7560,7586,26
2026-07-31 05:45:00+00:00,7586,7588,7578,7578,14
2026-07-31 05:50:00+00:00,7578,7602,7578,7602,16
2026-07-31 05:55:00+00:00,7602,7602,7598,7598,7
2026-07-31 06:00:00+00:00,7598,7615,7598,7611,32
2026-07-31 06:05:00+00:00,7611,7626,7610,7620,26
2026-07-31 06:10:00+00:00,7620,7623,7609,7612,26
2026-07-31 06:15:00+00:00,7612,7625,7610,7625,10
2026-07-31 06:20:00+00:00,7625,7640,7625,7639,23
2026-07-31 06:25:00+00:00,7639,7644,7621,7625,18
2026-07-31 06:30:00+00:00,7625,7634,7619,7619,23
2026-07-31 06:35:00+00:00,7619,7619,7607,7618,6
2026-07-31 06:40:00+00:00,7618,7626,7618,7619,3
2026-07-31 06:45:00+00:00,7619,7636,7619,7635,12
2026-07-31 06:50:00+00:00,7635,7640,7634,7640,4
2026-07-31 06:55:00+00:00,7640,7640,7628,7635,12
2026-07-31 07:00:00+00:00,7635,7665,7635,7651,83
2026-07-31 07:05:00+00:00,7655,7661,7653,7653,7
2026-07-31 07:10:00+00:00,7653,7655,7647,7647,16
2026-07-31 07:15:00+00:00,7647,7675,7647,7673,63
2026-07-31 07:20:00+00:00,7673,7673,7660,7666,9
2026-07-31 07:25:00+00:00,7666,7682,7666,7681,16
2026-07-31 07:30:00+00:00,7681,7685,7670,7684,48
2026-07-31 07:35:00+00:00,7684,7692,7675,7678,9
2026-07-31 07:40:00+00:00,7678,7688,7665,7685,57
2026-07-31 07:45:00+00:00,7685,7685,7674,7677,10
2026-07-31 07:50:00+00:00,7677,7677,7646,7655,18
2026-07-31 07:55:00+00:00,7655,7655,7633,7647,12
2026-07-31 08:00:00+00:00,7647,7652,7632,7633,7
2026-07-31 08:05:00+00:00,7633,7643,7629,7643,26
2026-07-31 08:10:00+00:00,7643,7658,7640,7640,8
2026-07-31 08:15:00+00:00,7640,7642,7631,7631,5
2026-07-31 08:20:00+00:00,7631,7653,7631,7653,14
2026-07-31 08:25:00+00:00,7653,7692,7653,7686,30
2026-07-31 08:30:00+00:00,7686,7700,7680,7689,91
2026-07-31 08:35:00+00:00,7689,7689,7662,7680,52
2026-07-31 08:40:00+00:00,7680,7680,7657,7664,18
2026-07-31 08:45:00+00:00,7664,7670,7648,7648,16
2026-07-31 08:50:00+00:00,7648,7664,7645,7657,27
2026-07-31 08:55:00+00:00,7657,7657,7640,7649,12
2026-07-31 09:00:00+00:00,7649,7687,7649,7687,8
2026-07-31 09:05:00+00:00,7687,7698,7686,7695,31
2026-07-31 09:10:00+00:00,7695,7718,7686,7718,118
2026-07-31 09:15:00+00:00,7718,7721,7709,7720,105
2026-07-31 09:20:00+00:00,7720,7732,7720,7721,17
2026-07-31 09:25:00+00:00,7721,7721,7707,7709,64
2026-07-31 09:30:00+00:00,7709,7755,7709,7753,61
2026-07-31 09:35:00+00:00,7753,7773,7750,7760,163
2026-07-31 09:40:00+00:00,7760,7764,7754,7764,32
2026-07-31 09:45:00+00:00,7764,7777,7764,7772,28
2026-07-31 09:50:00+00:00,7772,7772,7768,7769,14
2026-07-31 09:55:00+00:00,7769,7778,7767,7767,12
2026-07-31 10:00:00+00:00,7767,7799,7767,7790,98
2026-07-31 10:05:00+00:00,7790,7790,7781,7783,29
2026-07-31 10:10:00+00:00,7783,7794,7783,7793,15
2026-07-31 10:15:00+00:00,7793,7799,7791,7798,14
2026-07-31 10:20:00+00:00,7798,7798,7776,7787,18
2026-07-31 10:25:00+00:00,7787,7800,7787,7796,18
2026-07-31 10:30:00+00:00,7796,7803,7785,7799,12
2026-07-31 10:35:00+00:00,7799,7820,7799,7812,47
2026-07-31 10:40:00+00:00,7812,7812,7802,7803,9
2026-07-31 10:45:00+00:00,7803,7803,7790,7801,22
2026-07-31 10:50:00+00:00,7801,7801,7796,7796,2
2026-07-31 10:55:00+00:00,7796,7827,7796,7824,31
2026-07-31 11:00:00+00:00,7824,7824,7809,7810,17
2026-07-31 11:05:00+00:00,7810,7827,7802,7806,41
2026-07-31 11:10:00+00:00,7806,7809,7794,7795,17
2026-07-31 11:15:00+00:00,7795,7859,7791,7842,86
2026-07-31 11:20:00+00:00,7842,7864,7840,7845,51
2026-07-31 11:25:00+00:00,7845,7855,7839,7850,29
2026-07-31 11:30:00+00:00,7850,7866,7843,7866,33
2026-07-31 11:35:00+00:00,7866,7870,7844,7857,30
2026-07-31 11:40:00+00:00,7857,7869,7855,7869,8
2026-07-31 11:45:00+00:00,7869,7870,7851,7856,7
2026-07-31 11:50:00+00:00,7856,7863,7852,7860,23
2026-07-31 11:55:00+00:00,7860,7860,7846,7855,35
2026-07-31 12:00:00+00:00,7855,7881,7855,7881,66
2026-07-31 12:05:00+00:00,7881,7887,7870,7878,51
2026-07-31 12:10:00+00:00,7878,7890,7870,7875,22
2026-07-31 12:15:00+00:00,7875,7887,7872,7876,21
2026-07-31 12:20:00+00:00,7876,7878,7872,7878,16
2026-07-31 12:25:00+00:00,7878,7880,7873,7880,5
2026-07-31 12:30:00+00:00,7880,7883,7875,7879,17
2026-07-31 12:35:00+00:00,7879,7880,7865,7871,12
2026-07-31 12:40:00+00:00,7871,7880,7867,7880,19
2026-07-31 12:45:00+00:00,7880,7911,7880,7903,65
2026-07-31 12:50:00+00:00,7903,7915,7896,7898,31
2026-07-31 12:55:00+00:00,7898,7977,7898,7929,482
2026-07-31 13:00:00+00:00,7929,7934,7890,7900,77
2026-07-31 13:05:00+00:00,7900,7914,7900,7900,62
2026-07-31 13:10:00+00:00,7900,7920,7895,7915,34
2026-07-31 13:15:00+00:00,7915,7921,7906,7906,21
2026-07-31 13:20:00+00:00,7906,7919,7906,7919,8
2026-07-31 13:25:00+00:00,7919,7919,7888,7900,34
2026-07-31 13:30:00+00:00,7900,7924,7899,7908,33
2026-07-31 13:35:00+00:00,7908,7915,7898,7908,8
2026-07-31 13:40:00+00:00,7908,7935,7908,7914,97
2026-07-31 13:45:00+00:00,7914,7927,7907,7915,49
2026-07-31 13:50:00+00:00,7915,7917,7899,7899,20
2026-07-31 13:55:00+00:00,7899,7904,7892,7904,27
2026-07-31 14:00:00+00:00,7904,7909,7890,7900,12
2026-07-31 14:05:00+00:00,7900,7900,7846,7851,105
2026-07-31 14:10:00+00:00,7851,7882,7851,7882,53
2026-07-31 14:15:00+00:00,7882,7882,7869,7869,11
2026-07-31 14:20:00+00:00,7869,7873,7856,7861,66
2026-07-31 14:25:00+00:00,7861,7869,7857,7869,7
2026-07-31 14:30:00+00:00,7869,7869,7869,7869,2
2026-07-31 14:35:00+00:00,7869,7900,7869,7900,33
2026-07-31 14:40:00+00:00,7900,7900,7897,7900,2
2026-07-31 14:45:00+00:00,7900,7918,7900,7915,21
2026-07-31 14:50:00+00:00,7915,7923,7900,7900,23
2026-07-31 14:55:00+00:00,7900,7914,7898,7908,23
2026-07-31 15:00:00+00:00,7908,7922,7908,7919,64
2026-07-31 15:05:00+00:00,7919,7929,7914,7926,24
2026-07-31 15:10:00+00:00,7926,7926,7916,7924,21
2026-07-31 15:15:00+00:00,7924,7925,7906,7910,50
2026-07-31 15:20:00+00:00,7910,7917,7901,7906,41
2026-07-31 15:25:00+00:00,7906,7906,7881,7896,38
2026-07-31 15:30:00+00:00,7896,7900,7860,7861,16
2026-07-31 15:35:00+00:00,7861,7880,7861,7878,23
2026-07-31 15:40:00+00:00,7878,7878,7848,7848,59
2026-07-31 15:45:00+00:00,7848,7848,7808,7814,252
2026-07-31 15:50:00+00:00,7813,7813,7775,7778,202
2026-07-31 15:55:00+00:00,7778,7803,7778,7781,59
2026-07-31 16:00:00+00:00,7781,7808,7781,7802,46
2026-07-31 16:05:00+00:00,7802,7823,7802,7803,50
2026-07-31 16:10:00+00:00,7803,7820,7792,7815,50
2026-07-31 16:15:00+00:00,7816,7835,7816,7821,20
2026-07-31 16:20:00+00:00,7821,7821,7820,7820,4
2026-07-31 16:25:00+00:00,7820,7822,7809,7816,11
2026-07-31 16:30:00+00:00,7816,7820,7815,7815,5
2026-07-31 16:35:00+00:00,7815,7825,7815,7824,4
2026-07-31 16:40:00+00:00,7824,7831,7824,7829,3
2026-07-31 16:45:00+00:00,7829,7834,7826,7826,14
2026-07-31 16:50:00+00:00,7826,7829,7815,7828,14
2026-07-31 16:55:00+00:00,7828,7834,7828,7833,4
2026-07-31 17:00:00+00:00,7833,7843,7833,7843,9
2026-07-31 17:05:00+00:00,7843,7843,7817,7820,7
2026-07-31 17:10:00+00:00,7820,7856,7820,7856,15
2026-07-31 17:15:00+00:00,7856,7856,7830,7832,15
2026-07-31 17:20:00+00:00,7832,7838,7831,7838,4
2026-07-31 17:25:00+00:00,7838,7838,7821,7821,9
2026-07-31 17:30:00+00:00,7821,7840,7821,7833,14
2026-07-31 17:35:00+00:00,7833,7833,7821,7829,26
2026-07-31 17:40:00+00:00,7828,7857,7821,7857,50
2026-07-31 17:45:00+00:00,7857,7857,7847,7851,12
2026-07-31 17:50:00+00:00,7851,7851,7837,7848,31
2026-07-31 17:55:00+00:00,7848,7848,7833,7833,36
2026-08-03 03:30:00+00:00,7550,7550,7424,7455,256
2026-08-03 03:35:00+00:00,7455,7464,7455,7462,66
2026-08-03 03:40:00+00:00,7462,7473,7461,7468,60
2026-08-03 03:45:00+00:00,7468,7473,7458,7460,50
2026-08-03 03:50:00+00:00,7455,7455,7445,7450,82
2026-08-03 03:55:00+00:00,7450,7455,7441,7441,47
2026-08-03 04:00:00+00:00,7441,7448,7437,7444,26
2026-08-03 04:05:00+00:00,7444,7449,7440,7448,12
2026-08-03 04:10:00+00:00,7448,7449,7444,7445,18
2026-08-03 04:15:00+00:00,7445,7446,7438,7441,15
2026-08-03 04:20:00+00:00,7441,7441,7433,7433,62
2026-08-03 04:25:00+00:00,7433,7433,7425,7432,14
2026-08-03 04:30:00+00:00,7432,7443,7432,7443,35
2026-08-03 04:35:00+00:00,7443,7443,7435,7435,19
2026-08-03 04:40:00+00:00,7435,7441,7435,7441,7
2026-08-03 04:45:00+00:00,7441,7441,7424,7424,22
2026-08-03 04:50:00+00:00,7424,7424,7417,7421,17
2026-08-03 04:55:00+00:00,7421,7425,7419,7425,12
2026-08-03 05:00:00+00:00,7425,7425,7413,7423,31
2026-08-03 05:05:00+00:00,7423,7427,7412,7427,31
2026-08-03 05:10:00+00:00,7427,7428,7410,7410,10
2026-08-03 05:15:00+00:00,7410,7420,7410,7420,13
2026-08-03 05:20:00+00:00,7420,7420,7408,7408,12
2026-08-03 05:25:00+00:00,7408,7417,7408,7417,9
2026-08-03 05:30:00+00:00,7417,7420,7409,7409,24
2026-08-03 05:35:00+00:00,7409,7422,7409,7422,17
2026-08-03 05:40:00+00:00,7422,7435,7422,7435,6
2026-08-03 05:45:00+00:00,7435,7448,7435,7448,38
2026-08-03 05:50:00+00:00,7448,7459,7443,7453,114
2026-08-03 05:55:00+00:00,7453,7453,7432,7432,13
2026-08-03 06:00:00+00:00,7432,7435,7428,7428,23
2026-08-03 06:05:00+00:00,7428,7428,7420,7420,24
2026-08-03 06:10:00+00:00,7420,7423,7409,7410,44
2026-08-03 06:15:00+00:00,7410,7416,7410,7416,15
2026-08-03 06:20:00+00:00,7416,7426,7416,7426,12
2026-08-03 06:25:00+00:00,7426,7426,7404,7407,22
2026-08-03 06:30:00+00:00,7407,7412,7398,7405,46
2026-08-03 06:35:00+00:00,7405,7411,7405,7410,26
2026-08-03 06:40:00+00:00,7410,7410,7383,7384,33
2026-08-03 06:45:00+00:00,7384,7422,7384,7407,809
2026-08-03 06:50:00+00:00,7407,7410,7380,7381,214
2026-08-03 06:55:00+00:00,7381,7400,7378,7399,29
2026-08-03 07:00:00+00:00,7394,7432,7394,7428,55
2026-08-03 07:05:00+00:00,7428,7431,7416,7431,28
2026-08-03 07:10:00+00:00,7431,7442,7430,7440,12
2026-08-03 07:15:00+00:00,7440,7513,7440,7498,274
2026-08-03 07:20:00+00:00,7498,7503,7449,7450,82
2026-08-03 07:25:00+00:00,7450,7465,7450,7462,17
2026-08-03 07:30:00+00:00,7465,7465,7445,7459,58
2026-08-03 07:35:00+00:00,7459,7486,7459,7486,34
2026-08-03 07:40:00+00:00,7486,7486,7460,7471,21
2026-08-03 07:45:00+00:00,7471,7472,7450,7450,13
2026-08-03 07:50:00+00:00,7450,7450,7434,7434,10
2026-08-03 07:55:00+00:00,7434,7454,7434,7453,19
2026-08-03 08:00:00+00:00,7454,7457,7445,7454,28
2026-08-03 08:05:00+00:00,7454,7468,7449,7468,40
2026-08-03 08:10:00+00:00,7468,7468,7447,7447,19
2026-08-03 08:15:00+00:00,7447,7486,7447,7480,28
2026-08-03 08:20:00+00:00,7480,7482,7469,7470,52
2026-08-03 08:25:00+00:00,7470,7485,7468,7468,13
2026-08-03 08:30:00+00:00,7468,7496,7467,7491,21
2026-08-03 08:35:00+00:00,7491,7504,7470,7504,25
2026-08-03 08:40:00+00:00,7504,7515,7482,7509,25
2026-08-03 08:45:00+00:00,7509,7533,7509,7522,31
2026-08-03 08:50:00+00:00,7528,7534,7509,7509,18
2026-08-03 08:55:00+00:00,7509,7509,7492,7498,14
2026-08-03 09:00:00+00:00,7498,7505,7490,7502,10
2026-08-03 09:05:00+00:00,7502,7502,7500,7501,3
2026-08-03 09:10:00+00:00,7501,7501,7456,7461,30
2026-08-03 09:15:00+00:00,7461,7475,7461,7470,2
2026-08-03 09:20:00+00:00,7470,7470,7459,7460,4
2026-08-03 09:25:00+00:00,7460,7470,7460,7464,12
2026-08-03 09:30:00+00:00,7464,7470,7446,7446,18
2026-08-03 09:35:00+00:00,7446,7466,7446,7462,9
2026-08-03 09:40:00+00:00,7462,7493,7462,7483,58
2026-08-03 09:45:00+00:00,7483,7483,7463,7465,22
2026-08-03 09:50:00+00:00,7465,7478,7460,7478,24
2026-08-03 09:55:00+00:00,7478,7495,7472,7490,16
2026-08-03 10:00:00+00:00,7490,7490,7473,7473,14
2026-08-03 10:05:00+00:00,7473,7484,7469,7471,5
2026-08-03 10:10:00+00:00,7471,7472,7457,7461,17
2026-08-03 10:15:00+00:00,7461,7462,7453,7462,14
2026-08-03 10:20:00+00:00,7462,7473,7457,7465,15
2026-08-03 10:25:00+00:00,7467,7470,7465,7469,6
2026-08-03 10:30:00+00:00,7469,7469,7458,7458,29
2026-08-03 10:35:00+00:00,7458,7458,7444,7444,18
2026-08-03 10:40:00+00:00,7444,7456,7441,7456,13
2026-08-03 10:45:00+00:00,7456,7456,7443,7454,23
2026-08-03 10:50:00+00:00,7454,7461,7449,7461,4
2026-08-03 10:55:00+00:00,7461,7461,7458,7458,1
2026-08-03 11:00:00+00:00,7451,7456,7443,7456,15
2026-08-03 11:05:00+00:00,7456,7456,7435,7440,16
2026-08-03 11:10:00+00:00,7440,7447,7440,7447,12
2026-08-03 11:15:00+00:00,7447,7459,7447,7457,9
2026-08-03 11:20:00+00:00,7457,7462,7451,7459,25
2026-08-03 11:25:00+00:00,7459,7467,7459,7465,15
2026-08-03 11:30:00+00:00,7465,7465,7454,7465,24
2026-08-03 11:35:00+00:00,7465,7474,7454,7454,6
2026-08-03 11:40:00+00:00,7454,7454,7438,7440,66
2026-08-03 11:45:00+00:00,7440,7450,7423,7423,40
2026-08-03 11:50:00+00:00,7422,7428,7417,7417,22
2026-08-03 11:55:00+00:00,7420,7422,7400,7403,80
2026-08-03 12:00:00+00:00,7403,7414,7399,7404,48
2026-08-03 12:05:00+00:00,7404,7408,7397,7405,33
2026-08-03 12:10:00+00:00,7405,7405,7397,7397,21
2026-08-03 12:15:00+00:00,7397,7401,7388,7388,43
2026-08-03 12:20:00+00:00,7388,7412,7388,7412,36
2026-08-03 12:25:00+00:00,7412,7417,7408,7412,54
2026-08-03 12:30:00+00:00,7412,7412,7387,7397,126
2026-08-03 12:35:00+00:00,7397,7406,7389,7393,20
2026-08-03 12:40:00+00:00,7393,7398,7385,7394,39
2026-08-03 12:45:00+00:00,7394,7420,7382,7410,48
2026-08-03 12:50:00+00:00,7410,7421,7410,7410,25
2026-08-03 12:55:00+00:00,7410,7410,7388,7396,22
2026-08-03 13:00:00+00:00,7396,7396,7373,7387,119
2026-08-03 13:05:00+00:00,7387,7397,7378,7380,25
2026-08-03 13:10:00+00:00,7380,7425,7380,7425,47
2026-08-03 13:15:00+00:00,7425,7428,7403,7415,46
2026-08-03 13:20:00+00:00,7415,7417,7415,7417,1
2026-08-03 13:25:00+00:00,7417,7432,7417,7426,10
2026-08-03 13:30:00+00:00,7426,7426,7369,7369,89
2026-08-03 13:35:00+00:00,7369,7388,7369,7377,42
2026-08-03 13:40:00+00:00,7377,7381,7369,7377,77
2026-08-03 13:45:00+00:00,7377,7380,7369,7369,31
2026-08-03 13:50:00+00:00,7369,7389,7367,7385,22
2026-08-03 13:55:00+00:00,7385,7409,7383,7409,34
2026-08-03 14:00:00+00:00,7409,7416,7399,7410,19
2026-08-03 14:05:00+00:00,7410,7419,7410,7419,10
2026-08-03 14:10:00+00:00,7419,7426,7413,7421,14
2026-08-03 14:15:00+00:00,7413,7425,7407,7424,19
2026-08-03 14:20:00+00:00,7424,7424,7399,7407,26
2026-08-03 14:25:00+00:00,7407,7417,7407,7417,6
2026-08-03 14:30:00+00:00,7417,7447,7417,7430,42
2026-08-03 14:35:00+00:00,7430,7430,7414,7430,8
2026-08-03 14:40:00+00:00,7430,7432,7419,7430,18
2026-08-03 14:45:00+00:00,7430,7430,7418,7425,9
2026-08-03 14:50:00+00:00,7425,7436,7419,7427,23
2026-08-03 14:55:00+00:00,7427,7444,7427,7443,29
2026-08-03 15:00:00+00:00,7445,7460,7445,7453,49
2026-08-03 15:05:00+00:00,7453,7453,7420,7430,37
2026-08-03 15:10:00+00:00,7430,7441,7430,7441,10
2026-08-03 15:15:00+00:00,7441,7441,7437,7440,5
2026-08-03 15:20:00+00:00,7440,7451,7440,7444,16
2026-08-03 15:25:00+00:00,7444,7482,7444,7473,132
2026-08-03 15:30:00+00:00,7473,7473,7457,7457,23
2026-08-03 15:35:00+00:00,7457,7457,7430,7432,23
2026-08-03 15:40:00+00:00,7432,7453,7432,7453,9
2026-08-03 15:45:00+00:00,7453,7457,7435,7435,6
2026-08-03 15:50:00+00:00,7435,7441,7432,7441,3
2026-08-03 15:55:00+00:00,7441,7455,7441,7446,8
2026-08-03 16:00:00+00:00,7440,7444,7428,7444,9
2026-08-03 16:05:00+00:00,7444,7450,7431,7449,16
2026-08-03 16:10:00+00:00,7449,7449,7447,7447,1
2026-08-03 16:15:00+00:00,7447,7447,7442,7442,2
2026-08-03 16:20:00+00:00,7438,7438,7433,7433,3
2026-08-03 16:25:00+00:00,7433,7441,7416,7424,21
2026-08-03 16:30:00+00:00,7424,7454,7424,7452,15
2026-08-03 16:35:00+00:00,7452,7455,7450,7452,8
2026-08-03 16:40:00+00:00,7452,7452,7448,7448,4
2026-08-03 16:45:00+00:00,7448,7448,7442,7442,14
2026-08-03 16:50:00+00:00,7442,7442,7426,7426,4
2026-08-03 16:55:00+00:00,7426,7439,7426,7427,11
2026-08-03 17:00:00+00:00,7427,7463,7427,7461,13
2026-08-03 17:05:00+00:00,7461,7467,7460,7467,33
2026-08-03 17:10:00+00:00,7467,7477,7467,7474,16
2026-08-03 17:15:00+00:00,7474,7474,7462,7462,13
2026-08-03 17:20:00+00:00,7462,7462,7455,7460,10
2026-08-03 17:25:00+00:00,7460,7461,7450,7460,5
2026-08-03 17:30:00+00:00,7460,7462,7452,7462,11
2026-08-03 17:35:00+00:00,7462,7462,7456,7456,5
2026-08-03 17:40:00+00:00,7456,7462,7454,7454,9
2026-08-03 17:45:00+00:00,7454,7456,7449,7454,22
2026-08-03 17:50:00+00:00,7454,7475,7454,7470,28
2026-08-03 17:55:00+00:00,7475,7475,7450,7461,38
2026-08-04 03:30:00+00:00,7539,7550,7539,7543,105
2026-08-04 03:35:00+00:00,7543,7555,7543,7555,37
2026-08-04 03:40:00+00:00,7555,7569,7555,7560,60
2026-08-04 03:45:00+00:00,7560,7563,7553,7553,43
2026-08-04 03:50:00+00:00,7553,7556,7551,7556,77
2026-08-04 03:55:00+00:00,7556,7566,7554,7566,11
2026-08-04 04:00:00+00:00,7566,7566,7556,7563,20
2026-08-04 04:05:00+00:00,7563,7566,7555,7566,27
2026-08-04 04:10:00+00:00,7566,7566,7558,7564,8
2026-08-04 04:15:00+00:00,7564,7567,7557,7562,17
2026-08-04 04:20:00+00:00,7562,7562,7555,7556,4
2026-08-04 04:25:00+00:00,7556,7556,7543,7543,54
2026-08-04 04:30:00+00:00,7543,7551,7543,7546,8
2026-08-04 04:40:00+00:00,7546,7560,7546,7560,12
2026-08-04 04:45:00+00:00,7560,7562,7559,7559,10
2026-08-04 04:50:00+00:00,7559,7560,7559,7560,3
2026-08-04 04:55:00+00:00,7560,7568,7560,7568,8
2026-08-04 05:00:00+00:00,7568,7570,7556,7556,5
2026-08-04 05:05:00+00:00,7556,7567,7552,7567,11
2026-08-04 05:10:00+00:00,7567,7578,7566,7574,22
2026-08-04 05:15:00+00:00,7574,7574,7568,7568,8
2026-08-04 05:20:00+00:00,7568,7568,7563,7564,8
2026-08-04 05:25:00+00:00,7564,7564,7564,7564,1
2026-08-04 05:30:00+00:00,7564,7581,7564,7580,23
2026-08-04 05:35:00+00:00,7580,7580,7570,7570,9
2026-08-04 05:40:00+00:00,7570,7570,7555,7560,41
2026-08-04 05:45:00+00:00,7560,7577,7560,7565,4
2026-08-04 05:50:00+00:00,7565,7565,7550,7550,6
2026-08-04 05:55:00+00:00,7550,7550,7544,7544,8
2026-08-04 06:00:00+00:00,7544,7570,7539,7554,449
2026-08-04 06:05:00+00:00,7554,7555,7548,7548,38
2026-08-04 06:10:00+00:00,7548,7551,7539,7539,21
2026-08-04 06:15:00+00:00,7539,7553,7539,7553,5
2026-08-04 06:20:00+00:00,7553,7555,7553,7555,2
2026-08-04 06:25:00+00:00,7555,7555,7541,7541,3
2026-08-04 06:30:00+00:00,7541,7546,7539,7546,7
2026-08-04 06:35:00+00:00,7546,7555,7546,7555,1
2026-08-04 06:40:00+00:00,7555,7555,7526,7530,104
2026-08-04 06:45:00+00:00,7530,7535,7522,7524,78
2026-08-04 06:50:00+00:00,7524,7531,7524,7527,26
2026-08-04 06:55:00+00:00,7527,7528,7508,7508,35
2026-08-04 07:00:00+00:00,7508,7516,7491,7503,48
2026-08-04 07:05:00+00:00,7503,7515,7503,7510,9
2026-08-04 07:10:00+00:00,7510,7510,7509,7509,1
2026-08-04 07:15:00+00:00,7509,7527,7509,7516,10
2026-08-04 07:20:00+00:00,7516,7545,7516,7536,13
2026-08-04 07:25:00+00:00,7536,7555,7536,7555,7
2026-08-04 07:30:00+00:00,7555,7558,7541,7555,18
2026-08-04 07:35:00+00:00,7555,7555,7545,7545,22
2026-08-04 07:40:00+00:00,7545,7547,7543,7547,2
2026-08-04 07:45:00+00:00,7547,7554,7540,7540,8
2026-08-04 07:50:00+00:00,7542,7549,7537,7545,16
2026-08-04 07:55:00+00:00,7545,7545,7534,7540,13
2026-08-04 08:00:00+00:00,7540,7541,7520,7534,24
2026-08-04 08:05:00+00:00,7534,7558,7534,7553,25
2026-08-04 08:10:00+00:00,7553,7554,7545,7546,8
2026-08-04 08:15:00+00:00,7546,7550,7543,7549,4
2026-08-04 08:20:00+00:00,7549,7564,7547,7550,35
2026-08-04 08:25:00+00:00,7550,7561,7550,7561,4
2026-08-04 08:30:00+00:00,7561,7595,7552,7595,89
2026-08-04 08:35:00+00:00,7595,7610,7585,7604,68
2026-08-04 08:40:00+00:00,7604,7629,7595,7620,65
2026-08-04 08:45:00+00:00,7620,7636,7619,7634,45
2026-08-04 08:50:00+00:00,7634,7656,7628,7656,109
2026-08-04 08:55:00+00:00,7656,7660,7644,7645,65
2026-08-04 09:00:00+00:00,7645,7650,7636,7643,23
2026-08-04 09:05:00+00:00,7643,7661,7643,7648,26
2026-08-04 09:10:00+00:00,7648,7655,7646,7654,10
2026-08-04 09:15:00+00:00,7654,7659,7644,7644,71
2026-08-04 09:20:00+00:00,7644,7659,7640,7650,21
2026-08-04 09:25:00+00:00,7650,7662,7640,7640,22
2026-08-04 09:30:00+00:00,7640,7651,7625,7626,47
2026-08-04 09:35:00+00:00,7627,7633,7620,7620,22
2026-08-04 09:40:00+00:00,7620,7648,7620,7648,32
2026-08-04 09:45:00+00:00,7648,7675,7647,7650,100
2026-08-04 09:50:00+00:00,7650,7668,7650,7663,33
2026-08-04 09:55:00+00:00,7663,7664,7637,7640,46
2026-08-04 10:00:00+00:00,7640,7640,7624,7630,24
2026-08-04 10:05:00+00:00,7630,7630,7620,7624,16
2026-08-04 10:10:00+00:00,7624,7639,7615,7635,47
2026-08-04 10:15:00+00:00,7635,7650,7629,7629,18
2026-08-04 10:20:00+00:00,7629,7643,7626,7643,45
2026-08-04 10:25:00+00:00,7643,7652,7643,7652,8
2026-08-04 10:30:00+00:00,7652,7652,7626,7631,10
2026-08-04 10:35:00+00:00,7631,7631,7627,7631,8
2026-08-04 10:40:00+00:00,7631,7633,7587,7602,110
2026-08-04 10:45:00+00:00,7600,7600,7521,7550,191
2026-08-04 10:50:00+00:00,7550,7560,7531,7560,39
2026-08-04 10:55:00+00:00,7560,7560,7536,7539,32
2026-08-04 11:00:00+00:00,7539,7560,7530,7543,50
2026-08-04 11:05:00+00:00,7543,7549,7510,7510,47
2026-08-04 11:10:00+00:00,7515,7515,7490,7498,164
2026-08-04 11:15:00+00:00,7498,7503,7474,7478,58
2026-08-04 11:20:00+00:00,7478,7491,7461,7480,50
2026-08-04 11:25:00+00:00,7480,7480,7452,7453,38
2026-08-04 11:30:00+00:00,7453,7475,7453,7474,23
2026-08-04 11:35:00+00:00,7474,7474,7440,7441,40
2026-08-04 11:40:00+00:00,7441,7452,7358,7361,276
2026-08-04 11:45:00+00:00,7361,7379,7312,7326,215
2026-08-04 11:50:00+00:00,7326,7339,7250,7263,425
2026-08-04 11:55:00+00:00,7263,7272,7200,7209,258
2026-08-04 12:00:00+00:00,7210,7278,7210,7264,203
2026-08-04 12:05:00+00:00,7264,7302,7264,7291,170
2026-08-04 12:10:00+00:00,7291,7314,7280,7314,83
2026-08-04 12:15:00+00:00,7314,7325,7285,7290,125
2026-08-04 12:20:00+00:00,7290,7316,7290,7316,133
2026-08-04 12:25:00+00:00,7316,7320,7304,7304,54
2026-08-04 12:30:00+00:00,7306,7311,7290,7290,41
2026-08-04 12:35:00+00:00,7290,7307,7290,7300,24
2026-08-04 12:40:00+00:00,7300,7310,7297,7305,13
2026-08-04 12:45:00+00:00,7305,7309,7290,7293,22
2026-08-04 12:50:00+00:00,7293,7293,7262,7262,87
2026-08-04 12:55:00+00:00,7262,7278,7248,7269,118
2026-08-04 13:00:00+00:00,7283,7305,7274,7301,57
2026-08-04 13:05:00+00:00,7301,7303,7280,7290,26
2026-08-04 13:10:00+00:00,7290,7305,7283,7283,20
2026-08-04 13:15:00+00:00,7283,7286,7283,7286,5
2026-08-04 13:20:00+00:00,7286,7286,7190,7201,497
2026-08-04 13:25:00+00:00,7204,7204,7166,7177,249
2026-08-04 13:30:00+00:00,7177,7195,7143,7188,278
2026-08-04 13:35:00+00:00,7188,7191,7135,7136,127
2026-08-04 13:40:00+00:00,7136,7176,7136,7165,144
2026-08-04 13:45:00+00:00,7165,7169,7145,7152,78
2026-08-04 13:50:00+00:00,7152,7154,7128,7130,110
2026-08-04 13:55:00+00:00,7130,7135,7109,7130,132
2026-08-04 14:00:00+00:00,7130,7159,7130,7155,138
2026-08-04 14:05:00+00:00,7157,7171,7135,7138,60
2026-08-04 14:10:00+00:00,7138,7146,7121,7137,565
2026-08-04 14:15:00+00:00,7140,7155,7130,7145,239
2026-08-04 14:20:00+00:00,7145,7163,7137,7150,80
2026-08-04 14:25:00+00:00,7150,7182,7150,7182,59
2026-08-04 14:30:00+00:00,7182,7214,7181,7193,117
2026-08-04 14:35:00+00:00,7193,7205,7162,7197,234
2026-08-04 14:40:00+00:00,7197,7209,7190,7205,36
2026-08-04 14:45:00+00:00,7205,7205,7187,7192,31
2026-08-04 14:50:00+00:00,7192,7205,7185,7202,20
2026-08-04 14:55:00+00:00,7202,7223,7202,7212,112
2026-08-04 15:00:00+00:00,7212,7227,7210,7221,82
2026-08-04 15:05:00+00:00,7221,7229,7217,7224,22
2026-08-04 15:10:00+00:00,7224,7224,7202,7213,25
2026-08-04 15:15:00+00:00,7213,7213,7193,7193,15
2026-08-04 15:20:00+00:00,7193,7199,7177,7180,27
2026-08-04 15:25:00+00:00,7180,7193,7170,7170,28
2026-08-04 15:30:00+00:00,7170,7170,7140,7143,271
2026-08-04 15:35:00+00:00,7143,7150,7073,7107,582
2026-08-04 15:40:00+00:00,7107,7107,7082,7083,177
2026-08-04 15:45:00+00:00,7083,7112,7081,7112,107
2026-08-04 15:50:00+00:00,7114,7116,7098,7098,92
2026-08-04 15:55:00+00:00,7098,7106,7095,7106,28
2026-08-04 16:00:00+00:00,7109,7127,7109,7127,65
2026-08-04 16:05:00+00:00,7127,7135,7118,7118,46
2026-08-04 16:10:00+00:00,7118,7137,7118,7137,33
2026-08-04 16:15:00+00:00,7137,7146,7133,7133,161
2026-08-04 16:20:00+00:00,7130,7130,7119,7119,45
2026-08-04 16:25:00+00:00,7119,7127,7119,7127,11
2026-08-04 16:30:00+00:00,7127,7143,7127,7143,5
2026-08-04 16:35:00+00:00,7143,7153,7139,7139,40
2026-08-04 16:40:00+00:00,7139,7146,7137,7137,4
2026-08-04 16:45:00+00:00,7137,7150,7135,7150,12
2026-08-04 16:50:00+00:00,7150,7154,7146,7146,26
2026-08-04 16:55:00+00:00,7146,7146,7128,7143,25
2026-08-04 17:00:00+00:00,7143,7143,7127,7134,23
2026-08-04 17:05:00+00:00,7134,7134,7127,7133,153
2026-08-04 17:10:00+00:00,7133,7133,7094,7095,116
2026-08-04 17:15:00+00:00,7095,7127,7094,7127,35
2026-08-04 17:20:00+00:00,7127,7130,7122,7124,23
2026-08-04 17:25:00+00:00,7124,7129,7118,7123,25
2026-08-04 17:30:00+00:00,7123,7133,7111,7111,21
2026-08-04 17:35:00+00:00,7111,7117,7102,7106,20
2026-08-04 17:40:00+00:00,7106,7107,7100,7101,37
2026-08-04 17:45:00+00:00,7101,7115,7100,7115,52
2026-08-04 17:50:00+00:00,7115,7120,7110,7116,44
2026-08-04 17:55:00+00:00,7116,7120,7106,7120,57
2026-08-05 03:30:00+00:00,7017,7031,6997,7022,140
2026-08-05 03:35:00+00:00,7023,7023,6996,7003,82
2026-08-05 03:40:00+00:00,7003,7022,6970,7016,187
2026-08-05 03:45:00+00:00,7016,7023,7011,7023,67
2026-08-05 03:50:00+00:00,7017,7026,7015,7023,32
2026-08-05 03:55:00+00:00,7023,7025,7012,7012,83
2026-08-05 04:00:00+00:00,7012,7022,7008,7021,38
2026-08-05 04:05:00+00:00,7021,7023,7015,7015,44
2026-08-05 04:10:00+00:00,7015,7034,7015,7034,41
2026-08-05 04:15:00+00:00,7034,7051,7034,7042,49
2026-08-05 04:20:00+00:00,7042,7055,7042,7051,11
2026-08-05 04:25:00+00:00,7051,7051,7036,7040,15
2026-08-05 04:30:00+00:00,7040,7040,7035,7040,2
2026-08-05 04:35:00+00:00,7040,7069,7040,7066,16
2026-08-05 04:40:00+00:00,7066,7066,7060,7062,12
2026-08-05 04:45:00+00:00,7062,7068,7061,7065,28
2026-08-05 04:50:00+00:00,7065,7070,7060,7068,24
2026-08-05 04:55:00+00:00,7068,7080,7062,7062,24
2026-08-05 05:00:00+00:00,7062,7075,7062,7075,7
2026-08-05 05:05:00+00:00,7075,7083,7073,7073,11
2026-08-05 05:10:00+00:00,7073,7079,7073,7079,7
2026-08-05 05:15:00+00:00,7079,7080,7068,7079,12
2026-08-05 05:20:00+00:00,7079,7081,7072,7081,6
2026-08-05 05:25:00+00:00,7081,7081,7066,7066,3
2026-08-05 05:30:00+00:00,7066,7073,7039,7039,16
2026-08-05 05:35:00+00:00,7039,7046,7032,7040,25
2026-08-05 05:40:00+00:00,7040,7062,7040,7062,22
2026-08-05 05:45:00+00:00,7062,7062,7045,7057,21
2026-08-05 05:50:00+00:00,7057,7065,7051,7051,12
2026-08-05 05:55:00+00:00,7051,7060,7037,7058,13
2026-08-05 06:00:00+00:00,7058,7072,7052,7072,27
2026-08-05 06:05:00+00:00,7072,7090,7072,7090,25
2026-08-05 06:10:00+00:00,7090,7090,7068,7075,39
2026-08-05 06:15:00+00:00,7075,7085,7075,7076,22
2026-08-05 06:20:00+00:00,7076,7076,7050,7055,14
2026-08-05 06:25:00+00:00,7055,7087,7055,7083,287
2026-08-05 06:30:00+00:00,7083,7112,7083,7100,168
2026-08-05 06:35:00+00:00,7100,7110,7098,7106,157
2026-08-05 06:40:00+00:00,7106,7108,7083,7086,104
2026-08-05 06:45:00+00:00,7086,7101,7082,7098,62
2026-08-05 06:50:00+00:00,7098,7098,7072,7081,107
2026-08-05 06:55:00+00:00,7081,7084,7065,7068,123
2026-08-05 07:00:00+00:00,7069,7089,7052,7089,92
2026-08-05 07:05:00+00:00,7089,7122,7089,7111,85
2026-08-05 07:10:00+00:00,7111,7148,7111,7138,89
2026-08-05 07:15:00+00:00,7137,7146,7120,7141,136
2026-08-05 07:20:00+00:00,7141,7152,7133,7147,27
2026-08-05 07:25:00+00:00,7147,7168,7142,7164,121
2026-08-05 07:30:00+00:00,7164,7184,7163,7179,166
2026-08-05 07:35:00+00:00,7179,7180,7168,7173,238
2026-08-05 07:40:00+00:00,7173,7173,7154,7161,172
2026-08-05 07:45:00+00:00,7161,7163,7148,7163,36
2026-08-05 07:50:00+00:00,7158,7179,7158,7178,99
2026-08-05 07:55:00+00:00,7176,7179,7169,7170,126
2026-08-05 08:00:00+00:00,7162,7163,7155,7159,24
2026-08-05 08:05:00+00:00,7159,7167,7137,7137,30
2026-08-05 08:10:00+00:00,7137,7186,7137,7183,57
2026-08-05 08:15:00+00:00,7183,7183,7159,7162,44
2026-08-05 08:20:00+00:00,7162,7185,7162,7178,18
2026-08-05 08:25:00+00:00,7178,7178,7158,7161,18
2026-08-05 08:30:00+00:00,7161,7179,7151,7169,37
2026-08-05 08:35:00+00:00,7169,7185,7166,7179,43
2026-08-05 08:40:00+00:00,7179,7182,7156,7178,58
2026-08-05 08:45:00+00:00,7178,7197,7177,7188,49
2026-08-05 08:50:00+00:00,7188,7202,7180,7188,87
2026-08-05 08:55:00+00:00,7188,7190,7181,7190,9
2026-08-05 09:00:00+00:00,7190,7190,7178,7179,4
2026-08-05 09:05:00+00:00,7179,7179,7156,7168,49
2026-08-05 09:10:00+00:00,7168,7169,7161,7164,19
2026-08-05 09:15:00+00:00,7164,7166,7151,7166,10
2026-08-05 09:20:00+00:00,7166,7190,7166,7185,39
2026-08-05 09:25:00+00:00,7185,7193,7178,7178,23
2026-08-05 09:30:00+00:00,7178,7181,7175,7175,9
2026-08-05 09:35:00+00:00,7175,7187,7173,7187,38
2026-08-05 09:40:00+00:00,7187,7190,7184,7187,9
2026-08-05 09:45:00+00:00,7187,7195,7183,7191,21
2026-08-05 09:50:00+00:00,7191,7196,7191,7194,15
2026-08-05 09:55:00+00:00,7194,7200,7194,7200,40
2026-08-05 10:00:00+00:00,7200,7218,7193,7204,46
2026-08-05 10:05:00+00:00,7204,7212,7191,7196,76
2026-08-05 10:10:00+00:00,7196,7210,7196,7198,25
2026-08-05 10:15:00+00:00,7198,7200,7186,7200,21
2026-08-05 10:20:00+00:00,7200,7205,7200,7205,3
2026-08-05 10:25:00+00:00,7205,7207,7200,7207,39
2026-08-05 10:30:00+00:00,7207,7207,7190,7190,14
2026-08-05 10:35:00+00:00,7190,7190,7180,7180,13
2026-08-05 10:40:00+00:00,7180,7195,7175,7195,11
2026-08-05 10:45:00+00:00,7195,7195,7178,7194,7
2026-08-05 10:50:00+00:00,7194,7198,7192,7192,23
2026-08-05 10:55:00+00:00,7192,7192,7166,7166,20
2026-08-05 11:00:00+00:00,7166,7184,7166,7180,21
2026-08-05 11:05:00+00:00,7180,7180,7155,7160,18
2026-08-05 11:10:00+00:00,7160,7167,7148,7149,13
2026-08-05 11:15:00+00:00,7149,7160,7149,7160,4
2026-08-05 11:20:00+00:00,7160,7170,7160,7168,9
2026-08-05 11:25:00+00:00,7168,7170,7155,7155,9
2026-08-05 11:30:00+00:00,7155,7159,7146,7146,11
2026-08-05 11:35:00+00:00,7146,7150,7130,7145,35
2026-08-05 11:40:00+00:00,7145,7156,7141,7142,54
2026-08-05 11:45:00+00:00,7142,7161,7141,7161,21
2026-08-05 11:50:00+00:00,7161,7161,7140,7157,13
2026-08-05 11:55:00+00:00,7157,7157,7146,7146,4
2026-08-05 12:00:00+00:00,7146,7165,7146,7162,7
2026-08-05 12:05:00+00:00,7162,7162,7146,7146,12
2026-08-05 12:10:00+00:00,7146,7150,7135,7135,9
2026-08-05 12:15:00+00:00,7135,7142,7128,7138,35
2026-08-05 12:20:00+00:00,7138,7150,7138,7143,10
2026-08-05 12:25:00+00:00,7143,7178,7143,7174,52
2026-08-05 12:30:00+00:00,7174,7199,7174,7176,48
2026-08-05 12:35:00+00:00,7176,7185,7176,7182,8
2026-08-05 12:40:00+00:00,7182,7182,7170,7173,11
2026-08-05 12:45:00+00:00,7173,7179,7165,7165,6
2026-08-05 12:50:00+00:00,7161,7179,7159,7179,25
2026-08-05 12:55:00+00:00,7179,7198,7179,7198,23
2026-08-05 13:00:00+00:00,7190,7190,7140,7140,70
2026-08-05 13:05:00+00:00,7140,7148,7130,7133,38
2026-08-05 13:10:00+00:00,7133,7157,7133,7147,12
2026-08-05 13:15:00+00:00,7147,7147,7143,7143,2
2026-08-05 13:20:00+00:00,7143,7148,7135,7141,11
2026-08-05 13:25:00+00:00,7141,7141,7128,7138,25
2026-08-05 13:30:00+00:00,7138,7145,7118,7118,39
2026-08-05 13:35:00+00:00,7118,7128,7070,7085,178
2026-08-05 13:40:00+00:00,7083,7102,7073,7098,134
2026-08-05 13:45:00+00:00,7098,7110,7094,7109,60
2026-08-05 13:50:00+00:00,7109,7120,7089,7089,27
2026-08-05 13:55:00+00:00,7089,7110,7089,7110,69
2026-08-05 14:00:00+00:00,7112,7115,7075,7099,59
2026-08-05 14:05:00+00:00,7099,7099,7039,7058,157
2026-08-05 14:10:00+00:00,7058,7075,7045,7052,172
2026-08-05 14:15:00+00:00,7052,7068,7051,7060,23
2026-08-05 14:20:00+00:00,7060,7060,7044,7044,50
2026-08-05 14:25:00+00:00,7044,7056,7041,7049,40
2026-08-05 14:30:00+00:00,7049,7065,7036,7045,89
2026-08-05 14:35:00+00:00,7045,7060,7045,7050,22
2026-08-05 14:40:00+00:00,7050,7062,7048,7052,48
2026-08-05 14:45:00+00:00,7052,7080,7052,7080,32
2026-08-05 14:50:00+00:00,7080,7080,7059,7070,15
2026-08-05 14:55:00+00:00,7070,7070,7061,7061,4
2026-08-05 15:00:00+00:00,7061,7068,7020,7042,132
2026-08-05 15:05:00+00:00,7042,7085,7042,7085,38
2026-08-05 15:10:00+00:00,7085,7099,7075,7099,27
2026-08-05 15:15:00+00:00,7099,7123,7099,7115,93
2026-08-05 15:20:00+00:00,7115,7115,7083,7091,29
2026-08-05 15:25:00+00:00,7091,7097,7060,7073,61
2026-08-05 15:30:00+00:00,7069,7083,7069,7083,12
2026-08-05 15:35:00+00:00,7083,7083,7070,7083,4
2026-08-05 15:40:00+00:00,7083,7085,7073,7078,6
2026-08-05 15:45:00+00:00,7078,7108,7078,7104,47
2026-08-05 15:50:00+00:00,7104,7110,7090,7107,15
2026-08-05 15:55:00+00:00,7107,7107,7098,7103,10
2026-08-05 16:00:00+00:00,7103,7123,7103,7115,39
2026-08-05 16:05:00+00:00,7115,7121,7109,7112,7
2026-08-05 16:10:00+00:00,7112,7112,7100,7110,7
2026-08-05 16:15:00+00:00,7110,7124,7110,7114,8
2026-08-05 16:20:00+00:00,7114,7120,7108,7116,15
2026-08-05 16:25:00+00:00,7116,7120,7110,7116,13
2026-08-05 16:30:00+00:00,7116,7116,7108,7108,7
2026-08-05 16:35:00+00:00,7108,7114,7101,7105,22
2026-08-05 16:40:00+00:00,7099,7103,7084,7085,41
2026-08-05 16:45:00+00:00,7085,7088,7073,7074,21
2026-08-05 16:50:00+00:00,7074,7074,7046,7059,90
2026-08-05 16:55:00+00:00,7059,7070,7051,7057,36
2026-08-05 17:00:00+00:00,7057,7064,7051,7060,35
2026-08-05 17:05:00+00:00,7060,7060,7045,7047,29
2026-08-05 17:10:00+00:00,7047,7053,7035,7035,74
2026-08-05 17:15:00+00:00,7035,7040,7011,7011,157
2026-08-05 17:20:00+00:00,7011,7024,7011,7020,25
2026-08-05 17:25:00+00:00,7020,7027,7017,7021,69
2026-08-05 17:30:00+00:00,7021,7029,7015,7017,27
2026-08-05 17:35:00+00:00,7017,7036,7016,7028,22
2026-08-05 17:40:00+00:00,7028,7035,7022,7029,14
2026-08-05 17:45:00+00:00,7029,7033,7028,7033,17
2026-08-05 17:50:00+00:00,7033,7037,7028,7037,41
2026-08-05 17:55:00+00:00,7037,7045,7035,7035,54
2026-08-06 03:30:00+00:00,7100,7100,7061,7067,68
2026-08-06 03:35:00+00:00,7067,7075,7063,7069,37
2026-08-06 03:40:00+00:00,7069,7075,7069,7075,16
2026-08-06 03:45:00+00:00,7075,7081,7075,7075,16
2026-08-06 03:50:00+00:00,7075,7079,7073,7073,5
2026-08-06 03:55:00+00:00,7073,7079,7073,7073,3
2026-08-06 04:00:00+00:00,7073,7073,7059,7059,10
2026-08-06 04:05:00+00:00,7059,7066,7057,7060,9
2026-08-06 04:10:00+00:00,7060,7061,7055,7061,19
2026-08-06 04:15:00+00:00,7061,7063,7057,7057,58
2026-08-06 04:20:00+00:00,7057,7059,7050,7058,22
2026-08-06 04:25:00+00:00,7058,7059,7053,7054,9
2026-08-06 04:30:00+00:00,7054,7059,7046,7050,24
2026-08-06 04:35:00+00:00,7050,7060,7050,7054,9
2026-08-06 04:40:00+00:00,7054,7062,7054,7062,5
2026-08-06 04:45:00+00:00,7062,7062,7055,7056,8
2026-08-06 04:50:00+00:00,7056,7062,7056,7062,10
2026-08-06 04:55:00+00:00,7062,7065,7059,7065,16
2026-08-06 05:00:00+00:00,7065,7071,7060,7071,24
2026-08-06 05:05:00+00:00,7071,7071,7065,7070,5
2026-08-06 05:10:00+00:00,7070,7070,7055,7055,7
2026-08-06 05:15:00+00:00,7055,7055,7050,7050,6
2026-08-06 05:20:00+00:00,7050,7055,7050,7055,5
2026-08-06 05:25:00+00:00,7055,7055,7055,7055,1
2026-08-06 05:30:00+00:00,7055,7055,7043,7050,11
2026-08-06 05:35:00+00:00,7050,7070,7050,7070,25
2026-08-06 05:40:00+00:00,7070,7073,7063,7073,249
2026-08-06 05:45:00+00:00,7073,7075,7066,7070,193
2026-08-06 05:50:00+00:00,7070,7073,7062,7073,16
2026-08-06 05:55:00+00:00,7073,7073,7070,7070,17
2026-08-06 06:00:00+00:00,7070,7098,7070,7091,88
2026-08-06 06:05:00+00:00,7091,7096,7086,7092,56
2026-08-06 06:10:00+00:00,7092,7124,7092,7120,67
2026-08-06 06:15:00+00:00,7120,7126,7104,7104,37
2026-08-06 06:20:00+00:00,7104,7120,7104,7119,42
2026-08-06 06:25:00+00:00,7119,7123,7105,7105,21
2026-08-06 06:30:00+00:00,7105,7125,7105,7122,29
2026-08-06 06:35:00+00:00,7122,7135,7115,7131,43
2026-08-06 06:40:00+00:00,7131,7144,7130,7132,82
2026-08-06 06:45:00+00:00,7132,7146,7128,7138,106
2026-08-06 06:50:00+00:00,7138,7138,7121,7122,37
2026-08-06 06:55:00+00:00,7122,7122,7113,7113,9
2026-08-06 07:00:00+00:00,7108,7108,7090,7091,18
2026-08-06 07:05:00+00:00,7091,7104,7088,7104,5
2026-08-06 07:10:00+00:00,7104,7119,7104,7109,5
2026-08-06 07:15:00+00:00,7109,7112,7109,7109,5
2026-08-06 07:20:00+00:00,7109,7109,7094,7101,24
2026-08-06 07:25:00+00:00,7101,7101,7085,7099,16
2026-08-06 07:30:00+00:00,7099,7099,7093,7093,2
2026-08-06 07:35:00+00:00,7093,7119,7093,7118,11
2026-08-06 07:40:00+00:00,7118,7122,7112,7120,14
2026-08-06 07:45:00+00:00,7120,7122,7111,7111,21
2026-08-06 07:50:00+00:00,7111,7132,7111,7125,48
2026-08-06 07:55:00+00:00,7125,7126,7118,7120,19
2026-08-06 08:00:00+00:00,7120,7139,7112,7139,40
2026-08-06 08:05:00+00:00,7139,7139,7120,7121,28
2026-08-06 08:10:00+00:00,7121,7141,7121,7141,20
2026-08-06 08:15:00+00:00,7141,7155,7141,7149,124
2026-08-06 08:20:00+00:00,7149,7149,7135,7137,15
2026-08-06 08:25:00+00:00,7137,7145,7096,7096,83
2026-08-06 08:30:00+00:00,7100,7105,7079,7090,63
2026-08-06 08:35:00+00:00,7090,7107,7079,7107,13
2026-08-06 08:40:00+00:00,7107,7107,7086,7091,29
2026-08-06 08:45:00+00:00,7091,7095,7084,7086,22
2026-08-06 08:50:00+00:00,7086,7086,7075,7080,35
2026-08-06 08:55:00+00:00,7080,7095,7080,7095,19
2026-08-06 09:00:00+00:00,7095,7116,7095,7115,81
2026-08-06 09:05:00+00:00,7115,7121,7105,7116,46
2026-08-06 09:10:00+00:00,7116,7127,7108,7115,301
2026-08-06 09:15:00+00:00,7115,7124,7109,7109,200
2026-08-06 09:20:00+00:00,7109,7109,7095,7095,16
2026-08-06 09:25:00+00:00,7095,7110,7095,7104,16
2026-08-06 09:30:00+00:00,7104,7104,7090,7104,8
2026-08-06 09:35:00+00:00,7104,7120,7104,7114,10
2026-08-06 09:40:00+00:00,7114,7121,7114,7117,22
2026-08-06 09:45:00+00:00,7117,7121,7117,7117,5
2026-08-06 09:50:00+00:00,7117,7117,7105,7105,7
2026-08-06 09:55:00+00:00,7105,7105,7095,7098,4
2026-08-06 10:00:00+00:00,7098,7098,7097,7097,1
2026-08-06 10:05:00+00:00,7097,7126,7097,7123,8
2026-08-06 10:10:00+00:00,7123,7141,7123,7132,25
2026-08-06 10:15:00+00:00,7132,7142,7132,7142,40
2026-08-06 10:20:00+00:00,7142,7165,7142,7154,109
2026-08-06 10:25:00+00:00,7154,7157,7140,7140,32
2026-08-06 10:30:00+00:00,7140,7153,7140,7152,16
2026-08-06 10:35:00+00:00,7152,7164,7152,7152,16
2026-08-06 10:40:00+00:00,7152,7166,7152,7166,16
2026-08-06 10:45:00+00:00,7166,7166,7155,7165,12
2026-08-06 10:50:00+00:00,7166,7177,7165,7172,90
2026-08-06 10:55:00+00:00,7172,7172,7164,7166,12
2026-08-06 11:00:00+00:00,7166,7166,7155,7155,10
2026-08-06 11:05:00+00:00,7155,7165,7155,7165,14
2026-08-06 11:10:00+00:00,7165,7166,7157,7160,12
2026-08-06 11:15:00+00:00,7160,7160,7158,7158,3
2026-08-06 11:20:00+00:00,7158,7165,7158,7165,9
2026-08-06 11:25:00+00:00,7165,7166,7156,7156,39
2026-08-06 11:30:00+00:00,7156,7156,7151,7151,5
2026-08-06 11:35:00+00:00,7151,7154,7150,7150,16
2026-08-06 11:40:00+00:00,7150,7150,7149,7149,4
2026-08-06 11:45:00+00:00,7149,7165,7146,7165,13
2026-08-06 11:50:00+00:00,7165,7187,7165,7187,66
2026-08-06 11:55:00+00:00,7187,7187,7145,7145,47
2026-08-06 12:00:00+00:00,7145,7155,7136,7150,15
2026-08-06 12:05:00+00:00,7150,7180,7146,7168,135
2026-08-06 12:10:00+00:00,7168,7175,7154,7154,42
2026-08-06 12:15:00+00:00,7154,7175,7154,7175,8
2026-08-06 12:20:00+00:00,7175,7180,7168,7180,15
2026-08-06 12:25:00+00:00,7183,7187,7173,7177,32
2026-08-06 12:30:00+00:00,7177,7182,7173,7173,24
2026-08-06 12:35:00+00:00,7173,7194,7173,7194,41
2026-08-06 12:40:00+00:00,7194,7196,7189,7189,50
2026-08-06 12:45:00+00:00,7189,7194,7176,7179,33
2026-08-06 12:50:00+00:00,7179,7192,7179,7190,48
2026-08-06 12:55:00+00:00,7190,7190,7181,7181,11
2026-08-06 13:00:00+00:00,7181,7200,7181,7191,35
2026-08-06 13:05:00+00:00,7191,7233,7191,7213,148
2026-08-06 13:10:00+00:00,7213,7227,7213,7216,88
2026-08-06 13:15:00+00:00,7216,7216,7200,7207,25
2026-08-06 13:20:00+00:00,7207,7207,7188,7188,38
2026-08-06 13:25:00+00:00,7188,7190,7184,7185,21
2026-08-06 13:30:00+00:00,7185,7191,7179,7181,35
2026-08-06 13:35:00+00:00,7181,7192,7181,7192,10
2026-08-06 13:40:00+00:00,7192,7192,7166,7175,24
2026-08-06 13:45:00+00:00,7175,7191,7174,7189,13
2026-08-06 13:50:00+00:00,7189,7189,7170,7180,14
2026-08-06 13:55:00+00:00,7180,7183,7175,7183,6
2026-08-06 14:00:00+00:00,7183,7191,7170,7170,23
2026-08-06 14:05:00+00:00,7170,7188,7170,7179,18
2026-08-06 14:10:00+00:00,7179,7191,7179,7191,15
2026-08-06 14:15:00+00:00,7191,7197,7189,7197,33
2026-08-06 14:20:00+00:00,7197,7202,7195,7202,32
2026-08-06 14:25:00+00:00,7202,7210,7202,7204,27
2026-08-06 14:30:00+00:00,7204,7204,7189,7197,30
2026-08-06 14:35:00+00:00,7197,7212,7197,7212,21
2026-08-06 14:40:00+00:00,7212,7212,7200,7203,38
2026-08-06 14:45:00+00:00,7203,7225,7203,7221,31
2026-08-06 14:50:00+00:00,7221,7228,7215,7224,29
2026-08-06 14:55:00+00:00,7224,7224,7213,7220,21
2026-08-06 15:00:00+00:00,7220,7230,7210,7225,41
2026-08-06 15:05:00+00:00,7225,7230,7214,7215,13
2026-08-06 15:10:00+00:00,7215,7236,7215,7225,48
2026-08-06 15:15:00+00:00,7225,7260,7225,7255,90
2026-08-06 15:20:00+00:00,7255,7265,7253,7262,54
2026-08-06 15:25:00+00:00,7262,7262,7235,7240,39
2026-08-06 15:30:00+00:00,7240,7250,7234,7250,38
2026-08-06 15:35:00+00:00,7254,7261,7250,7250,28
2026-08-06 15:40:00+00:00,7250,7250,7237,7237,25
2026-08-06 15:45:00+00:00,7237,7252,7237,7252,12
2026-08-06 15:50:00+00:00,7252,7337,7248,7337,288
2026-08-06 15:55:00+00:00,7337,7351,7301,7323,170
2026-08-06 16:00:00+00:00,7323,7340,7316,7325,104
2026-08-06 16:05:00+00:00,7325,7326,7309,7325,36
2026-08-06 16:10:00+00:00,7325,7335,7320,7335,61
2026-08-06 16:15:00+00:00,7335,7350,7335,7350,55
2026-08-06 16:20:00+00:00,7350,7350,7323,7327,50
2026-08-06 16:25:00+00:00,7327,7335,7323,7323,32
2026-08-06 16:30:00+00:00,7323,7330,7315,7325,41
2026-08-06 16:35:00+00:00,7325,7335,7314,7335,48
2026-08-06 16:40:00+00:00,7335,7351,7332,7351,72
2026-08-06 16:45:00+00:00,7351,7355,7331,7334,104
2026-08-06 16:50:00+00:00,7334,7350,7329,7343,40
2026-08-06 16:55:00+00:00,7343,7348,7337,7340,61
2026-08-06 17:00:00+00:00,7340,7340,7320,7332,85
2026-08-06 17:05:00+00:00,7332,7332,7324,7324,10
2026-08-06 17:10:00+00:00,7324,7335,7322,7332,27
2026-08-06 17:15:00+00:00,7332,7332,7321,7322,54
2026-08-06 17:20:00+00:00,7322,7333,7322,7332,78
2026-08-06 17:25:00+00:00,7332,7332,7312,7317,120
2026-08-06 17:30:00+00:00,7317,7320,7286,7287,153
2026-08-06 17:35:00+00:00,7287,7295,7287,7295,30
2026-08-06 17:40:00+00:00,7295,7299,7290,7299,24
2026-08-06 17:45:00+00:00,7299,7300,7285,7292,63
2026-08-06 17:50:00+00:00,7288,7292,7281,7289,32
2026-08-06 17:55:00+00:00,7289,7295,7280,7291,50
2026-08-07 03:30:00+00:00,7252,7364,7251,7360,91
2026-08-07 03:35:00+00:00,7360,7360,7351,7351,27
2026-08-07 03:40:00+00:00,7351,7364,7350,7360,41
2026-08-07 03:45:00+00:00,7360,7361,7357,7360,22
2026-08-07 03:50:00+00:00,7360,7364,7358,7362,17
2026-08-07 03:55:00+00:00,7362,7363,7358,7358,12
2026-08-07 04:00:00+00:00,7358,7361,7353,7358,22
2026-08-07 04:05:00+00:00,7358,7383,7358,7375,145
2026-08-07 04:10:00+00:00,7375,7392,7375,7391,34
2026-08-07 04:15:00+00:00,7391,7410,7385,7407,47
2026-08-07 04:20:00+00:00,7409,7411,7397,7411,31
2026-08-07 04:25:00+00:00,7411,7420,7402,7420,56
2026-08-07 04:30:00+00:00,7416,7427,7387,7387,39
2026-08-07 04:35:00+00:00,7387,7388,7380,7386,14
2026-08-07 04:40:00+00:00,7386,7398,7386,7398,12
2026-08-07 04:45:00+00:00,7398,7402,7394,7402,14
2026-08-07 04:50:00+00:00,7402,7402,7390,7390,2
2026-08-07 04:55:00+00:00,7390,7390,7375,7383,5
2026-08-07 05:00:00+00:00,7383,7385,7377,7385,50
2026-08-07 05:05:00+00:00,7385,7385,7377,7377,8
2026-08-07 05:10:00+00:00,7377,7381,7375,7381,7
2026-08-07 05:15:00+00:00,7381,7385,7379,7384,7
2026-08-07 05:20:00+00:00,7384,7384,7376,7382,7
2026-08-07 05:25:00+00:00,7382,7388,7376,7387,15
2026-08-07 05:30:00+00:00,7387,7394,7380,7390,14
2026-08-07 05:35:00+00:00,7390,7390,7377,7377,13
2026-08-07 05:40:00+00:00,7377,7382,7373,7377,4
2026-08-07 05:45:00+00:00,7377,7383,7377,7383,3
2026-08-07 05:50:00+00:00,7383,7383,7361,7362,28
2026-08-07 05:55:00+00:00,7362,7364,7358,7363,45
2026-08-07 06:00:00+00:00,7363,7363,7341,7341,36
2026-08-07 06:05:00+00:00,7341,7349,7332,7348,36
2026-08-07 06:10:00+00:00,7348,7351,7340,7340,11
2026-08-07 06:15:00+00:00,7340,7343,7336,7340,17
2026-08-07 06:20:00+00:00,7340,7340,7320,7320,32
2026-08-07 06:25:00+00:00,7320,7324,7314,7315,10
2026-08-07 06:30:00+00:00,7315,7335,7312,7335,24
2026-08-07 06:35:00+00:00,7335,7345,7335,7345,24
2026-08-07 06:40:00+00:00,7346,7359,7346,7359,13
2026-08-07 06:45:00+00:00,7359,7365,7354,7365,33
2026-08-07 06:50:00+00:00,7365,7365,7346,7346,6
2026-08-07 06:55:00+00:00,7346,7352,7341,7341,7
2026-08-07 07:00:00+00:00,7341,7358,7341,7358,15
2026-08-07 07:05:00+00:00,7346,7349,7346,7349,9
2026-08-07 07:10:00+00:00,7349,7349,7329,7330,17
2026-08-07 07:15:00+00:00,7330,7339,7325,7333,40
2026-08-07 07:20:00+00:00,7335,7335,7323,7328,38
2026-08-07 07:25:00+00:00,7328,7330,7314,7314,16
2026-08-07 07:30:00+00:00,7314,7334,7311,7330,27
2026-08-07 07:35:00+00:00,7330,7340,7327,7327,6
2026-08-07 07:40:00+00:00,7327,7337,7327,7337,7
2026-08-07 07:45:00+00:00,7337,7342,7334,7334,15
2026-08-07 07:50:00+00:00,7334,7350,7334,7347,34
2026-08-07 07:55:00+00:00,7347,7347,7330,7334,12
2026-08-07 08:00:00+00:00,7334,7336,7322,7322,10
2026-08-07 08:05:00+00:00,7322,7324,7311,7314,49
2026-08-07 08:10:00+00:00,7314,7325,7314,7325,13
2026-08-07 08:15:00+00:00,7325,7339,7325,7337,45
2026-08-07 08:20:00+00:00,7337,7349,7337,7337,30
2026-08-07 08:25:00+00:00,7337,7340,7324,7340,11
2026-08-07 08:30:00+00:00,7340,7340,7313,7324,13
2026-08-07 08:35:00+00:00,7324,7340,7315,7331,48
2026-08-07 08:40:00+00:00,7331,7343,7325,7331,64
2026-08-07 08:45:00+00:00,7331,7348,7331,7339,36
2026-08-07 08:50:00+00:00,7339,7345,7334,7334,15
2026-08-07 08:55:00+00:00,7334,7334,7318,7329,12
2026-08-07 09:00:00+00:00,7329,7333,7308,7309,16
2026-08-07 09:05:00+00:00,7309,7322,7309,7315,14
2026-08-07 09:10:00+00:00,7315,7315,7301,7305,37
2026-08-07 09:15:00+00:00,7305,7322,7305,7314,46
2026-08-07 09:20:00+00:00,7314,7314,7300,7302,10
2026-08-07 09:25:00+00:00,7302,7309,7300,7300,16
2026-08-07 09:30:00+00:00,7300,7303,7292,7300,36
2026-08-07 09:35:00+00:00,7300,7300,7280,7280,27
2026-08-07 09:40:00+00:00,7280,7280,7262,7271,61
2026-08-07 09:45:00+00:00,7274,7274,7261,7265,52
2026-08-07 09:50:00+00:00,7265,7287,7265,7285,36
2026-08-07 09:55:00+00:00,7285,7285,7275,7275,13
2026-08-07 10:00:00+00:00,7275,7277,7263,7268,24
2026-08-07 10:05:00+00:00,7268,7275,7267,7275,7
2026-08-07 10:10:00+00:00,7275,7275,7249,7253,44
2026-08-07 10:15:00+00:00,7253,7273,7253,7267,15
2026-08-07 10:20:00+00:00,7267,7278,7266,7278,8
2026-08-07 10:25:00+00:00,7278,7278,7266,7266,6
2026-08-07 10:30:00+00:00,7266,7266,7258,7258,33
2026-08-07 10:35:00+00:00,7258,7263,7251,7254,34
2026-08-07 10:40:00+00:00,7254,7262,7242,7247,32
2026-08-07 10:45:00+00:00,7247,7259,7247,7249,20
2026-08-07 10:50:00+00:00,7249,7250,7244,7246,67
2026-08-07 10:55:00+00:00,7246,7252,7242,7244,23
2026-08-07 11:00:00+00:00,7244,7246,7233,7233,29
2026-08-07 11:05:00+00:00,7233,7246,7232,7233,20
2026-08-07 11:10:00+00:00,7233,7251,7233,7251,47
2026-08-07 11:15:00+00:00,7251,7265,7251,7257,23
2026-08-07 11:20:00+00:00,7257,7257,7248,7249,22
2026-08-07 11:25:00+00:00,7249,7249,7237,7237,12
2026-08-07 11:30:00+00:00,7237,7239,7237,7238,4
2026-08-07 11:35:00+00:00,7238,7239,7234,7236,39
2026-08-07 11:40:00+00:00,7236,7237,7227,7237,15
2026-08-07 11:45:00+00:00,7237,7237,7235,7235,1
2026-08-07 11:50:00+00:00,7235,7235,7220,7229,36
2026-08-07 11:55:00+00:00,7229,7238,7229,7238,4
2026-08-07 12:00:00+00:00,7238,7238,7229,7235,6
2026-08-07 12:05:00+00:00,7235,7250,7234,7250,21
2026-08-07 12:10:00+00:00,7250,7256,7242,7256,79
2026-08-07 12:15:00+00:00,7256,7272,7255,7255,58
2026-08-07 12:20:00+00:00,7255,7275,7255,7274,26
2026-08-07 12:25:00+00:00,7276,7295,7272,7291,56
2026-08-07 12:30:00+00:00,7291,7291,7233,7235,50
2026-08-07 12:35:00+00:00,7235,7244,7220,7220,24
2026-08-07 12:40:00+00:00,7220,7226,7207,7216,60
2026-08-07 12:45:00+00:00,7216,7225,7216,7221,25
2026-08-07 12:50:00+00:00,7221,7227,7208,7209,24
2026-08-07 12:55:00+00:00,7209,7221,7206,7221,20
2026-08-07 13:00:00+00:00,7216,7233,7207,7227,39
2026-08-07 13:05:00+00:00,7227,7231,7216,7220,11
2026-08-07 13:10:00+00:00,7220,7245,7220,7245,11
2026-08-07 13:15:00+00:00,7245,7245,7223,7229,6
2026-08-07 13:20:00+00:00,7229,7255,7229,7250,19
2026-08-07 13:25:00+00:00,7250,7256,7245,7246,10
2026-08-07 13:30:00+00:00,7246,7256,7235,7256,14
2026-08-07 13:35:00+00:00,7256,7256,7250,7250,19
2026-08-07 13:40:00+00:00,7250,7250,7250,7250,10
2026-08-07 13:45:00+00:00,7250,7270,7250,7270,23
2026-08-07 13:50:00+00:00,7270,7278,7268,7275,6
2026-08-07 13:55:00+00:00,7275,7275,7265,7275,13
2026-08-07 14:00:00+00:00,7275,7304,7269,7304,54
2026-08-07 14:05:00+00:00,7304,7338,7301,7326,143
2026-08-07 14:10:00+00:00,7326,7335,7313,7320,53
2026-08-07 14:15:00+00:00,7320,7320,7298,7300,31
2026-08-07 14:20:00+00:00,7300,7309,7290,7307,27
2026-08-07 14:25:00+00:00,7307,7320,7307,7307,30
2026-08-07 14:30:00+00:00,7309,7317,7301,7301,11
2026-08-07 14:35:00+00:00,7301,7305,7290,7305,16
2026-08-07 14:40:00+00:00,7305,7305,7293,7305,21
2026-08-07 14:45:00+00:00,7305,7315,7297,7315,14
2026-08-07 14:50:00+00:00,7315,7332,7308,7332,34
2026-08-07 14:55:00+00:00,7332,7350,7331,7348,46
2026-08-07 15:00:00+00:00,7348,7377,7343,7376,126
2026-08-07 15:05:00+00:00,7376,7385,7361,7363,44
2026-08-07 15:10:00+00:00,7363,7379,7354,7362,60
2026-08-07 15:15:00+00:00,7362,7378,7362,7378,21
2026-08-07 15:20:00+00:00,7378,7378,7359,7364,32
2026-08-07 15:25:00+00:00,7364,7380,7360,7369,110
2026-08-07 15:30:00+00:00,7369,7380,7360,7364,65
2026-08-07 15:35:00+00:00,7364,7365,7358,7365,13
2026-08-07 15:40:00+00:00,7365,7368,7357,7361,10
2026-08-07 15:45:00+00:00,7361,7368,7355,7368,7
2026-08-07 15:50:00+00:00,7368,7380,7368,7380,14
2026-08-07 15:55:00+00:00,7380,7397,7380,7394,73
2026-08-07 16:00:00+00:00,7394,7398,7386,7386,31
2026-08-07 16:05:00+00:00,7386,7386,7372,7372,19
2026-08-07 16:10:00+00:00,7372,7377,7372,7377,4
2026-08-07 16:15:00+00:00,7377,7386,7377,7381,20
2026-08-07 16:20:00+00:00,7381,7393,7376,7393,174
2026-08-07 16:25:00+00:00,7393,7393,7382,7390,21
2026-08-07 16:30:00+00:00,7392,7394,7387,7387,10
2026-08-07 16:35:00+00:00,7387,7387,7372,7378,26
2026-08-07 16:40:00+00:00,7378,7378,7368,7371,16
2026-08-07 16:45:00+00:00,7371,7378,7369,7375,10
2026-08-07 16:50:00+00:00,7375,7375,7372,7372,8
2026-08-07 16:55:00+00:00,7372,7388,7372,7388,29
2026-08-07 17:00:00+00:00,7388,7388,7366,7366,18
2026-08-07 17:05:00+00:00,7366,7366,7357,7365,21
2026-08-07 17:10:00+00:00,7365,7368,7360,7360,6
2026-08-07 17:15:00+00:00,7360,7360,7349,7352,23
2026-08-07 17:20:00+00:00,7352,7360,7350,7352,19
2026-08-07 17:25:00+00:00,7352,7362,7352,7362,14
2026-08-07 17:30:00+00:00,7362,7362,7341,7347,34
2026-08-07 17:35:00+00:00,7347,7350,7341,7350,10
2026-08-07 17:40:00+00:00,7350,7359,7350,7355,10
2026-08-07 17:45:00+00:00,7355,7370,7354,7365,54
2026-08-07 17:50:00+00:00,7365,7365,7360,7363,39
2026-08-07 17:55:00+00:00,7363,7367,7354,7361,56
2026-08-10 03:30:00+00:00,7436,7436,7421,7430,92
2026-08-10 03:35:00+00:00,7432,7444,7427,7440,45
2026-08-10 03:40:00+00:00,7440,7445,7436,7436,126
2026-08-10 03:45:00+00:00,7436,7446,7436,7446,29
2026-08-10 03:50:00+00:00,7446,7446,7442,7442,7
2026-08-10 03:55:00+00:00,7442,7442,7436,7440,18
2026-08-10 04:00:00+00:00,7440,7441,7435,7441,20
2026-08-10 04:05:00+00:00,7441,7446,7441,7444,22
2026-08-10 04:10:00+00:00,7444,7449,7442,7448,16
2026-08-10 04:15:00+00:00,7448,7448,7444,7444,24
2026-08-10 04:20:00+00:00,7444,7446,7436,7436,15
2026-08-10 04:25:00+00:00,7436,7440,7433,7439,17
2026-08-10 04:30:00+00:00,7439,7439,7424,7424,16
2026-08-10 04:35:00+00:00,7424,7435,7424,7430,13
2026-08-10 04:40:00+00:00,7430,7431,7420,7420,9
2026-08-10 04:45:00+00:00,7420,7420,7413,7416,16
2026-08-10 04:50:00+00:00,7416,7416,7397,7399,56
2026-08-10 04:55:00+00:00,7405,7412,7405,7408,13
2026-08-10 05:00:00+00:00,7408,7409,7404,7409,5
2026-08-10 05:05:00+00:00,7409,7410,7405,7410,5
2026-08-10 05:10:00+00:00,7410,7418,7410,7411,7
2026-08-10 05:15:00+00:00,7411,7411,7402,7406,16
2026-08-10 05:20:00+00:00,7406,7409,7406,7409,3
2026-08-10 05:25:00+00:00,7409,7409,7406,7406,2
2026-08-10 05:30:00+00:00,7406,7406,7401,7401,5
2026-08-10 05:35:00+00:00,7401,7406,7400,7405,28
2026-08-10 05:40:00+00:00,7405,7405,7398,7398,14
2026-08-10 05:45:00+00:00,7398,7398,7385,7386,88
2026-08-10 05:50:00+00:00,7386,7386,7359,7359,202
2026-08-10 05:55:00+00:00,7359,7359,7350,7350,60
2026-08-10 06:00:00+00:00,7350,7388,7350,7384,15
2026-08-10 06:05:00+00:00,7384,7397,7384,7385,7
2026-08-10 06:10:00+00:00,7385,7385,7375,7375,6
2026-08-10 06:15:00+00:00,7375,7388,7375,7375,8
2026-08-10 06:20:00+00:00,7375,7375,7363,7363,8
2026-08-10 06:25:00+00:00,7363,7375,7363,7364,22
2026-08-10 06:30:00+00:00,7364,7372,7360,7361,8
2026-08-10 06:35:00+00:00,7361,7361,7350,7350,440
2026-08-10 06:40:00+00:00,7350,7366,7350,7362,11
2026-08-10 06:45:00+00:00,7362,7369,7361,7361,9
2026-08-10 06:50:00+00:00,7361,7380,7361,7377,10
2026-08-10 06:55:00+00:00,7377,7380,7358,7358,19
2026-08-10 07:00:00+00:00,7358,7395,7355,7393,16
2026-08-10 07:05:00+00:00,7393,7422,7393,7410,77
2026-08-10 07:10:00+00:00,7410,7411,7398,7406,36
2026-08-10 07:15:00+00:00,7406,7415,7400,7415,32
2026-08-10 07:20:00+00:00,7415,7415,7384,7387,11
2026-08-10 07:25:00+00:00,7387,7400,7365,7365,11
2026-08-10 07:30:00+00:00,7365,7384,7365,7384,19
2026-08-10 07:35:00+00:00,7384,7394,7377,7388,8
2026-08-10 07:40:00+00:00,7388,7392,7388,7392,9
2026-08-10 07:45:00+00:00,7392,7392,7347,7382,148
2026-08-10 07:50:00+00:00,7382,7382,7377,7379,20
2026-08-10 07:55:00+00:00,7379,7393,7379,7392,42
2026-08-10 08:00:00+00:00,7392,7392,7387,7389,11
2026-08-10 08:05:00+00:00,7389,7399,7389,7399,6
2026-08-10 08:10:00+00:00,7399,7399,7385,7396,11
2026-08-10 08:15:00+00:00,7396,7409,7391,7391,25
2026-08-10 08:20:00+00:00,7391,7414,7391,7409,17
2026-08-10 08:25:00+00:00,7409,7420,7402,7420,12
2026-08-10 08:30:00+00:00,7420,7447,7407,7434,126
2026-08-10 08:35:00+00:00,7434,7448,7421,7448,66
2026-08-10 08:40:00+00:00,7448,7465,7446,7456,76
2026-08-10 08:45:00+00:00,7458,7470,7454,7454,38
2026-08-10 08:50:00+00:00,7454,7485,7454,7483,64
2026-08-10 08:55:00+00:00,7483,7483,7473,7473,100
2026-08-10 09:00:00+00:00,7473,7473,7455,7462,7
2026-08-10 09:05:00+00:00,7462,7465,7449,7459,24
2026-08-10 09:10:00+00:00,7459,7460,7456,7458,33
2026-08-10 09:15:00+00:00,7458,7465,7456,7458,28
2026-08-10 09:20:00+00:00,7458,7458,7431,7431,16
2026-08-10 09:25:00+00:00,7431,7436,7427,7436,23
2026-08-10 09:30:00+00:00,7436,7458,7432,7432,24
2026-08-10 09:35:00+00:00,7433,7456,7433,7456,12
2026-08-10 09:40:00+00:00,7456,7461,7453,7455,41
2026-08-10 09:45:00+00:00,7455,7467,7455,7465,38
2026-08-10 09:50:00+00:00,7465,7465,7452,7464,25
2026-08-10 09:55:00+00:00,7464,7464,7449,7454,32
2026-08-10 10:00:00+00:00,7454,7458,7450,7450,19
2026-08-10 10:05:00+00:00,7450,7450,7435,7446,27
2026-08-10 10:10:00+00:00,7446,7446,7437,7444,5
2026-08-10 10:15:00+00:00,7444,7450,7435,7435,9
2026-08-10 10:20:00+00:00,7435,7435,7410,7423,40
2026-08-10 10:25:00+00:00,7423,7433,7423,7433,6
2026-08-10 10:30:00+00:00,7433,7452,7433,7451,32
2026-08-10 10:35:00+00:00,7451,7484,7451,7480,35
2026-08-10 10:40:00+00:00,7481,7496,7480,7487,109
2026-08-10 10:45:00+00:00,7487,7487,7475,7475,41
2026-08-10 10:50:00+00:00,7476,7504,7476,7500,101
2026-08-10 10:55:00+00:00,7500,7500,7493,7493,14
2026-08-10 11:00:00+00:00,7493,7505,7481,7483,55
2026-08-10 11:05:00+00:00,7483,7496,7483,7489,13
2026-08-10 11:10:00+00:00,7489,7489,7480,7480,11
2026-08-10 11:15:00+00:00,7480,7484,7480,7481,9
2026-08-10 11:20:00+00:00,7481,7485,7469,7470,44
2026-08-10 11:25:00+00:00,7470,7470,7456,7456,25
2026-08-10 11:30:00+00:00,7464,7470,7463,7466,18
2026-08-10 11:35:00+00:00,7466,7482,7466,7479,26
2026-08-10 11:40:00+00:00,7479,7494,7479,7490,26
2026-08-10 11:45:00+00:00,7490,7497,7485,7497,38
2026-08-10 11:50:00+00:00,7497,7507,7497,7504,42
2026-08-10 11:55:00+00:00,7504,7506,7496,7500,32
2026-08-10 12:00:00+00:00,7500,7505,7496,7500,31
2026-08-10 12:05:00+00:00,7500,7503,7484,7488,11
2026-08-10 12:10:00+00:00,7488,7502,7488,7498,9
2026-08-10 12:15:00+00:00,7498,7501,7498,7501,7
2026-08-10 12:20:00+00:00,7501,7501,7487,7490,29
2026-08-10 12:25:00+00:00,7490,7492,7479,7481,18
2026-08-10 12:30:00+00:00,7481,7504,7481,7499,28
2026-08-10 12:35:00+00:00,7499,7517,7496,7508,45
2026-08-10 12:40:00+00:00,7508,7519,7501,7515,21
2026-08-10 12:45:00+00:00,7515,7519,7508,7517,28
2026-08-10 12:50:00+00:00,7517,7537,7515,7537,117
2026-08-10 12:55:00+00:00,7537,7539,7509,7517,38
2026-08-10 13:00:00+00:00,7517,7517,7486,7488,33
2026-08-10 13:05:00+00:00,7488,7509,7486,7506,14
2026-08-10 13:10:00+00:00,7506,7517,7501,7501,21
2026-08-10 13:15:00+00:00,7501,7506,7488,7500,22
2026-08-10 13:20:00+00:00,7500,7507,7483,7507,15
2026-08-10 13:25:00+00:00,7507,7518,7504,7513,19
2026-08-10 13:30:00+00:00,7513,7542,7513,7536,42
2026-08-10 13:35:00+00:00,7536,7543,7534,7537,40
2026-08-10 13:40:00+00:00,7537,7562,7537,7561,136
2026-08-10 13:45:00+00:00,7561,7592,7560,7588,152
2026-08-10 13:50:00+00:00,7588,7619,7588,7601,179
2026-08-10 13:55:00+00:00,7601,7634,7601,7627,154
2026-08-10 14:00:00+00:00,7627,7627,7600,7601,75
2026-08-10 14:05:00+00:00,7601,7620,7599,7620,56
2026-08-10 14:10:00+00:00,7620,7630,7618,7619,42
2026-08-10 14:15:00+00:00,7619,7619,7590,7590,79
2026-08-10 14:20:00+00:00,7588,7596,7583,7590,42
2026-08-10 14:25:00+00:00,7590,7595,7580,7585,80
2026-08-10 14:30:00+00:00,7585,7600,7580,7599,92
2026-08-10 14:35:00+00:00,7599,7604,7591,7591,20
2026-08-10 14:40:00+00:00,7591,7610,7591,7607,64
2026-08-10 14:45:00+00:00,7607,7610,7603,7610,22
2026-08-10 14:50:00+00:00,7610,7628,7610,7623,85
2026-08-10 14:55:00+00:00,7623,7625,7614,7623,78
2026-08-10 15:00:00+00:00,7623,7641,7614,7638,139
2026-08-10 15:05:00+00:00,7640,7652,7639,7642,124
2026-08-10 15:10:00+00:00,7642,7647,7633,7645,20
2026-08-10 15:15:00+00:00,7645,7650,7634,7638,31
2026-08-10 15:20:00+00:00,7638,7664,7636,7664,110
2026-08-10 15:25:00+00:00,7664,7675,7656,7669,123
2026-08-10 15:30:00+00:00,7669,7675,7660,7670,52
2026-08-10 15:35:00+00:00,7670,7675,7660,7675,22
2026-08-10 15:40:00+00:00,7675,7690,7670,7685,136
2026-08-10 15:45:00+00:00,7685,7691,7678,7679,25
2026-08-10 15:50:00+00:00,7679,7686,7660,7663,61
2026-08-10 15:55:00+00:00,7663,7674,7660,7660,25
2026-08-10 16:00:00+00:00,7660,7660,7646,7652,87
2026-08-10 16:05:00+00:00,7652,7652,7642,7649,32
2026-08-10 16:10:00+00:00,7649,7667,7649,7666,37
2026-08-10 16:15:00+00:00,7666,7666,7651,7651,9
2026-08-10 16:20:00+00:00,7651,7672,7651,7665,18
2026-08-10 16:25:00+00:00,7665,7674,7665,7668,10
2026-08-10 16:30:00+00:00,7668,7706,7661,7683,285
2026-08-10 16:35:00+00:00,7683,7688,7673,7688,13
2026-08-10 16:40:00+00:00,7688,7699,7681,7699,56
2026-08-10 16:45:00+00:00,7699,7700,7685,7695,25
2026-08-10 16:50:00+00:00,7698,7700,7689,7700,33
2026-08-10 16:55:00+00:00,7700,7704,7697,7697,38
2026-08-10 17:00:00+00:00,7697,7715,7697,7713,65
2026-08-10 17:05:00+00:00,7713,7716,7702,7706,32
2026-08-10 17:10:00+00:00,7705,7710,7702,7708,21
2026-08-10 17:15:00+00:00,7708,7709,7696,7696,28
2026-08-10 17:20:00+00:00,7701,7709,7700,7700,21
2026-08-10 17:25:00+00:00,7700,7712,7700,7709,100
2026-08-10 17:30:00+00:00,7709,7718,7703,7718,52
2026-08-10 17:35:00+00:00,7718,7725,7717,7721,51
2026-08-10 17:40:00+00:00,7721,7727,7721,7725,113
2026-08-10 17:45:00+00:00,7725,7738,7722,7734,90
2026-08-10 17:50:00+00:00,7734,7740,7717,7724,199
2026-08-10 17:55:00+00:00,7724,7735,7720,7735,146
2026-08-11 03:30:00+00:00,7778,7779,7752,7759,163
2026-08-11 03:35:00+00:00,7759,7767,7754,7764,87
2026-08-11 03:40:00+00:00,7764,7764,7755,7755,45
2026-08-11 03:45:00+00:00,7755,7759,7755,7759,28
2026-08-11 03:50:00+00:00,7759,7765,7756,7760,47
2026-08-11 03:55:00+00:00,7760,7760,7750,7752,72
2026-08-11 04:00:00+00:00,7754,7755,7750,7750,68
2026-08-11 04:05:00+00:00,7750,7753,7750,7753,43
2026-08-11 04:10:00+00:00,7753,7755,7750,7750,27
2026-08-11 04:15:00+00:00,7750,7755,7747,7753,47
2026-08-11 04:20:00+00:00,7753,7754,7750,7750,7
2026-08-11 04:25:00+00:00,7755,7755,7746,7749,17
2026-08-11 04:30:00+00:00,7749,7750,7746,7747,10
2026-08-11 04:35:00+00:00,7747,7764,7747,7763,49
2026-08-11 04:40:00+00:00,7763,7774,7763,7770,32
2026-08-11 04:45:00+00:00,7770,7778,7770,7773,33
2026-08-11 04:50:00+00:00,7773,7773,7764,7766,15
2026-08-11 04:55:00+00:00,7766,7771,7764,7770,6
2026-08-11 05:00:00+00:00,7770,7774,7769,7770,38
2026-08-11 05:05:00+00:00,7770,7775,7768,7774,5
2026-08-11 05:10:00+00:00,7774,7784,7772,7784,21
2026-08-11 05:15:00+00:00,7784,7794,7780,7788,28
2026-08-11 05:20:00+00:00,7788,7799,7788,7790,35
2026-08-11 05:25:00+00:00,7790,7790,7781,7787,11
2026-08-11 05:30:00+00:00,7787,7799,7785,7794,40
2026-08-11 05:35:00+00:00,7794,7794,7770,7772,72
2026-08-11 05:40:00+00:00,7772,7772,7761,7770,25
2026-08-11 05:45:00+00:00,7770,7785,7770,7784,36
2026-08-11 05:50:00+00:00,7784,7795,7784,7790,18
2026-08-11 05:55:00+00:00,7790,7793,7785,7791,49
2026-08-11 06:00:00+00:00,7791,7791,7778,7780,18
2026-08-11 06:05:00+00:00,7780,7790,7780,7783,5
2026-08-11 06:10:00+00:00,7783,7798,7780,7792,23
2026-08-11 06:15:00+00:00,7792,7821,7792,7821,38
2026-08-11 06:20:00+00:00,7821,7821,7800,7803,68
2026-08-11 06:25:00+00:00,7803,7824,7803,7824,33
2026-08-11 06:30:00+00:00,7825,7877,7821,7869,201
2026-08-11 06:35:00+00:00,7869,7888,7867,7868,147
2026-08-11 06:40:00+00:00,7868,7899,7865,7894,99
2026-08-11 06:45:00+00:00,7894,7906,7885,7897,94
2026-08-11 06:50:00+00:00,7897,7903,7885,7894,96
2026-08-11 06:55:00+00:00,7894,7902,7877,7877,215
2026-08-11 07:00:00+00:00,7886,7894,7876,7880,56
2026-08-11 07:05:00+00:00,7880,7890,7860,7879,105
2026-08-11 07:10:00+00:00,7879,7890,7879,7889,50
2026-08-11 07:15:00+00:00,7889,7900,7882,7896,53
2026-08-11 07:20:00+00:00,7896,7925,7894,7923,102
2026-08-11 07:25:00+00:00,7923,7923,7890,7901,108
2026-08-11 07:30:00+00:00,7901,7923,7901,7916,82
2026-08-11 07:35:00+00:00,7920,7920,7904,7914,123
2026-08-11 07:40:00+00:00,7914,7915,7898,7898,41
2026-08-11 07:45:00+00:00,7902,7918,7902,7914,55
2026-08-11 07:50:00+00:00,7914,7932,7914,7928,134
2026-08-11 07:55:00+00:00,7928,7933,7923,7930,52
2026-08-11 08:00:00+00:00,7921,7927,7909,7920,50
2026-08-11 08:05:00+00:00,7920,7937,7920,7936,43
2026-08-11 08:10:00+00:00,7936,7950,7933,7944,87
2026-08-11 08:15:00+00:00,7944,7961,7944,7956,92
2026-08-11 08:20:00+00:00,7956,7965,7954,7963,58
2026-08-11 08:25:00+00:00,7963,7963,7945,7958,58
2026-08-11 08:30:00+00:00,7958,7961,7950,7950,63
2026-08-11 08:35:00+00:00,7950,7953,7944,7947,62
2026-08-11 08:40:00+00:00,7947,7958,7940,7942,64
2026-08-11 08:45:00+00:00,7942,7955,7942,7952,17
2026-08-11 08:50:00+00:00,7952,7955,7949,7955,49
2026-08-11 08:55:00+00:00,7955,7970,7952,7968,98
2026-08-11 09:00:00+00:00,7968,7971,7960,7963,44
2026-08-11 09:05:00+00:00,7963,7972,7951,7972,75
2026-08-11 09:10:00+00:00,7972,7975,7966,7971,47
2026-08-11 09:15:00+00:00,7971,7974,7965,7974,17
2026-08-11 09:20:00+00:00,7971,7971,7956,7956,26
2026-08-11 09:25:00+00:00,7956,7966,7939,7940,67
2026-08-11 09:30:00+00:00,7940,7940,7915,7928,177
2026-08-11 09:35:00+00:00,7928,7942,7927,7942,50
2026-08-11 09:40:00+00:00,7945,7957,7934,7957,27
2026-08-11 09:45:00+00:00,7960,7960,7939,7939,35
2026-08-11 09:50:00+00:00,7939,7952,7939,7942,46
2026-08-11 09:55:00+00:00,7942,7942,7931,7931,35
2026-08-11 10:00:00+00:00,7941,7959,7933,7946,43
2026-08-11 10:05:00+00:00,7946,7946,7925,7927,13
2026-08-11 10:10:00+00:00,7927,7933,7922,7929,39
2026-08-11 10:15:00+00:00,7929,7940,7928,7937,18
2026-08-11 10:20:00+00:00,7937,7937,7908,7914,85
2026-08-11 10:25:00+00:00,7914,7918,7862,7884,191
2026-08-11 10:30:00+00:00,7884,7903,7880,7883,108
2026-08-11 10:35:00+00:00,7883,7892,7880,7892,36
2026-08-11 10:40:00+00:00,7892,7895,7886,7890,45
2026-08-11 10:45:00+00:00,7890,7890,7861,7861,115
2026-08-11 10:50:00+00:00,7861,7868,7851,7867,153
2026-08-11 10:55:00+00:00,7867,7880,7867,7869,35
2026-08-11 11:00:00+00:00,7869,7869,7716,7740,897
2026-08-11 11:05:00+00:00,7740,7745,7717,7732,233
2026-08-11 11:10:00+00:00,7732,7732,7708,7715,269
2026-08-11 11:15:00+00:00,7715,7743,7715,7742,122
2026-08-11 11:20:00+00:00,7742,7768,7729,7759,300
2026-08-11 11:25:00+00:00,7760,7777,7755,7777,90
2026-08-11 11:30:00+00:00,7777,7788,7767,7769,203
2026-08-11 11:35:00+00:00,7769,7771,7735,7735,65
2026-08-11 11:40:00+00:00,7735,7749,7732,7749,30
2026-08-11 11:45:00+00:00,7749,7773,7744,7761,78
2026-08-11 11:50:00+00:00,7761,7762,7753,7756,63
2026-08-11 11:55:00+00:00,7756,7763,7753,7754,16
2026-08-11 12:00:00+00:00,7755,7777,7754,7768,35
2026-08-11 12:05:00+00:00,7768,7768,7741,7741,54
2026-08-11 12:10:00+00:00,7741,7751,7724,7747,44
2026-08-11 12:15:00+00:00,7747,7765,7747,7758,43
2026-08-11 12:20:00+00:00,7758,7802,7753,7802,204
2026-08-11 12:25:00+00:00,7802,7803,7783,7784,76
2026-08-11 12:30:00+00:00,7784,7784,7769,7775,41
2026-08-11 12:35:00+00:00,7775,7775,7757,7760,39
2026-08-11 12:40:00+00:00,7760,7775,7760,7772,47
2026-08-11 12:45:00+00:00,7772,7778,7762,7764,35
2026-08-11 12:50:00+00:00,7764,7786,7764,7781,43
2026-08-11 12:55:00+00:00,7781,7789,7779,7779,39
2026-08-11 13:00:00+00:00,7779,7779,7713,7728,172
2026-08-11 13:05:00+00:00,7728,7730,7711,7729,57
2026-08-11 13:10:00+00:00,7728,7734,7712,7712,48
2026-08-11 13:15:00+00:00,7712,7725,7685,7718,296
2026-08-11 13:20:00+00:00,7718,7726,7708,7710,60
2026-08-11 13:25:00+00:00,7710,7710,7683,7688,72
2026-08-11 13:30:00+00:00,7688,7715,7688,7715,86
2026-08-11 13:35:00+00:00,7715,7723,7695,7700,39
2026-08-11 13:40:00+00:00,7700,7704,7688,7692,62
2026-08-11 13:45:00+00:00,7692,7692,7671,7679,194
2026-08-11 13:50:00+00:00,7679,7701,7671,7699,108
2026-08-11 13:55:00+00:00,7699,7700,7687,7700,30
2026-08-11 14:00:00+00:00,7700,7721,7698,7719,132
2026-08-11 14:05:00+00:00,7719,7735,7719,7726,39
2026-08-11 14:10:00+00:00,7726,7746,7726,7736,74
2026-08-11 14:15:00+00:00,7736,7763,7736,7750,107
2026-08-11 14:20:00+00:00,7750,7751,7732,7734,28
2026-08-11 14:25:00+00:00,7734,7750,7734,7750,25
2026-08-11 14:30:00+00:00,7750,7764,7750,7753,51
2026-08-11 14:35:00+00:00,7753,7755,7749,7755,27
2026-08-11 14:40:00+00:00,7755,7773,7755,7768,20
2026-08-11 14:45:00+00:00,7768,7768,7760,7761,9
2026-08-11 14:50:00+00:00,7761,7786,7761,7779,83
2026-08-11 14:55:00+00:00,7779,7801,7775,7787,90
2026-08-11 15:00:00+00:00,7787,7790,7770,7790,96
2026-08-11 15:05:00+00:00,7790,7803,7778,7778,24
2026-08-11 15:10:00+00:00,7778,7779,7763,7777,58
2026-08-11 15:15:00+00:00,7777,7795,7777,7790,25
2026-08-11 15:20:00+00:00,7787,7791,7779,7782,21
2026-08-11 15:25:00+00:00,7782,7787,7768,7787,28
2026-08-11 15:30:00+00:00,7784,7847,7784,7847,275
2026-08-11 15:35:00+00:00,7845,7850,7825,7831,118
2026-08-11 15:40:00+00:00,7831,7850,7829,7846,73
2026-08-11 15:45:00+00:00,7846,7846,7827,7837,48
2026-08-11 15:50:00+00:00,7839,7851,7839,7840,63
2026-08-11 15:55:00+00:00,7840,7845,7837,7845,16
2026-08-11 16:00:00+00:00,7845,7845,7818,7828,53
2026-08-11 16:05:00+00:00,7828,7830,7820,7820,18
2026-08-11 16:10:00+00:00,7820,7834,7813,7829,30
2026-08-11 16:15:00+00:00,7829,7830,7820,7824,9
2026-08-11 16:20:00+00:00,7824,7824,7806,7810,30
2026-08-11 16:25:00+00:00,7810,7822,7805,7805,19
2026-08-11 16:30:00+00:00,7805,7820,7805,7820,21
2026-08-11 16:35:00+00:00,7820,7820,7806,7814,19
2026-08-11 16:40:00+00:00,7814,7821,7814,7820,16
2026-08-11 16:45:00+00:00,7820,7830,7815,7829,16
2026-08-11 16:50:00+00:00,7829,7838,7829,7830,17
2026-08-11 16:55:00+00:00,7830,7830,7826,7830,18
2026-08-11 17:00:00+00:00,7830,7830,7820,7823,15
2026-08-11 17:05:00+00:00,7823,7843,7823,7838,22
2026-08-11 17:10:00+00:00,7838,7841,7833,7833,16
2026-08-11 17:15:00+00:00,7833,7840,7833,7840,16
2026-08-11 17:20:00+00:00,7840,7846,7827,7838,43
2026-08-11 17:25:00+00:00,7838,7852,7838,7843,68
2026-08-11 17:30:00+00:00,7843,7848,7840,7842,31
2026-08-11 17:35:00+00:00,7842,7845,7830,7844,57
2026-08-11 17:40:00+00:00,7836,7848,7836,7840,39
2026-08-11 17:45:00+00:00,7840,7845,7840,7843,49
2026-08-11 17:50:00+00:00,7838,7855,7838,7851,72
2026-08-11 17:55:00+00:00,7851,7855,7846,7851,59
2026-08-12 03:30:00+00:00,7904,7930,7899,7915,147
2026-08-12 03:35:00+00:00,7915,7925,7910,7924,77
2026-08-12 03:40:00+00:00,7924,7929,7914,7929,77
2026-08-12 03:45:00+00:00,7929,7934,7919,7929,73
2026-08-12 03:50:00+00:00,7929,7938,7929,7935,68
2026-08-12 03:55:00+00:00,7935,7940,7929,7932,39
2026-08-12 04:00:00+00:00,7932,7940,7927,7927,49
2026-08-12 04:05:00+00:00,7927,7928,7918,7922,97
2026-08-12 04:10:00+00:00,7922,7922,7912,7912,23
2026-08-12 04:15:00+00:00,7912,7917,7912,7916,24
2026-08-12 04:20:00+00:00,7916,7919,7912,7918,36
2026-08-12 04:25:00+00:00,7918,7918,7904,7906,50
2026-08-12 04:30:00+00:00,7906,7910,7902,7903,56
2026-08-12 04:35:00+00:00,7903,7908,7901,7901,55
2026-08-12 04:40:00+00:00,7901,7901,7883,7888,99
2026-08-12 04:45:00+00:00,7888,7890,7882,7884,66
2026-08-12 04:50:00+00:00,7884,7885,7877,7880,26
2026-08-12 04:55:00+00:00,7880,7885,7880,7880,56
2026-08-12 05:00:00+00:00,7880,7890,7880,7890,10
2026-08-12 05:05:00+00:00,7890,7895,7890,7895,9
2026-08-12 05:10:00+00:00,7895,7905,7893,7904,41
2026-08-12 05:15:00+00:00,7904,7904,7893,7894,7
2026-08-12 05:20:00+00:00,7894,7902,7890,7890,16
2026-08-12 05:25:00+00:00,7890,7891,7884,7884,7
2026-08-12 05:30:00+00:00,7884,7884,7863,7871,95
2026-08-12 05:35:00+00:00,7871,7883,7867,7883,68
2026-08-12 05:40:00+00:00,7883,7885,7879,7885,9
2026-08-12 05:45:00+00:00,7885,7889,7880,7889,2
2026-08-12 05:50:00+00:00,7889,7907,7889,7901,25
2026-08-12 05:55:00+00:00,7906,7920,7906,7915,34
2026-08-12 06:00:00+00:00,7915,7916,7901,7907,23
2026-08-12 06:05:00+00:00,7907,7912,7897,7912,31
2026-08-12 06:10:00+00:00,7912,7912,7911,7911,1
2026-08-12 06:15:00+00:00,7911,7911,7895,7895,7
2026-08-12 06:20:00+00:00,7895,7900,7889,7900,26
2026-08-12 06:25:00+00:00,7900,7905,7896,7901,9
2026-08-12 06:30:00+00:00,7901,7901,7876,7880,14
2026-08-12 06:35:00+00:00,7880,7880,7855,7862,56
2026-08-12 06:40:00+00:00,7861,7892,7861,7890,15
2026-08-12 06:45:00+00:00,7890,7890,7865,7867,16
2026-08-12 06:50:00+00:00,7867,7867,7855,7860,24
2026-08-12 06:55:00+00:00,7860,7880,7860,7880,17
2026-08-12 07:00:00+00:00,7880,7905,7880,7901,52
2026-08-12 07:05:00+00:00,7901,7905,7890,7905,20
2026-08-12 07:10:00+00:00,7905,7905,7895,7900,46
2026-08-12 07:15:00+00:00,7900,7905,7892,7894,21
2026-08-12 07:20:00+00:00,7894,7894,7877,7877,24
2026-08-12 07:25:00+00:00,7880,7890,7880,7880,63
2026-08-12 07:30:00+00:00,7880,7889,7880,7885,27
2026-08-12 07:35:00+00:00,7885,7890,7883,7883,6
2026-08-12 07:40:00+00:00,7883,7894,7883,7894,3
2026-08-12 07:45:00+00:00,7894,7894,7887,7887,12
2026-08-12 07:50:00+00:00,7887,7892,7887,7892,18
2026-08-12 07:55:00+00:00,7892,7911,7890,7890,101
2026-08-12 08:00:00+00:00,7890,7890,7879,7881,24
2026-08-12 08:05:00+00:00,7881,7885,7871,7874,19
2026-08-12 08:10:00+00:00,7874,7890,7873,7878,14
2026-08-12 08:15:00+00:00,7878,7882,7871,7871,25
2026-08-12 08:20:00+00:00,7871,7878,7861,7868,21
2026-08-12 08:25:00+00:00,7868,7880,7851,7851,63
2026-08-12 08:30:00+00:00,7851,7874,7851,7872,44
2026-08-12 08:35:00+00:00,7872,7880,7855,7862,28
2026-08-12 08:40:00+00:00,7862,7871,7861,7866,12
2026-08-12 08:45:00+00:00,7866,7869,7862,7869,19
2026-08-12 08:50:00+00:00,7869,7869,7837,7837,49
2026-08-12 08:55:00+00:00,7837,7865,7837,7863,63
2026-08-12 09:00:00+00:00,7863,7863,7845,7845,12
2026-08-12 09:05:00+00:00,7845,7861,7836,7857,74
2026-08-12 09:10:00+00:00,7857,7863,7848,7848,53
2026-08-12 09:15:00+00:00,7848,7848,7836,7838,27
2026-08-12 09:20:00+00:00,7838,7848,7780,7794,247
2026-08-12 09:25:00+00:00,7789,7805,7780,7785,176
2026-08-12 09:30:00+00:00,7784,7801,7770,7798,98
2026-08-12 09:35:00+00:00,7798,7805,7784,7784,73
2026-08-12 09:40:00+00:00,7784,7797,7780,7790,26
2026-08-12 09:45:00+00:00,7790,7792,7779,7782,37
2026-08-12 09:50:00+00:00,7782,7829,7767,7822,244
2026-08-12 09:55:00+00:00,7822,7837,7814,7814,101
2026-08-12 10:00:00+00:00,7814,7824,7814,7814,43
2026-08-12 10:05:00+00:00,7814,7819,7806,7816,69
2026-08-12 10:10:00+00:00,7816,7820,7811,7817,35
2026-08-12 10:15:00+00:00,7817,7817,7801,7810,48
2026-08-12 10:20:00+00:00,7810,7820,7810,7820,22
2026-08-12 10:25:00+00:00,7820,7828,7813,7828,48
2026-08-12 10:30:00+00:00,7828,7837,7827,7832,21
2026-08-12 10:35:00+00:00,7832,7832,7825,7830,9
2026-08-12 10:40:00+00:00,7830,7830,7820,7824,41
2026-08-12 10:45:00+00:00,7824,7880,7815,7870,396
2026-08-12 10:50:00+00:00,7864,7872,7850,7854,119
2026-08-12 10:55:00+00:00,7854,7860,7849,7849,31
2026-08-12 11:00:00+00:00,7849,7864,7835,7852,81
2026-08-12 11:05:00+00:00,7852,7862,7850,7862,29
2026-08-12 11:10:00+00:00,7862,7864,7843,7843,28
2026-08-12 11:15:00+00:00,7843,7859,7843,7852,19
2026-08-12 11:20:00+00:00,7852,7852,7843,7843,5
2026-08-12 11:25:00+00:00,7843,7845,7840,7845,23
2026-08-12 11:30:00+00:00,7845,7846,7825,7831,69
2026-08-12 11:35:00+00:00,7831,7847,7824,7843,67
2026-08-12 11:40:00+00:00,7843,7849,7843,7848,14
2026-08-12 11:45:00+00:00,7848,7870,7848,7870,56
2026-08-12 11:50:00+00:00,7870,7876,7861,7870,37
2026-08-12 11:55:00+00:00,7870,7874,7863,7870,40
2026-08-12 12:00:00+00:00,7870,7874,7855,7855,20
2026-08-12 12:05:00+00:00,7855,7879,7855,7879,24
2026-08-12 12:10:00+00:00,7879,7879,7866,7873,17
2026-08-12 12:15:00+00:00,7873,7873,7864,7871,75
2026-08-12 12:20:00+00:00,7871,7871,7861,7870,18
2026-08-12 12:25:00+00:00,7870,7874,7865,7872,10
2026-08-12 12:30:00+00:00,7872,7885,7866,7869,30
2026-08-12 12:35:00+00:00,7869,7869,7847,7850,42
2026-08-12 12:40:00+00:00,7850,7863,7849,7849,21
2026-08-12 12:45:00+00:00,7849,7849,7823,7825,58
2026-08-12 12:50:00+00:00,7826,7833,7826,7830,14
2026-08-12 12:55:00+00:00,7830,7832,7811,7811,33
2026-08-12 13:00:00+00:00,7811,7812,7791,7795,78
2026-08-12 13:05:00+00:00,7795,7805,7789,7800,40
2026-08-12 13:10:00+00:00,7800,7809,7786,7806,67
2026-08-12 13:15:00+00:00,7806,7817,7790,7790,44
2026-08-12 13:20:00+00:00,7790,7798,7780,7794,22
2026-08-12 13:25:00+00:00,7794,7808,7793,7808,26
2026-08-12 13:30:00+00:00,7808,7820,7798,7803,43
2026-08-12 13:35:00+00:00,7803,7808,7798,7798,29
2026-08-12 13:40:00+00:00,7798,7805,7795,7795,46
2026-08-12 13:45:00+00:00,7795,7809,7795,7809,35
2026-08-12 13:50:00+00:00,7809,7809,7781,7789,38
2026-08-12 13:55:00+00:00,7789,7792,7783,7790,47
2026-08-12 14:00:00+00:00,7790,7796,7777,7777,18
2026-08-12 14:05:00+00:00,7777,7790,7776,7779,55
2026-08-12 14:10:00+00:00,7779,7805,7779,7802,70
2026-08-12 14:15:00+00:00,7808,7808,7793,7800,45
2026-08-12 14:20:00+00:00,7800,7800,7787,7790,19
2026-08-12 14:25:00+00:00,7790,7803,7790,7803,8
2026-08-12 14:30:00+00:00,7803,7823,7767,7800,286
2026-08-12 14:35:00+00:00,7800,7820,7800,7819,38
2026-08-12 14:40:00+00:00,7819,7819,7793,7793,42
2026-08-12 14:45:00+00:00,7793,7810,7793,7810,50
2026-08-12 14:50:00+00:00,7810,7821,7807,7813,75
2026-08-12 14:55:00+00:00,7813,7826,7813,7818,10
2026-08-12 15:00:00+00:00,7818,7838,7814,7838,17
2026-08-12 15:05:00+00:00,7838,7839,7831,7834,28
2026-08-12 15:10:00+00:00,7834,7838,7827,7838,77
2026-08-12 15:15:00+00:00,7838,7844,7835,7837,60
2026-08-12 15:20:00+00:00,7837,7842,7825,7830,17
2026-08-12 15:25:00+00:00,7827,7838,7820,7833,35
2026-08-12 15:30:00+00:00,7837,7845,7833,7841,47
2026-08-12 15:35:00+00:00,7846,7846,7837,7842,23
2026-08-12 15:40:00+00:00,7842,7842,7827,7839,26
2026-08-12 15:45:00+00:00,7839,7850,7839,7841,20
2026-08-12 15:50:00+00:00,7841,7858,7841,7852,85
2026-08-12 15:55:00+00:00,7852,7852,7842,7842,15
2026-08-12 16:00:00+00:00,7842,7842,7822,7825,52
2026-08-12 16:05:00+00:00,7830,7847,7830,7847,35
2026-08-12 16:10:00+00:00,7847,7847,7825,7825,13
2026-08-12 16:15:00+00:00,7825,7837,7818,7837,35
2026-08-12 16:20:00+00:00,7837,7840,7837,7840,9
2026-08-12 16:25:00+00:00,7840,7844,7834,7834,41
2026-08-12 16:30:00+00:00,7834,7845,7834,7845,15
2026-08-12 16:35:00+00:00,7845,7845,7830,7830,12
2026-08-12 16:40:00+00:00,7830,7833,7825,7833,21
2026-08-12 16:45:00+00:00,7833,7836,7830,7832,13
2026-08-12 16:50:00+00:00,7832,7834,7828,7832,15
2026-08-12 16:55:00+00:00,7832,7832,7818,7818,29
2026-08-12 17:00:00+00:00,7818,7822,7813,7822,31
2026-08-12 17:05:00+00:00,7822,7825,7810,7825,26
2026-08-12 17:10:00+00:00,7825,7836,7825,7831,35
2026-08-12 17:15:00+00:00,7831,7862,7831,7850,71
2026-08-12 17:20:00+00:00,7850,7850,7820,7820,26
2026-08-12 17:25:00+00:00,7820,7829,7819,7829,24
2026-08-12 17:30:00+00:00,7829,7840,7826,7826,20
2026-08-12 17:35:00+00:00,7826,7845,7826,7845,22
2026-08-12 17:40:00+00:00,7843,7852,7837,7844,65
2026-08-12 17:45:00+00:00,7844,7844,7832,7840,12
2026-08-12 17:50:00+00:00,7835,7853,7830,7850,134
2026-08-12 17:55:00+00:00,7850,7853,7846,7853,47
2026-08-13 03:30:00+00:00,7785,7803,7774,7793,140
2026-08-13 03:35:00+00:00,7793,7794,7783,7785,41
2026-08-13 03:40:00+00:00,7785,7788,7782,7784,58
2026-08-13 03:45:00+00:00,7784,7790,7782,7786,59
2026-08-13 03:50:00+00:00,7786,7793,7782,7793,62
2026-08-13 03:55:00+00:00,7793,7809,7793,7800,51
2026-08-13 04:00:00+00:00,7800,7818,7800,7818,18
2026-08-13 04:05:00+00:00,7818,7818,7808,7813,22
2026-08-13 04:10:00+00:00,7813,7825,7813,7825,55
2026-08-13 04:15:00+00:00,7825,7836,7825,7832,35
2026-08-13 04:20:00+00:00,7832,7834,7826,7830,24
2026-08-13 04:25:00+00:00,7830,7832,7828,7832,20
2026-08-13 04:30:00+00:00,7832,7840,7830,7834,37
2026-08-13 04:35:00+00:00,7834,7839,7824,7830,28
2026-08-13 04:40:00+00:00,7830,7830,7825,7830,54
2026-08-13 04:45:00+00:00,7830,7830,7822,7829,11
2026-08-13 04:50:00+00:00,7829,7829,7828,7828,3
2026-08-13 04:55:00+00:00,7828,7835,7821,7835,34
2026-08-13 05:00:00+00:00,7836,7849,7836,7846,39
2026-08-13 05:05:00+00:00,7846,7846,7837,7842,8
2026-08-13 05:10:00+00:00,7842,7848,7842,7844,6
2026-08-13 05:15:00+00:00,7844,7844,7834,7840,12
2026-08-13 05:20:00+00:00,7840,7840,7833,7834,23
2026-08-13 05:25:00+00:00,7834,7835,7826,7835,6
2026-08-13 05:30:00+00:00,7835,7850,7835,7835,37
2026-08-13 05:35:00+00:00,7835,7835,7822,7824,20
2026-08-13 05:40:00+00:00,7824,7835,7824,7826,10
2026-08-13 05:45:00+00:00,7826,7841,7826,7837,6
2026-08-13 05:50:00+00:00,7837,7850,7837,7850,21
2026-08-13 05:55:00+00:00,7850,7853,7840,7844,14
2026-08-13 06:00:00+00:00,7844,7851,7831,7841,34
2026-08-13 06:05:00+00:00,7842,7847,7839,7842,24
2026-08-13 06:10:00+00:00,7842,7842,7836,7841,16
2026-08-13 06:15:00+00:00,7841,7841,7832,7840,3
2026-08-13 06:20:00+00:00,7840,7848,7840,7848,4
2026-08-13 06:25:00+00:00,7848,7848,7835,7837,20
2026-08-13 06:30:00+00:00,7837,7859,7837,7859,42
2026-08-13 06:35:00+00:00,7859,7866,7851,7860,65
2026-08-13 06:40:00+00:00,7860,7860,7834,7838,79
2026-08-13 06:45:00+00:00,7838,7841,7834,7840,21
2026-08-13 06:50:00+00:00,7840,7843,7825,7828,18
2026-08-13 06:55:00+00:00,7828,7828,7813,7815,72
2026-08-13 07:00:00+00:00,7815,7827,7812,7820,28
2026-08-13 07:05:00+00:00,7820,7828,7820,7826,75
2026-08-13 07:10:00+00:00,7826,7836,7819,7835,45
2026-08-13 07:15:00+00:00,7835,7850,7835,7841,27
2026-08-13 07:20:00+00:00,7841,7841,7827,7827,19
2026-08-13 07:25:00+00:00,7827,7827,7803,7804,40
2026-08-13 07:30:00+00:00,7804,7804,7772,7772,175
2026-08-13 07:35:00+00:00,7772,7786,7763,7763,117
2026-08-13 07:40:00+00:00,7763,7771,7737,7738,220
2026-08-13 07:45:00+00:00,7738,7763,7737,7762,54
2026-08-13 07:50:00+00:00,7762,7764,7754,7754,35
2026-08-13 07:55:00+00:00,7754,7774,7745,7774,47
2026-08-13 08:00:00+00:00,7774,7791,7773,7777,74
2026-08-13 08:05:00+00:00,7777,7782,7758,7774,40
2026-08-13 08:10:00+00:00,7774,7774,7764,7772,28
2026-08-13 08:15:00+00:00,7772,7772,7757,7767,50
2026-08-13 08:20:00+00:00,7767,7778,7761,7761,28
2026-08-13 08:25:00+00:00,7761,7761,7740,7760,107
2026-08-13 08:30:00+00:00,7760,7763,7724,7729,119
2026-08-13 08:35:00+00:00,7729,7740,7725,7736,43
2026-08-13 08:40:00+00:00,7736,7738,7721,7738,33
2026-08-13 08:45:00+00:00,7738,7742,7733,7736,30
2026-08-13 08:50:00+00:00,7736,7736,7734,7734,6
2026-08-13 08:55:00+00:00,7734,7736,7726,7731,14
2026-08-13 09:00:00+00:00,7731,7732,7715,7717,64
2026-08-13 09:05:00+00:00,7717,7725,7701,7725,103
2026-08-13 09:10:00+00:00,7725,7725,7683,7685,174
2026-08-13 09:15:00+00:00,7688,7710,7688,7705,138
2026-08-13 09:20:00+00:00,7705,7707,7697,7707,29
2026-08-13 09:25:00+00:00,7707,7732,7703,7722,65
2026-08-13 09:30:00+00:00,7726,7726,7710,7723,42
2026-08-13 09:35:00+00:00,7723,7734,7715,7731,30
2026-08-13 09:40:00+00:00,7731,7744,7727,7738,47
2026-08-13 09:45:00+00:00,7738,7741,7726,7737,22
2026-08-13 09:50:00+00:00,7737,7737,7725,7732,49
2026-08-13 09:55:00+00:00,7732,7740,7720,7740,21
2026-08-13 10:00:00+00:00,7745,7765,7744,7756,97
2026-08-13 10:05:00+00:00,7756,7770,7756,7770,37
2026-08-13 10:10:00+00:00,7770,7774,7756,7765,69
2026-08-13 10:15:00+00:00,7765,7766,7755,7755,31
2026-08-13 10:20:00+00:00,7755,7756,7723,7723,73
2026-08-13 10:25:00+00:00,7723,7729,7713,7718,36
2026-08-13 10:30:00+00:00,7715,7723,7701,7723,112
2026-08-13 10:35:00+00:00,7723,7725,7706,7714,105
2026-08-13 10:40:00+00:00,7714,7722,7713,7713,21
2026-08-13 10:45:00+00:00,7713,7719,7704,7706,13
2026-08-13 10:50:00+00:00,7704,7721,7701,7719,37
2026-08-13 10:55:00+00:00,7719,7719,7708,7708,7
2026-08-13 11:00:00+00:00,7708,7717,7703,7715,37
2026-08-13 11:05:00+00:00,7715,7715,7709,7709,22
2026-08-13 11:10:00+00:00,7709,7709,7695,7707,44
2026-08-13 11:15:00+00:00,7707,7718,7705,7714,18
2026-08-13 11:20:00+00:00,7714,7720,7710,7720,28
2026-08-13 11:25:00+00:00,7720,7727,7717,7722,22
2026-08-13 11:30:00+00:00,7722,7722,7714,7716,7
2026-08-13 11:35:00+00:00,7716,7731,7716,7728,20
2026-08-13 11:40:00+00:00,7728,7733,7728,7730,18
2026-08-13 11:45:00+00:00,7730,7730,7716,7720,24
2026-08-13 11:50:00+00:00,7720,7727,7711,7720,19
2026-08-13 11:55:00+00:00,7720,7723,7715,7719,25
2026-08-13 12:00:00+00:00,7725,7725,7712,7712,31
2026-08-13 12:05:00+00:00,7712,7712,7677,7687,167
2026-08-13 12:10:00+00:00,7687,7720,7681,7720,42
2026-08-13 12:15:00+00:00,7720,7725,7713,7718,19
2026-08-13 12:20:00+00:00,7718,7725,7714,7723,18
2026-08-13 12:25:00+00:00,7723,7723,7713,7713,24
2026-08-13 12:30:00+00:00,7713,7720,7697,7697,52
2026-08-13 12:35:00+00:00,7697,7708,7691,7691,40
2026-08-13 12:40:00+00:00,7691,7710,7690,7699,47
2026-08-13 12:45:00+00:00,7699,7704,7695,7702,77
2026-08-13 12:50:00+00:00,7702,7702,7698,7700,12
2026-08-13 12:55:00+00:00,7700,7700,7691,7694,22
2026-08-13 13:00:00+00:00,7692,7702,7690,7699,32
2026-08-13 13:05:00+00:00,7699,7705,7660,7672,135
2026-08-13 13:10:00+00:00,7672,7680,7664,7668,112
2026-08-13 13:15:00+00:00,7668,7685,7668,7685,33
2026-08-13 13:20:00+00:00,7685,7685,7666,7668,31
2026-08-13 13:25:00+00:00,7668,7679,7668,7679,28
2026-08-13 13:30:00+00:00,7679,7687,7666,7684,53
2026-08-13 13:35:00+00:00,7684,7696,7680,7693,45
2026-08-13 13:40:00+00:00,7693,7704,7693,7700,44
2026-08-13 13:45:00+00:00,7697,7697,7682,7682,46
2026-08-13 13:50:00+00:00,7682,7693,7632,7649,284
2026-08-13 13:55:00+00:00,7649,7657,7634,7634,149
2026-08-13 14:00:00+00:00,7639,7639,7613,7620,226
2026-08-13 14:05:00+00:00,7620,7620,7595,7598,415
2026-08-13 14:10:00+00:00,7598,7610,7595,7610,126
2026-08-13 14:15:00+00:00,7610,7623,7608,7617,72
2026-08-13 14:20:00+00:00,7617,7642,7617,7632,62
2026-08-13 14:25:00+00:00,7632,7651,7630,7651,104
2026-08-13 14:30:00+00:00,7654,7670,7649,7658,113
2026-08-13 14:35:00+00:00,7658,7666,7647,7663,60
2026-08-13 14:40:00+00:00,7663,7670,7659,7666,38
2026-08-13 14:45:00+00:00,7666,7680,7666,7680,41
2026-08-13 14:50:00+00:00,7675,7686,7673,7684,58
2026-08-13 14:55:00+00:00,7684,7690,7683,7688,38
2026-08-13 15:00:00+00:00,7688,7713,7686,7710,180
2026-08-13 15:05:00+00:00,7710,7721,7705,7718,124
2026-08-13 15:10:00+00:00,7718,7768,7718,7765,313
2026-08-13 15:15:00+00:00,7766,7798,7764,7775,295
2026-08-13 15:20:00+00:00,7775,7785,7767,7785,118
2026-08-13 15:25:00+00:00,7785,7828,7785,7820,556
2026-08-13 15:30:00+00:00,7820,7820,7796,7808,143
2026-08-13 15:35:00+00:00,7808,7808,7772,7772,132
2026-08-13 15:40:00+00:00,7772,7793,7769,7793,77
2026-08-13 15:45:00+00:00,7793,7802,7789,7800,80
2026-08-13 15:50:00+00:00,7800,7820,7795,7802,81
2026-08-13 15:55:00+00:00,7802,7813,7802,7811,61
2026-08-13 16:00:00+00:00,7811,7811,7797,7810,56
2026-08-13 16:05:00+00:00,7810,7816,7796,7799,53
2026-08-13 16:10:00+00:00,7799,7815,7794,7807,68
2026-08-13 16:15:00+00:00,7807,7807,7797,7798,23
2026-08-13 16:20:00+00:00,7798,7798,7783,7785,39
2026-08-13 16:25:00+00:00,7785,7796,7781,7790,13
2026-08-13 16:30:00+00:00,7788,7788,7755,7758,113
2026-08-13 16:35:00+00:00,7758,7766,7758,7760,57
2026-08-13 16:40:00+00:00,7760,7760,7754,7758,20
2026-08-13 16:45:00+00:00,7758,7762,7753,7753,32
2026-08-13 16:50:00+00:00,7749,7762,7749,7758,39
2026-08-13 16:55:00+00:00,7758,7769,7758,7759,23
2026-08-13 17:00:00+00:00,7759,7759,7751,7754,18
2026-08-13 17:05:00+00:00,7754,7765,7752,7765,20
2026-08-13 17:10:00+00:00,7765,7777,7765,7772,35
2026-08-13 17:15:00+00:00,7772,7773,7757,7773,12
2026-08-13 17:20:00+00:00,7773,7773,7763,7763,7
2026-08-13 17:25:00+00:00,7763,7763,7756,7757,19
2026-08-13 17:30:00+00:00,7757,7765,7752,7761,20
2026-08-13 17:35:00+00:00,7761,7768,7755,7764,19
2026-08-13 17:40:00+00:00,7764,7775,7764,7775,20
2026-08-13 17:45:00+00:00,7775,7775,7763,7764,67
2026-08-13 17:50:00+00:00,7767,7767,7760,7761,53
2026-08-13 17:55:00+00:00,7761,7763,7755,7757,62
2026-08-14 03:30:00+00:00,7715,7725,7702,7721,136
2026-08-14 03:35:00+00:00,7721,7723,7718,7720,158
2026-08-14 03:40:00+00:00,7720,7720,7704,7709,71
2026-08-14 03:45:00+00:00,7710,7718,7708,7710,37
2026-08-14 03:50:00+00:00,7710,7713,7704,7710,33
2026-08-14 03:55:00+00:00,7710,7718,7708,7713,59
2026-08-14 04:00:00+00:00,7713,7724,7711,7724,29
2026-08-14 04:05:00+00:00,7724,7724,7710,7710,16
2026-08-14 04:10:00+00:00,7710,7711,7707,7709,24
2026-08-14 04:15:00+00:00,7709,7712,7701,7701,41
2026-08-14 04:20:00+00:00,7701,7705,7700,7702,52
2026-08-14 04:25:00+00:00,7702,7702,7694,7702,103
2026-08-14 04:30:00+00:00,7702,7708,7702,7708,61
2026-08-14 04:35:00+00:00,7708,7708,7707,7708,5
2026-08-14 04:40:00+00:00,7708,7708,7701,7704,13
2026-08-14 04:45:00+00:00,7704,7708,7704,7704,9
2026-08-14 04:50:00+00:00,7704,7712,7704,7711,25
2026-08-14 04:55:00+00:00,7711,7711,7706,7709,10
2026-08-14 05:00:00+00:00,7709,7714,7705,7710,30
2026-08-14 05:05:00+00:00,7710,7710,7706,7706,5
2026-08-14 05:10:00+00:00,7706,7710,7702,7702,29
2026-08-14 05:15:00+00:00,7702,7708,7700,7708,24
2026-08-14 05:20:00+00:00,7708,7714,7708,7710,16
2026-08-14 05:25:00+00:00,7711,7718,7708,7711,44
2026-08-14 05:30:00+00:00,7711,7726,7711,7723,80
2026-08-14 05:35:00+00:00,7723,7740,7720,7738,32
2026-08-14 05:40:00+00:00,7738,7739,7728,7738,38
2026-08-14 05:45:00+00:00,7738,7739,7728,7739,18
2026-08-14 05:50:00+00:00,7739,7748,7738,7748,32
2026-08-14 05:55:00+00:00,7748,7771,7748,7769,87
2026-08-14 06:00:00+00:00,7769,7775,7764,7775,70
2026-08-14 06:05:00+00:00,7775,7784,7770,7770,62
2026-08-14 06:10:00+00:00,7770,7770,7749,7758,74
2026-08-14 06:15:00+00:00,7758,7775,7758,7775,19
2026-08-14 06:20:00+00:00,7775,7782,7770,7770,45
2026-08-14 06:25:00+00:00,7766,7791,7766,7790,72
2026-08-14 06:30:00+00:00,7788,7788,7778,7783,33
2026-08-14 06:35:00+00:00,7783,7783,7769,7772,28
2026-08-14 06:40:00+00:00,7772,7789,7772,7783,51
2026-08-14 06:45:00+00:00,7783,7783,7775,7775,32
2026-08-14 06:50:00+00:00,7775,7784,7775,7778,17
2026-08-14 06:55:00+00:00,7778,7780,7773,7780,44
2026-08-14 07:00:00+00:00,7780,7820,7780,7814,128
2026-08-14 07:05:00+00:00,7815,7825,7813,7821,147
2026-08-14 07:10:00+00:00,7821,7850,7821,7850,143
2026-08-14 07:15:00+00:00,7850,7850,7831,7840,128
2026-08-14 07:20:00+00:00,7840,7840,7824,7825,35
2026-08-14 07:25:00+00:00,7825,7830,7818,7826,50
2026-08-14 07:30:00+00:00,7831,7837,7831,7835,40
2026-08-14 07:35:00+00:00,7835,7838,7822,7822,46
2026-08-14 07:40:00+00:00,7822,7838,7822,7831,59
2026-08-14 07:45:00+00:00,7831,7834,7822,7824,53
2026-08-14 07:50:00+00:00,7824,7840,7824,7836,52
2026-08-14 07:55:00+00:00,7836,7841,7833,7841,95
2026-08-14 08:00:00+00:00,7838,7844,7823,7826,60
2026-08-14 08:05:00+00:00,7826,7836,7823,7836,38
2026-08-14 08:10:00+00:00,7836,7848,7835,7837,64
2026-08-14 08:15:00+00:00,7837,7839,7830,7831,17
2026-08-14 08:20:00+00:00,7831,7838,7828,7830,48
2026-08-14 08:25:00+00:00,7830,7830,7798,7807,163
2026-08-14 08:30:00+00:00,7807,7818,7806,7810,37
2026-08-14 08:35:00+00:00,7810,7810,7776,7781,150
2026-08-14 08:40:00+00:00,7781,7805,7781,7805,33
2026-08-14 08:45:00+00:00,7805,7807,7795,7807,28
2026-08-14 08:50:00+00:00,7807,7811,7794,7796,17
2026-08-14 08:55:00+00:00,7796,7805,7796,7805,8
2026-08-14 09:00:00+00:00,7805,7806,7791,7796,32
2026-08-14 09:05:00+00:00,7796,7800,7781,7785,12
2026-08-14 09:10:00+00:00,7785,7790,7782,7782,20
2026-08-14 09:15:00+00:00,7782,7788,7780,7787,35
2026-08-14 09:20:00+00:00,7787,7787,7765,7770,81
2026-08-14 09:25:00+00:00,7770,7774,7765,7765,58
2026-08-14 09:30:00+00:00,7765,7778,7753,7778,57
2026-08-14 09:35:00+00:00,7778,7796,7774,7784,58
2026-08-14 09:40:00+00:00,7785,7785,7770,7772,32
2026-08-14 09:45:00+00:00,7772,7780,7761,7778,38
2026-08-14 09:50:00+00:00,7778,7781,7758,7758,43
2026-08-14 09:55:00+00:00,7758,7765,7753,7757,62
2026-08-14 10:00:00+00:00,7756,7757,7745,7753,42
2026-08-14 10:05:00+00:00,7754,7754,7725,7731,99
2026-08-14 10:10:00+00:00,7731,7736,7725,7734,142
2026-08-14 10:15:00+00:00,7734,7735,7726,7733,116
2026-08-14 10:20:00+00:00,7733,7734,7725,7727,51
2026-08-14 10:25:00+00:00,7727,7741,7727,7739,39
2026-08-14 10:30:00+00:00,7739,7741,7727,7735,126
2026-08-14 10:35:00+00:00,7733,7739,7721,7727,123
2026-08-14 10:40:00+00:00,7727,7738,7726,7730,67
2026-08-14 10:45:00+00:00,7730,7735,7724,7727,242
2026-08-14 10:50:00+00:00,7723,7723,7705,7706,336
2026-08-14 10:55:00+00:00,7706,7722,7704,7711,289
2026-08-14 11:00:00+00:00,7711,7746,7711,7741,177
2026-08-14 11:05:00+00:00,7741,7745,7731,7733,138
2026-08-14 11:10:00+00:00,7733,7745,7733,7733,66
2026-08-14 11:15:00+00:00,7733,7740,7730,7738,77
2026-08-14 11:20:00+00:00,7738,7740,7726,7735,59
2026-08-14 11:25:00+00:00,7735,7738,7725,7731,41
2026-08-14 11:30:00+00:00,7731,7737,7727,7727,40
2026-08-14 11:35:00+00:00,7729,7732,7715,7719,81
2026-08-14 11:40:00+00:00,7719,7721,7711,7712,6
2026-08-14 11:45:00+00:00,7712,7723,7712,7720,24
2026-08-14 11:50:00+00:00,7720,7720,7710,7713,35
2026-08-14 11:55:00+00:00,7713,7725,7713,7718,28
2026-08-14 12:00:00+00:00,7718,7739,7714,7734,48
2026-08-14 12:05:00+00:00,7734,7755,7732,7750,134
2026-08-14 12:10:00+00:00,7750,7770,7745,7750,127
2026-08-14 12:15:00+00:00,7750,7762,7748,7755,77
2026-08-14 12:20:00+00:00,7755,7755,7736,7745,43
2026-08-14 12:25:00+00:00,7745,7750,7741,7744,47
2026-08-14 12:30:00+00:00,7738,7738,7703,7703,167
2026-08-14 12:35:00+00:00,7703,7721,7702,7719,169
2026-08-14 12:40:00+00:00,7719,7726,7707,7708,50
2026-08-14 12:45:00+00:00,7708,7708,7688,7693,360
2026-08-14 12:50:00+00:00,7693,7700,7691,7695,49
2026-08-14 12:55:00+00:00,7695,7706,7691,7695,33
2026-08-14 13:00:00+00:00,7695,7715,7691,7710,48
2026-08-14 13:05:00+00:00,7706,7715,7699,7715,39
2026-08-14 13:10:00+00:00,7715,7715,7700,7710,38
2026-08-14 13:15:00+00:00,7710,7718,7706,7710,66
2026-08-14 13:20:00+00:00,7710,7714,7695,7695,42
2026-08-14 13:25:00+00:00,7697,7700,7686,7700,96
2026-08-14 13:30:00+00:00,7700,7700,7681,7682,92
2026-08-14 13:35:00+00:00,7682,7683,7664,7664,278
2026-08-14 13:40:00+00:00,7664,7679,7663,7674,96
2026-08-14 13:45:00+00:00,7674,7681,7668,7678,37
2026-08-14 13:50:00+00:00,7678,7693,7668,7689,93
2026-08-14 13:55:00+00:00,7689,7702,7687,7700,40
2026-08-14 14:00:00+00:00,7700,7722,7699,7713,110
2026-08-14 14:05:00+00:00,7713,7729,7713,7725,85
2026-08-14 14:10:00+00:00,7727,7733,7705,7705,113
2026-08-14 14:15:00+00:00,7705,7731,7705,7730,94
2026-08-14 14:20:00+00:00,7730,7742,7724,7740,146
2026-08-14 14:25:00+00:00,7740,7743,7734,7740,54
2026-08-14 14:30:00+00:00,7740,7749,7735,7738,37
2026-08-14 14:35:00+00:00,7738,7755,7732,7745,126
2026-08-14 14:40:00+00:00,7745,7765,7742,7759,91
2026-08-14 14:45:00+00:00,7759,7760,7733,7751,64
2026-08-14 14:50:00+00:00,7753,7766,7746,7766,153
2026-08-14 14:55:00+00:00,7766,7778,7762,7767,178
2026-08-14 15:00:00+00:00,7767,7772,7755,7772,65
2026-08-14 15:05:00+00:00,7771,7774,7763,7763,107
2026-08-14 15:10:00+00:00,7763,7769,7752,7765,51
2026-08-14 15:15:00+00:00,7765,7765,7735,7750,79
2026-08-14 15:20:00+00:00,7750,7765,7746,7765,48
2026-08-14 15:25:00+00:00,7764,7777,7758,7766,148
2026-08-14 15:30:00+00:00,7766,7776,7757,7765,96
2026-08-14 15:35:00+00:00,7765,7765,7752,7759,11
2026-08-14 15:40:00+00:00,7759,7760,7745,7750,95
2026-08-14 15:45:00+00:00,7750,7765,7750,7761,45
2026-08-14 15:50:00+00:00,7761,7765,7749,7756,31
2026-08-14 15:55:00+00:00,7756,7762,7753,7755,8
2026-08-14 16:00:00+00:00,7755,7755,7749,7755,12
2026-08-14 16:05:00+00:00,7755,7760,7745,7759,36
2026-08-14 16:10:00+00:00,7759,7769,7756,7756,60
2026-08-14 16:15:00+00:00,7756,7772,7756,7768,79
2026-08-14 16:20:00+00:00,7768,7774,7760,7770,60
2026-08-14 16:25:00+00:00,7770,7787,7770,7779,138
2026-08-14 16:30:00+00:00,7779,7780,7767,7774,35
2026-08-14 16:35:00+00:00,7774,7774,7765,7768,35
2026-08-14 16:40:00+00:00,7768,7782,7766,7781,41
2026-08-14 16:45:00+00:00,7781,7788,7774,7785,75
2026-08-14 16:50:00+00:00,7785,7788,7777,7780,27
2026-08-14 16:55:00+00:00,7780,7784,7775,7779,61
2026-08-14 17:00:00+00:00,7779,7786,7773,7781,17
2026-08-14 17:05:00+00:00,7781,7793,7781,7793,53
2026-08-14 17:10:00+00:00,7793,7809,7793,7797,227
2026-08-14 17:15:00+00:00,7797,7805,7791,7795,138
2026-08-14 17:20:00+00:00,7795,7804,7791,7797,72
2026-08-14 17:25:00+00:00,7797,7800,7792,7799,75
2026-08-14 17:30:00+00:00,7799,7806,7799,7802,48
2026-08-14 17:35:00+00:00,7802,7807,7797,7800,38
2026-08-14 17:40:00+00:00,7800,7809,7800,7809,52
2026-08-14 17:45:00+00:00,7809,7811,7804,7810,66
2026-08-14 17:50:00+00:00,7808,7819,7808,7812,151
2026-08-14 17:55:00+00:00,7812,7817,7810,7811,96
2026-08-17 03:30:00+00:00,7817,7838,7812,7833,125
2026-08-17 03:35:00+00:00,7833,7838,7828,7835,109
2026-08-17 03:40:00+00:00,7835,7838,7832,7838,31
2026-08-17 03:45:00+00:00,7838,7838,7823,7829,60
2026-08-17 03:50:00+00:00,7829,7830,7818,7821,61
2026-08-17 03:55:00+00:00,7821,7821,7801,7801,69
2026-08-17 04:00:00+00:00,7801,7804,7782,7786,160
2026-08-17 04:05:00+00:00,7786,7800,7786,7800,100
2026-08-17 04:10:00+00:00,7800,7803,7790,7794,42
2026-08-17 04:15:00+00:00,7795,7811,7794,7806,78
2026-08-17 04:20:00+00:00,7806,7813,7803,7813,81
2026-08-17 04:25:00+00:00,7813,7822,7813,7817,83
2026-08-17 04:30:00+00:00,7817,7831,7805,7806,91
2026-08-17 04:35:00+00:00,7806,7818,7806,7810,160
2026-08-17 04:40:00+00:00,7810,7813,7807,7808,59
2026-08-17 04:45:00+00:00,7811,7814,7806,7809,56
2026-08-17 04:50:00+00:00,7809,7813,7806,7813,23
2026-08-17 04:55:00+00:00,7813,7814,7803,7803,33
2026-08-17 05:00:00+00:00,7803,7808,7797,7800,34
2026-08-17 05:05:00+00:00,7800,7806,7797,7804,53
2026-08-17 05:10:00+00:00,7804,7811,7804,7809,11
2026-08-17 05:15:00+00:00,7809,7809,7801,7801,23
2026-08-17 05:20:00+00:00,7801,7804,7796,7796,50
2026-08-17 05:25:00+00:00,7796,7807,7796,7807,44
2026-08-17 05:30:00+00:00,7802,7810,7790,7790,54
2026-08-17 05:35:00+00:00,7788,7807,7785,7807,58
2026-08-17 05:40:00+00:00,7807,7808,7797,7805,36
2026-08-17 05:45:00+00:00,7805,7805,7795,7805,21
2026-08-17 05:50:00+00:00,7805,7805,7779,7786,76
2026-08-17 05:55:00+00:00,7786,7788,7771,7775,77
2026-08-17 06:00:00+00:00,7775,7779,7761,7777,113
2026-08-17 06:05:00+00:00,7781,7789,7780,7780,188
2026-08-17 06:10:00+00:00,7780,7781,7766,7777,229
2026-08-17 06:15:00+00:00,7777,7784,7762,7765,85
2026-08-17 06:20:00+00:00,7768,7773,7765,7770,30
2026-08-17 06:25:00+00:00,7770,7772,7765,7772,32
2026-08-17 06:30:00+00:00,7772,7778,7770,7778,27
2026-08-17 06:35:00+00:00,7778,7778,7767,7770,49
2026-08-17 06:40:00+00:00,7770,7780,7767,7779,84
2026-08-17 06:45:00+00:00,7779,7779,7767,7775,225
2026-08-17 06:50:00+00:00,7775,7784,7771,7777,116
2026-08-17 06:55:00+00:00,7777,7786,7775,7785,117
2026-08-17 07:00:00+00:00,7785,7794,7779,7792,97
2026-08-17 07:05:00+00:00,7792,7796,7778,7781,152
2026-08-17 07:10:00+00:00,7781,7789,7773,7779,97
2026-08-17 07:15:00+00:00,7779,7784,7748,7763,726
2026-08-17 07:20:00+00:00,7763,7768,7751,7758,139
2026-08-17 07:25:00+00:00,7758,7774,7758,7774,121
2026-08-17 07:30:00+00:00,7774,7793,7773,7779,108
2026-08-17 07:35:00+00:00,7779,7779,7759,7773,49
2026-08-17 07:40:00+00:00,7772,7774,7764,7771,34
2026-08-17 07:45:00+00:00,7771,7789,7771,7789,51
2026-08-17 07:50:00+00:00,7787,7813,7787,7813,806
2026-08-17 07:55:00+00:00,7813,7813,7792,7792,101
2026-08-17 08:00:00+00:00,7792,7817,7782,7815,120
2026-08-17 08:05:00+00:00,7816,7819,7807,7811,66
2026-08-17 08:10:00+00:00,7811,7815,7805,7809,34
2026-08-17 08:15:00+00:00,7812,7815,7809,7811,33
2026-08-17 08:20:00+00:00,7811,7824,7803,7821,138
2026-08-17 08:25:00+00:00,7823,7831,7806,7810,301
2026-08-17 08:30:00+00:00,7810,7826,7801,7818,112
2026-08-17 08:35:00+00:00,7818,7820,7809,7818,45
2026-08-17 08:40:00+00:00,7818,7822,7807,7818,68
2026-08-17 08:45:00+00:00,7818,7826,7804,7817,61
2026-08-17 08:50:00+00:00,7817,7829,7817,7824,31
2026-08-17 08:55:00+00:00,7824,7835,7824,7831,83
2026-08-17 09:00:00+00:00,7831,7850,7830,7849,185
2026-08-17 09:05:00+00:00,7849,7858,7845,7855,132
2026-08-17 09:10:00+00:00,7855,7866,7847,7847,307
2026-08-17 09:15:00+00:00,7847,7850,7826,7846,100
2026-08-17 09:20:00+00:00,7843,7846,7837,7842,52
2026-08-17 09:25:00+00:00,7842,7843,7840,7842,13
2026-08-17 09:30:00+00:00,7848,7855,7842,7855,55
2026-08-17 09:35:00+00:00,7855,7878,7851,7875,204
2026-08-17 09:40:00+00:00,7875,7880,7862,7862,88
2026-08-17 09:45:00+00:00,7862,7872,7846,7869,110
2026-08-17 09:50:00+00:00,7869,7894,7868,7891,169
2026-08-17 09:55:00+00:00,7891,7893,7873,7873,124
2026-08-17 10:00:00+00:00,7873,7888,7870,7887,119
2026-08-17 10:05:00+00:00,7887,7900,7887,7899,173
2026-08-17 10:10:00+00:00,7898,7898,7889,7895,111
2026-08-17 10:15:00+00:00,7895,7895,7885,7885,93
2026-08-17 10:20:00+00:00,7885,7895,7885,7885,46
2026-08-17 10:25:00+00:00,7885,7895,7809,7811,662
2026-08-17 10:30:00+00:00,7820,7866,7802,7866,986
2026-08-17 10:35:00+00:00,7866,7875,7860,7875,143
2026-08-17 10:40:00+00:00,7875,7878,7866,7869,38
2026-08-17 10:45:00+00:00,7869,7877,7865,7868,50
2026-08-17 10:50:00+00:00,7868,7872,7842,7852,148
2026-08-17 10:55:00+00:00,7852,7876,7851,7860,90
2026-08-17 11:00:00+00:00,7860,7871,7860,7870,40
2026-08-17 11:05:00+00:00,7870,7870,7842,7845,88
2026-08-17 11:10:00+00:00,7845,7864,7845,7861,76
2026-08-17 11:15:00+00:00,7861,7861,7848,7856,27
2026-08-17 11:20:00+00:00,7853,7862,7846,7850,60
2026-08-17 11:25:00+00:00,7850,7860,7848,7852,28
2026-08-17 11:30:00+00:00,7852,7853,7840,7845,99
2026-08-17 11:35:00+00:00,7845,7845,7835,7836,80
2026-08-17 11:40:00+00:00,7836,7847,7836,7843,80
2026-08-17 11:45:00+00:00,7843,7847,7835,7847,53
2026-08-17 11:50:00+00:00,7848,7852,7841,7841,23
2026-08-17 11:55:00+00:00,7841,7841,7830,7834,89
2026-08-17 12:00:00+00:00,7834,7839,7827,7839,66
2026-08-17 12:05:00+00:00,7839,7842,7824,7830,38
2026-08-17 12:10:00+00:00,7830,7837,7825,7825,74
2026-08-17 12:15:00+00:00,7825,7825,7815,7822,142
2026-08-17 12:20:00+00:00,7822,7836,7820,7832,71
2026-08-17 12:25:00+00:00,7833,7888,7828,7864,1042
2026-08-17 12:30:00+00:00,7864,7864,7848,7859,92
2026-08-17 12:35:00+00:00,7859,7880,7857,7878,155
2026-08-17 12:40:00+00:00,7873,7889,7873,7877,123
2026-08-17 12:45:00+00:00,7877,7890,7876,7885,91
2026-08-17 12:50:00+00:00,7885,7890,7879,7881,120
2026-08-17 12:55:00+00:00,7881,7888,7879,7879,69
2026-08-17 13:00:00+00:00,7880,7887,7864,7869,202
2026-08-17 13:05:00+00:00,7869,7871,7853,7859,119
2026-08-17 13:10:00+00:00,7859,7859,7843,7848,89
2026-08-17 13:15:00+00:00,7848,7849,7834,7836,99
2026-08-17 13:20:00+00:00,7836,7881,7836,7868,145
2026-08-17 13:25:00+00:00,7868,7870,7861,7861,58
2026-08-17 13:30:00+00:00,7860,7870,7848,7851,106
2026-08-17 13:35:00+00:00,7851,7865,7851,7861,49
2026-08-17 13:40:00+00:00,7861,7864,7853,7862,30
2026-08-17 13:45:00+00:00,7862,7862,7856,7857,18
2026-08-17 13:50:00+00:00,7857,7857,7844,7849,92
2026-08-17 13:55:00+00:00,7849,7851,7842,7849,72
2026-08-17 14:00:00+00:00,7849,7851,7826,7828,155
2026-08-17 14:05:00+00:00,7828,7839,7828,7835,72
2026-08-17 14:10:00+00:00,7835,7846,7830,7832,46
2026-08-17 14:15:00+00:00,7832,7840,7830,7836,37
2026-08-17 14:20:00+00:00,7836,7839,7813,7828,217
2026-08-17 14:25:00+00:00,7828,7835,7826,7826,45
2026-08-17 14:30:00+00:00,7826,7843,7826,7838,67
2026-08-17 14:35:00+00:00,7838,7843,7829,7839,26
2026-08-17 14:40:00+00:00,7839,7840,7825,7831,41
2026-08-17 14:45:00+00:00,7831,7832,7823,7830,49
2026-08-17 14:50:00+00:00,7830,7830,7810,7816,135
2026-08-17 14:55:00+00:00,7816,7817,7810,7814,69
2026-08-17 15:00:00+00:00,7816,7835,7816,7826,77
2026-08-17 15:05:00+00:00,7826,7830,7820,7829,33
2026-08-17 15:10:00+00:00,7829,7832,7824,7832,16
2026-08-17 15:15:00+00:00,7832,7848,7829,7848,112
2026-08-17 15:20:00+00:00,7848,7865,7844,7862,197
2026-08-17 15:25:00+00:00,7862,7868,7842,7849,116
2026-08-17 15:30:00+00:00,7849,7865,7849,7858,110
2026-08-17 15:35:00+00:00,7858,7863,7842,7848,31
2026-08-17 15:40:00+00:00,7848,7859,7845,7857,66
2026-08-17 15:45:00+00:00,7857,7870,7853,7864,84
2026-08-17 15:50:00+00:00,7867,7868,7859,7862,91
2026-08-17 15:55:00+00:00,7857,7877,7857,7871,129
2026-08-17 16:00:00+00:00,7871,7872,7857,7860,65
2026-08-17 16:05:00+00:00,7860,7865,7852,7853,58
2026-08-17 16:10:00+00:00,7853,7858,7839,7839,202
2026-08-17 16:15:00+00:00,7839,7848,7836,7838,163
2026-08-17 16:20:00+00:00,7838,7850,7837,7846,164
2026-08-17 16:25:00+00:00,7846,7853,7846,7851,38
2026-08-17 16:30:00+00:00,7851,7865,7851,7865,55
2026-08-17 16:35:00+00:00,7865,7870,7859,7870,89
2026-08-17 16:40:00+00:00,7870,7870,7863,7865,29
2026-08-17 16:45:00+00:00,7865,7875,7865,7869,168
2026-08-17 16:50:00+00:00,7869,7879,7869,7878,98
2026-08-17 16:55:00+00:00,7878,7880,7869,7876,115
2026-08-17 17:00:00+00:00,7876,7895,7874,7895,177
2026-08-17 17:05:00+00:00,7895,7927,7895,7907,588
2026-08-17 17:10:00+00:00,7907,7929,7907,7924,217
2026-08-17 17:15:00+00:00,7924,7952,7924,7948,459
2026-08-17 17:20:00+00:00,7948,7962,7940,7962,454
2026-08-17 17:25:00+00:00,7962,7980,7958,7972,396
2026-08-17 17:30:00+00:00,7972,8013,7971,8005,472
2026-08-17 17:35:00+00:00,8005,8024,8001,8017,293
2026-08-17 17:40:00+00:00,8017,8021,7990,7992,360
2026-08-17 17:45:00+00:00,7995,8001,7988,7997,183
2026-08-17 17:50:00+00:00,8000,8038,7998,8038,407
2026-08-17 17:55:00+00:00,8036,8063,8032,8055,691
2026-08-18 03:30:00+00:00,8080,8103,8067,8094,417
2026-08-18 03:35:00+00:00,8094,8098,8081,8089,387
2026-08-18 03:40:00+00:00,8090,8095,8086,8090,254
2026-08-18 03:45:00+00:00,8091,8096,8088,8096,298
2026-08-18 03:50:00+00:00,8096,8103,8096,8103,207
2026-08-18 03:55:00+00:00,8103,8111,8103,8110,293
2026-08-18 04:00:00+00:00,8109,8117,8105,8108,404
2026-08-18 04:05:00+00:00,8111,8111,8102,8110,123
2026-08-18 04:10:00+00:00,8110,8113,8107,8109,72
2026-08-18 04:15:00+00:00,8108,8108,8093,8098,165
2026-08-18 04:20:00+00:00,8100,8107,8100,8103,49
2026-08-18 04:25:00+00:00,8103,8107,8103,8105,48
2026-08-18 04:30:00+00:00,8105,8107,8103,8105,48
2026-08-18 04:35:00+00:00,8105,8105,8094,8094,178
2026-08-18 04:40:00+00:00,8094,8097,8094,8096,20
2026-08-18 04:45:00+00:00,8096,8096,8091,8092,67
2026-08-18 04:50:00+00:00,8092,8097,8090,8091,83
2026-08-18 04:55:00+00:00,8091,8094,8090,8091,55
2026-08-18 05:00:00+00:00,8091,8106,8091,8106,130
2026-08-18 05:05:00+00:00,8106,8108,8098,8102,91
2026-08-18 05:10:00+00:00,8102,8102,8097,8100,63
2026-08-18 05:15:00+00:00,8100,8101,8100,8100,34
2026-08-18 05:20:00+00:00,8100,8115,8100,8104,136
2026-08-18 05:25:00+00:00,8104,8106,8098,8105,165
2026-08-18 05:30:00+00:00,8105,8114,8094,8094,190
2026-08-18 05:35:00+00:00,8094,8096,8083,8091,94
2026-08-18 05:40:00+00:00,8091,8097,8090,8092,27
2026-08-18 05:45:00+00:00,8092,8093,8077,8081,114
2026-08-18 05:50:00+00:00,8081,8086,8076,8083,42
2026-08-18 05:55:00+00:00,8082,8093,8082,8090,60
2026-08-18 06:00:00+00:00,8091,8118,8091,8115,155
2026-08-18 06:05:00+00:00,8115,8128,8110,8127,234
2026-08-18 06:10:00+00:00,8127,8127,8115,8117,97
2026-08-18 06:15:00+00:00,8117,8119,8110,8116,67
2026-08-18 06:20:00+00:00,8116,8123,8113,8116,40
2026-08-18 06:25:00+00:00,8116,8130,8116,8122,117
2026-08-18 06:30:00+00:00,8122,8128,8122,8123,60
2026-08-18 06:35:00+00:00,8123,8134,8119,8132,101
2026-08-18 06:40:00+00:00,8132,8140,8127,8130,108
2026-08-18 06:45:00+00:00,8130,8131,8116,8118,116
2026-08-18 06:50:00+00:00,8118,8118,8105,8109,117
2026-08-18 06:55:00+00:00,8109,8116,8094,8094,125
2026-08-18 07:00:00+00:00,8094,8107,8091,8095,192
2026-08-18 07:05:00+00:00,8095,8095,8076,8076,204
2026-08-18 07:10:00+00:00,8079,8084,8066,8078,170
2026-08-18 07:15:00+00:00,8078,8082,8068,8074,99
2026-08-18 07:20:00+00:00,8074,8076,8063,8069,94
2026-08-18 07:25:00+00:00,8069,8069,8056,8064,123
2026-08-18 07:30:00+00:00,8064,8083,8061,8077,75
2026-08-18 07:35:00+00:00,8077,8077,8067,8074,42
2026-08-18 07:40:00+00:00,8074,8086,8074,8086,107
2026-08-18 07:45:00+00:00,8086,8093,8079,8079,84
2026-08-18 07:50:00+00:00,8079,8104,8079,8089,143
2026-08-18 07:55:00+00:00,8089,8100,8089,8099,38
2026-08-18 08:00:00+00:00,8096,8100,8087,8100,83
2026-08-18 08:05:00+00:00,8100,8123,8098,8098,231
2026-08-18 08:10:00+00:00,8098,8100,8093,8095,39
2026-08-18 08:15:00+00:00,8095,8108,8087,8091,57
2026-08-18 08:20:00+00:00,8091,8115,8091,8105,57
2026-08-18 08:25:00+00:00,8105,8108,8091,8093,63
2026-08-18 08:30:00+00:00,8094,8102,8070,8073,170
2026-08-18 08:35:00+00:00,8074,8079,8060,8072,163
2026-08-18 08:40:00+00:00,8072,8078,8063,8066,85
2026-08-18 08:45:00+00:00,8066,8096,8066,8095,125
2026-08-18 08:50:00+00:00,8095,8095,8077,8077,41
2026-08-18 08:55:00+00:00,8074,8077,8070,8071,95
2026-08-18 09:00:00+00:00,8071,8073,8065,8069,37
2026-08-18 09:05:00+00:00,8070,8082,8070,8082,33
2026-08-18 09:10:00+00:00,8082,8082,8068,8070,28
2026-08-18 09:15:00+00:00,8070,8074,8069,8073,12
2026-08-18 09:20:00+00:00,8073,8082,8069,8081,54
2026-08-18 09:25:00+00:00,8081,8088,8072,8078,83
2026-08-18 09:30:00+00:00,8078,8083,8063,8083,46
2026-08-18 09:35:00+00:00,8084,8084,8062,8074,46
2026-08-18 09:40:00+00:00,8074,8079,8066,8066,47
2026-08-18 09:45:00+00:00,8066,8080,8066,8079,130
2026-08-18 09:50:00+00:00,8079,8084,8065,8066,80
2026-08-18 09:55:00+00:00,8066,8066,8050,8064,195
2026-08-18 10:00:00+00:00,8064,8065,8059,8065,108
2026-08-18 10:05:00+00:00,8065,8078,8065,8075,47
2026-08-18 10:10:00+00:00,8075,8090,8075,8080,93
2026-08-18 10:15:00+00:00,8081,8091,8081,8090,147
2026-08-18 10:20:00+00:00,8090,8101,8088,8088,167
2026-08-18 10:25:00+00:00,8090,8093,8081,8081,81
2026-08-18 10:30:00+00:00,8081,8086,8067,8074,118
2026-08-18 10:35:00+00:00,8074,8074,8056,8058,148
2026-08-18 10:40:00+00:00,8058,8058,8052,8056,144
2026-08-18 10:45:00+00:00,8056,8074,8053,8064,71
2026-08-18 10:50:00+00:00,8064,8064,8058,8058,25
2026-08-18 10:55:00+00:00,8058,8064,8057,8061,83
2026-08-18 11:00:00+00:00,8061,8064,8054,8058,52
2026-08-18 11:05:00+00:00,8058,8060,8053,8056,170
2026-08-18 11:10:00+00:00,8056,8066,8056,8062,64
2026-08-18 11:15:00+00:00,8062,8075,8062,8075,54
2026-08-18 11:20:00+00:00,8075,8078,8070,8076,106
2026-08-18 11:25:00+00:00,8076,8080,8067,8070,57
2026-08-18 11:30:00+00:00,8070,8079,8068,8068,43
2026-08-18 11:35:00+00:00,8068,8071,8063,8063,37
2026-08-18 11:40:00+00:00,8063,8078,8063,8069,35
2026-08-18 11:45:00+00:00,8069,8084,8067,8082,61
2026-08-18 11:50:00+00:00,8078,8085,8075,8083,44
2026-08-18 11:55:00+00:00,8083,8085,8076,8077,42
2026-08-18 12:00:00+00:00,8077,8087,8066,8066,88
2026-08-18 12:05:00+00:00,8066,8104,8064,8103,226
2026-08-18 12:10:00+00:00,8103,8104,8094,8097,197
2026-08-18 12:15:00+00:00,8097,8108,8096,8098,277
2026-08-18 12:20:00+00:00,8098,8101,8089,8097,101
2026-08-18 12:25:00+00:00,8094,8098,8090,8090,122
2026-08-18 12:30:00+00:00,8088,8089,8078,8083,76
2026-08-18 12:35:00+00:00,8083,8095,8083,8094,50
2026-08-18 12:40:00+00:00,8094,8106,8094,8102,106
2026-08-18 12:45:00+00:00,8102,8102,8089,8095,48
2026-08-18 12:50:00+00:00,8095,8099,8092,8099,28
2026-08-18 12:55:00+00:00,8099,8104,8094,8102,39
2026-08-18 13:00:00+00:00,8100,8120,8097,8105,375
2026-08-18 13:05:00+00:00,8105,8112,8099,8103,74
2026-08-18 13:10:00+00:00,8103,8109,8095,8101,118
2026-08-18 13:15:00+00:00,8101,8111,8099,8107,61
2026-08-18 13:20:00+00:00,8107,8135,8103,8135,746
2026-08-18 13:25:00+00:00,8135,8144,8122,8132,320
2026-08-18 13:30:00+00:00,8132,8169,8106,8107,1687
2026-08-18 13:35:00+00:00,8107,8136,8107,8121,254
2026-08-18 13:40:00+00:00,8121,8125,8090,8100,224
2026-08-18 13:45:00+00:00,8100,8106,8074,8074,262
2026-08-18 13:50:00+00:00,8076,8123,8074,8120,344
2026-08-18 13:55:00+00:00,8120,8128,8113,8119,151
2026-08-18 14:00:00+00:00,8120,8122,8082,8084,388
2026-08-18 14:05:00+00:00,8084,8101,8077,8084,270
2026-08-18 14:10:00+00:00,8084,8102,8080,8084,101
2026-08-18 14:15:00+00:00,8084,8086,8072,8073,510
2026-08-18 14:20:00+00:00,8073,8078,8066,8072,376
2026-08-18 14:25:00+00:00,8072,8081,8061,8063,210
2026-08-18 14:30:00+00:00,8063,8078,8051,8056,343
2026-08-18 14:35:00+00:00,8056,8061,8051,8051,244
2026-08-18 14:40:00+00:00,8051,8074,8046,8070,220
2026-08-18 14:45:00+00:00,8070,8075,8060,8068,121
2026-08-18 14:50:00+00:00,8068,8115,8066,8105,1197
2026-08-18 14:55:00+00:00,8111,8120,8088,8118,997
2026-08-18 15:00:00+00:00,8119,8121,8083,8092,969
2026-08-18 15:05:00+00:00,8092,8108,8090,8100,110
2026-08-18 15:10:00+00:00,8100,8100,8081,8092,162
2026-08-18 15:15:00+00:00,8095,8131,8095,8124,466
2026-08-18 15:20:00+00:00,8124,8144,8112,8141,365
2026-08-18 15:25:00+00:00,8142,8150,8131,8150,790
2026-08-18 15:30:00+00:00,8150,8166,8145,8165,1257
2026-08-18 15:35:00+00:00,8167,8170,8146,8149,323
2026-08-18 15:40:00+00:00,8149,8160,8135,8154,343
2026-08-18 15:45:00+00:00,8154,8158,8143,8146,100
2026-08-18 15:50:00+00:00,8145,8156,8132,8137,245
2026-08-18 15:55:00+00:00,8137,8145,8128,8144,134
2026-08-18 16:00:00+00:00,8144,8144,8119,8126,270
2026-08-18 16:05:00+00:00,8125,8125,8114,8123,98
2026-08-18 16:10:00+00:00,8123,8123,8107,8113,408
2026-08-18 16:15:00+00:00,8113,8124,8105,8107,229
2026-08-18 16:20:00+00:00,8107,8108,8092,8102,311
2026-08-18 16:25:00+00:00,8102,8118,8097,8115,197
2026-08-18 16:30:00+00:00,8118,8130,8114,8128,197
2026-08-18 16:35:00+00:00,8128,8133,8116,8118,145
2026-08-18 16:40:00+00:00,8118,8121,8105,8110,155
2026-08-18 16:45:00+00:00,8110,8110,8105,8109,51
2026-08-18 16:50:00+00:00,8109,8109,8084,8085,238
2026-08-18 16:55:00+00:00,8085,8095,8085,8095,120
2026-08-18 17:00:00+00:00,8095,8102,8090,8090,440
2026-08-18 17:05:00+00:00,8090,8096,8089,8091,111
2026-08-18 17:10:00+00:00,8091,8102,8088,8102,94
2026-08-18 17:15:00+00:00,8102,8109,8087,8091,102
2026-08-18 17:20:00+00:00,8091,8092,8080,8087,162
2026-08-18 17:25:00+00:00,8087,8100,8082,8093,333
2026-08-18 17:30:00+00:00,8093,8103,8084,8092,115
2026-08-18 17:35:00+00:00,8092,8095,8086,8086,94
2026-08-18 17:40:00+00:00,8086,8095,8086,8095,117
2026-08-18 17:45:00+00:00,8095,8095,8082,8088,164
2026-08-18 17:50:00+00:00,8085,8090,8082,8086,214
2026-08-18 17:55:00+00:00,8086,8090,8080,8081,291
2026-08-19 03:30:00+00:00,8142,8148,8133,8134,374
2026-08-19 03:35:00+00:00,8134,8138,8127,8129,121
2026-08-19 03:40:00+00:00,8129,8135,8124,8126,162
2026-08-19 03:45:00+00:00,8126,8138,8126,8137,70
2026-08-19 03:50:00+00:00,8137,8137,8130,8131,82
2026-08-19 03:55:00+00:00,8131,8133,8129,8130,89
2026-08-19 04:00:00+00:00,8130,8138,8130,8135,106
2026-08-19 04:05:00+00:00,8135,8146,8135,8146,103
2026-08-19 04:10:00+00:00,8146,8150,8139,8141,94
2026-08-19 04:15:00+00:00,8141,8141,8134,8139,39
2026-08-19 04:20:00+00:00,8139,8140,8127,8127,112
2026-08-19 04:25:00+00:00,8127,8134,8127,8130,38
2026-08-19 04:30:00+00:00,8130,8134,8127,8129,88
2026-08-19 04:35:00+00:00,8129,8133,8127,8131,29
2026-08-19 04:40:00+00:00,8131,8132,8127,8131,133
2026-08-19 04:45:00+00:00,8131,8131,8126,8129,20
2026-08-19 04:50:00+00:00,8129,8129,8124,8129,100
2026-08-19 04:55:00+00:00,8129,8129,8116,8119,84
2026-08-19 05:00:00+00:00,8119,8125,8115,8125,74
2026-08-19 05:05:00+00:00,8125,8125,8115,8118,48
2026-08-19 05:10:00+00:00,8118,8129,8115,8119,84
2026-08-19 05:15:00+00:00,8119,8119,8111,8116,142
2026-08-19 05:20:00+00:00,8116,8128,8116,8124,100
2026-08-19 05:25:00+00:00,8124,8131,8124,8126,37
2026-08-19 05:30:00+00:00,8126,8126,8114,8124,85
2026-08-19 05:35:00+00:00,8124,8129,8119,8126,26
2026-08-19 05:40:00+00:00,8126,8135,8126,8135,35
2026-08-19 05:45:00+00:00,8135,8137,8128,8129,63
2026-08-19 05:50:00+00:00,8129,8135,8124,8133,43
2026-08-19 05:55:00+00:00,8133,8140,8133,8136,59
2026-08-19 06:00:00+00:00,8136,8159,8135,8159,218
2026-08-19 06:05:00+00:00,8159,8159,8137,8148,201
2026-08-19 06:10:00+00:00,8148,8152,8139,8139,62
2026-08-19 06:15:00+00:00,8139,8139,8123,8131,166
2026-08-19 06:20:00+00:00,8131,8131,8118,8130,129
2026-08-19 06:25:00+00:00,8131,8131,8119,8119,50
2026-08-19 06:30:00+00:00,8119,8124,8107,8116,166
2026-08-19 06:35:00+00:00,8116,8133,8112,8132,67
2026-08-19 06:40:00+00:00,8133,8135,8115,8122,95
2026-08-19 06:45:00+00:00,8122,8133,8122,8124,18
2026-08-19 06:50:00+00:00,8124,8130,8122,8123,12
2026-08-19 06:55:00+00:00,8123,8127,8116,8118,57
2026-08-19 07:00:00+00:00,8118,8136,8118,8134,95
2026-08-19 07:05:00+00:00,8134,8144,8132,8135,87
2026-08-19 07:10:00+00:00,8135,8135,8129,8135,34
2026-08-19 07:15:00+00:00,8135,8145,8129,8145,122
2026-08-19 07:20:00+00:00,8145,8155,8122,8123,175
2026-08-19 07:25:00+00:00,8129,8129,8105,8111,217
2026-08-19 07:30:00+00:00,8111,8117,8100,8104,153
2026-08-19 07:35:00+00:00,8104,8112,8094,8099,240
2026-08-19 07:40:00+00:00,8099,8107,8099,8104,104
2026-08-19 07:45:00+00:00,8104,8120,8099,8120,97
2026-08-19 07:50:00+00:00,8120,8129,8110,8121,70
2026-08-19 07:55:00+00:00,8121,8131,8118,8130,77
2026-08-19 08:00:00+00:00,8130,8132,8115,8122,97
2026-08-19 08:05:00+00:00,8124,8128,8116,8121,50
2026-08-19 08:10:00+00:00,8121,8122,8115,8122,58
2026-08-19 08:15:00+00:00,8122,8125,8111,8125,28
2026-08-19 08:20:00+00:00,8125,8125,8110,8115,67
2026-08-19 08:25:00+00:00,8115,8115,8088,8091,953
2026-08-19 08:30:00+00:00,8087,8108,8087,8105,279
2026-08-19 08:35:00+00:00,8105,8107,8099,8102,67
2026-08-19 08:40:00+00:00,8102,8102,8099,8100,32
2026-08-19 08:45:00+00:00,8100,8119,8100,8118,142
2026-08-19 08:50:00+00:00,8118,8134,8115,8120,159
2026-08-19 08:55:00+00:00,8120,8162,8120,8158,712
2026-08-19 09:00:00+00:00,8158,8176,8142,8150,549
2026-08-19 09:05:00+00:00,8149,8185,8148,8184,580
2026-08-19 09:10:00+00:00,8186,8198,8174,8186,634
2026-08-19 09:15:00+00:00,8186,8193,8180,8184,297
2026-08-19 09:20:00+00:00,8184,8188,8158,8158,716
2026-08-19 09:25:00+00:00,8158,8163,8147,8150,298
2026-08-19 09:30:00+00:00,8150,8155,8132,8133,356
2026-08-19 09:35:00+00:00,8133,8150,8132,8150,138
2026-08-19 09:40:00+00:00,8150,8166,8150,8165,106
2026-08-19 09:45:00+00:00,8165,8165,8137,8137,126
2026-08-19 09:50:00+00:00,8137,8165,8137,8162,148
2026-08-19 09:55:00+00:00,8162,8165,8155,8165,70
2026-08-19 10:00:00+00:00,8161,8163,8154,8154,81
2026-08-19 10:05:00+00:00,8154,8163,8149,8152,55
2026-08-19 10:10:00+00:00,8152,8162,8146,8162,64
2026-08-19 10:15:00+00:00,8162,8165,8150,8156,119
2026-08-19 10:20:00+00:00,8156,8165,8153,8155,41
2026-08-19 10:25:00+00:00,8155,8173,8153,8172,135
2026-08-19 10:30:00+00:00,8172,8181,8171,8171,182
2026-08-19 10:35:00+00:00,8171,8180,8170,8170,129
2026-08-19 10:40:00+00:00,8170,8171,8159,8159,58
2026-08-19 10:45:00+00:00,8159,8159,8146,8146,92
2026-08-19 10:50:00+00:00,8146,8160,8146,8155,48
2026-08-19 10:55:00+00:00,8155,8159,8149,8149,44
2026-08-19 11:00:00+00:00,8149,8153,8139,8147,110
2026-08-19 11:05:00+00:00,8147,8159,8147,8158,74
2026-08-19 11:10:00+00:00,8158,8158,8142,8145,144
2026-08-19 11:15:00+00:00,8145,8148,8131,8134,200
2026-08-19 11:20:00+00:00,8134,8137,8122,8127,259
2026-08-19 11:25:00+00:00,8127,8135,8126,8129,149
2026-08-19 11:30:00+00:00,8129,8142,8129,8132,117
2026-08-19 11:35:00+00:00,8132,8153,8132,8147,351
2026-08-19 11:40:00+00:00,8147,8155,8141,8141,59
2026-08-19 11:45:00+00:00,8141,8146,8136,8139,42
2026-08-19 11:50:00+00:00,8139,8139,8120,8126,303
2026-08-19 11:55:00+00:00,8126,8127,8116,8126,199
2026-08-19 12:00:00+00:00,8126,8130,8121,8127,61
2026-08-19 12:05:00+00:00,8129,8135,8120,8126,191
2026-08-19 12:10:00+00:00,8126,8126,8112,8125,120
2026-08-19 12:15:00+00:00,8125,8130,8104,8104,187
2026-08-19 12:20:00+00:00,8104,8107,8088,8091,651
2026-08-19 12:25:00+00:00,8091,8103,8091,8102,141
2026-08-19 12:30:00+00:00,8101,8108,8070,8072,629
2026-08-19 12:35:00+00:00,8072,8080,8006,8009,1645
2026-08-19 12:40:00+00:00,8009,8054,8001,8048,1183
2026-08-19 12:45:00+00:00,8048,8059,8033,8034,438
2026-08-19 12:50:00+00:00,8034,8044,8019,8019,475
2026-08-19 12:55:00+00:00,8019,8049,8016,8047,377
2026-08-19 13:00:00+00:00,8049,8098,8048,8093,791
2026-08-19 13:05:00+00:00,8093,8096,8059,8067,505
2026-08-19 13:10:00+00:00,8067,8075,8063,8071,153
2026-08-19 13:15:00+00:00,8071,8072,8062,8068,234
2026-08-19 13:20:00+00:00,8068,8096,8067,8087,372
2026-08-19 13:25:00+00:00,8090,8096,8081,8088,496
2026-08-19 13:30:00+00:00,8086,8104,8078,8086,282
2026-08-19 13:35:00+00:00,8088,8091,8073,8075,220
2026-08-19 13:40:00+00:00,8078,8102,8077,8090,227
2026-08-19 13:45:00+00:00,8090,8105,8090,8103,277
2026-08-19 13:50:00+00:00,8103,8119,8103,8109,371
2026-08-19 13:55:00+00:00,8109,8116,8100,8102,254
2026-08-19 14:00:00+00:00,8102,8107,8089,8091,198
2026-08-19 14:05:00+00:00,8091,8129,8088,8114,366
2026-08-19 14:10:00+00:00,8114,8122,8102,8120,196
2026-08-19 14:15:00+00:00,8120,8122,8111,8111,125
2026-08-19 14:20:00+00:00,8111,8122,8110,8117,103
2026-08-19 14:25:00+00:00,8117,8127,8116,8126,119
2026-08-19 14:30:00+00:00,8126,8126,8100,8120,877
2026-08-19 14:35:00+00:00,8121,8139,8113,8115,474
2026-08-19 14:40:00+00:00,8115,8141,8113,8120,370
2026-08-19 14:45:00+00:00,8120,8139,8118,8134,165
2026-08-19 14:50:00+00:00,8134,8152,8134,8137,299
2026-08-19 14:55:00+00:00,8137,8142,8128,8128,140
2026-08-19 15:00:00+00:00,8129,8160,8125,8151,697
2026-08-19 15:05:00+00:00,8151,8169,8136,8165,374
2026-08-19 15:10:00+00:00,8167,8168,8147,8156,354
2026-08-19 15:15:00+00:00,8155,8179,8155,8167,472
2026-08-19 15:20:00+00:00,8167,8183,8161,8174,570
2026-08-19 15:25:00+00:00,8173,8184,8170,8171,320
2026-08-19 15:30:00+00:00,8175,8179,8160,8167,328
2026-08-19 15:35:00+00:00,8167,8173,8160,8172,196
2026-08-19 15:40:00+00:00,8172,8174,8155,8157,192
2026-08-19 15:45:00+00:00,8157,8166,8139,8163,326
2026-08-19 15:50:00+00:00,8165,8167,8153,8156,266
2026-08-19 15:55:00+00:00,8156,8160,8154,8159,89
2026-08-19 16:00:00+00:00,8159,8185,8159,8172,340
2026-08-19 16:05:00+00:00,8172,8184,8172,8175,236
2026-08-19 16:10:00+00:00,8175,8185,8166,8182,345
2026-08-19 16:15:00+00:00,8182,8185,8179,8182,82
2026-08-19 16:20:00+00:00,8182,8187,8165,8167,262
2026-08-19 16:25:00+00:00,8167,8168,8160,8166,79
2026-08-19 16:30:00+00:00,8167,8178,8160,8173,186
2026-08-19 16:35:00+00:00,8173,8184,8171,8182,138
2026-08-19 16:40:00+00:00,8182,8187,8167,8175,154
2026-08-19 16:45:00+00:00,8175,8181,8170,8177,360
2026-08-19 16:50:00+00:00,8177,8187,8174,8183,332
2026-08-19 16:55:00+00:00,8183,8195,8174,8191,703
2026-08-19 17:00:00+00:00,8191,8196,8185,8193,150
2026-08-19 17:05:00+00:00,8193,8205,8190,8205,421
2026-08-19 17:10:00+00:00,8205,8216,8194,8196,727
2026-08-19 17:15:00+00:00,8196,8205,8187,8190,269
2026-08-19 17:20:00+00:00,8191,8199,8178,8179,293
2026-08-19 17:25:00+00:00,8181,8181,8170,8174,256
2026-08-19 17:30:00+00:00,8173,8182,8157,8165,470
2026-08-19 17:35:00+00:00,8165,8172,8160,8161,159
2026-08-19 17:40:00+00:00,8161,8162,8133,8142,607
2026-08-19 17:45:00+00:00,8145,8156,8144,8151,290
2026-08-19 17:50:00+00:00,8152,8154,8146,8148,200
2026-08-19 17:55:00+00:00,8146,8158,8143,8155,455
2026-08-20 03:30:00+00:00,8081,8096,8076,8092,816
2026-08-20 03:35:00+00:00,8092,8099,8092,8096,222
2026-08-20 03:40:00+00:00,8096,8100,8091,8100,101
2026-08-20 03:45:00+00:00,8100,8110,8098,8102,114
2026-08-20 03:50:00+00:00,8102,8107,8101,8103,102
2026-08-20 03:55:00+00:00,8103,8107,8094,8094,130
2026-08-20 04:00:00+00:00,8094,8099,8091,8099,84
2026-08-20 04:05:00+00:00,8099,8104,8098,8103,69
2026-08-20 04:10:00+00:00,8104,8107,8102,8105,76
2026-08-20 04:15:00+00:00,8105,8107,8103,8103,28
2026-08-20 04:20:00+00:00,8103,8110,8102,8110,61
2026-08-20 04:25:00+00:00,8110,8116,8106,8109,84
2026-08-20 04:30:00+00:00,8109,8114,8106,8111,146
2026-08-20 04:35:00+00:00,8111,8112,8102,8105,45
2026-08-20 04:40:00+00:00,8105,8109,8102,8108,20
2026-08-20 04:45:00+00:00,8108,8108,8092,8093,181
2026-08-20 04:50:00+00:00,8093,8094,8085,8089,104
2026-08-20 04:55:00+00:00,8090,8096,8090,8095,51
2026-08-20 05:00:00+00:00,8095,8097,8090,8091,46
2026-08-20 05:05:00+00:00,8091,8094,8090,8094,14
2026-08-20 05:10:00+00:00,8094,8094,8088,8088,48
2026-08-20 05:15:00+00:00,8088,8090,8083,8087,116
2026-08-20 05:20:00+00:00,8087,8098,8087,8093,43
2026-08-20 05:25:00+00:00,8093,8097,8085,8085,134
2026-08-20 05:30:00+00:00,8085,8097,8083,8088,96
2026-08-20 05:35:00+00:00,8088,8094,8085,8094,35
2026-08-20 05:40:00+00:00,8094,8104,8094,8102,106
2026-08-20 05:45:00+00:00,8102,8112,8102,8111,87
2026-08-20 05:50:00+00:00,8111,8118,8106,8110,117
2026-08-20 05:55:00+00:00,8110,8113,8100,8101,53
2026-08-20 06:00:00+00:00,8101,8107,8093,8100,69
2026-08-20 06:05:00+00:00,8100,8100,8093,8100,31
2026-08-20 06:10:00+00:00,8100,8101,8091,8101,34
2026-08-20 06:15:00+00:00,8101,8109,8095,8108,56
2026-08-20 06:20:00+00:00,8108,8113,8104,8105,52
2026-08-20 06:25:00+00:00,8105,8116,8105,8116,40
2026-08-20 06:30:00+00:00,8117,8121,8110,8110,62
2026-08-20 06:35:00+00:00,8110,8130,8109,8129,136
2026-08-20 06:40:00+00:00,8129,8130,8121,8122,101
2026-08-20 06:45:00+00:00,8122,8134,8122,8133,55
2026-08-20 06:50:00+00:00,8132,8134,8127,8131,75
2026-08-20 06:55:00+00:00,8131,8140,8131,8140,94
2026-08-20 07:00:00+00:00,8140,8163,8140,8157,368
2026-08-20 07:05:00+00:00,8157,8159,8151,8156,125
2026-08-20 07:10:00+00:00,8156,8166,8149,8166,188
2026-08-20 07:15:00+00:00,8166,8187,8159,8186,450
2026-08-20 07:20:00+00:00,8186,8199,8182,8190,307
2026-08-20 07:25:00+00:00,8190,8205,8190,8203,265
2026-08-20 07:30:00+00:00,8203,8234,8201,8206,802
2026-08-20 07:35:00+00:00,8206,8215,8195,8211,241
2026-08-20 07:40:00+00:00,8211,8223,8207,8215,170
2026-08-20 07:45:00+00:00,8215,8217,8203,8212,231
2026-08-20 07:50:00+00:00,8214,8222,8209,8214,201
2026-08-20 07:55:00+00:00,8215,8220,8205,8206,185
2026-08-20 08:00:00+00:00,8206,8206,8173,8183,433
2026-08-20 08:05:00+00:00,8185,8205,8185,8200,156
2026-08-20 08:10:00+00:00,8200,8201,8195,8200,115
2026-08-20 08:15:00+00:00,8200,8239,8199,8239,336
2026-08-20 08:20:00+00:00,8240,8248,8221,8247,272
2026-08-20 08:25:00+00:00,8247,8264,8239,8256,485
2026-08-20 08:30:00+00:00,8254,8278,8254,8269,560
2026-08-20 08:35:00+00:00,8270,8279,8260,8261,231
2026-08-20 08:40:00+00:00,8261,8277,8251,8274,294
2026-08-20 08:45:00+00:00,8274,8287,8269,8270,317
2026-08-20 08:50:00+00:00,8270,8280,8270,8271,250
2026-08-20 08:55:00+00:00,8271,8282,8267,8278,168
2026-08-20 09:00:00+00:00,8278,8285,8269,8274,219
2026-08-20 09:05:00+00:00,8274,8291,8272,8279,277
2026-08-20 09:10:00+00:00,8279,8298,8279,8294,309
2026-08-20 09:15:00+00:00,8294,8299,8282,8289,215
2026-08-20 09:20:00+00:00,8289,8294,8283,8290,199
2026-08-20 09:25:00+00:00,8290,8298,8281,8298,193
2026-08-20 09:30:00+00:00,8298,8305,8287,8288,256
2026-08-20 09:35:00+00:00,8288,8298,8273,8274,221
2026-08-20 09:40:00+00:00,8274,8288,8268,8269,181
2026-08-20 09:45:00+00:00,8269,8297,8268,8295,354
2026-08-20 09:50:00+00:00,8295,8317,8295,8307,387
2026-08-20 09:55:00+00:00,8307,8324,8307,8318,195
2026-08-20 10:00:00+00:00,8318,8324,8290,8297,356
2026-08-20 10:05:00+00:00,8299,8304,8286,8304,150
2026-08-20 10:10:00+00:00,8301,8311,8301,8305,221
2026-08-20 10:15:00+00:00,8305,8310,8296,8303,163
2026-08-20 10:20:00+00:00,8303,8303,8294,8298,171
2026-08-20 10:25:00+00:00,8298,8304,8292,8294,700
2026-08-20 10:30:00+00:00,8295,8306,8295,8300,128
2026-08-20 10:35:00+00:00,8300,8304,8285,8301,558
2026-08-20 10:40:00+00:00,8301,8308,8295,8299,268
2026-08-20 10:45:00+00:00,8299,8313,8298,8303,604
2026-08-20 10:50:00+00:00,8303,8307,8302,8305,74
2026-08-20 10:55:00+00:00,8305,8308,8298,8308,354
2026-08-20 11:00:00+00:00,8308,8319,8305,8318,236
2026-08-20 11:05:00+00:00,8318,8332,8318,8325,350
2026-08-20 11:10:00+00:00,8325,8332,8320,8328,156
2026-08-20 11:15:00+00:00,8328,8338,8325,8338,471
2026-08-20 11:20:00+00:00,8339,8346,8335,8338,423
2026-08-20 11:25:00+00:00,8338,8345,8335,8344,188
2026-08-20 11:30:00+00:00,8344,8354,8343,8350,382
2026-08-20 11:35:00+00:00,8350,8362,8350,8350,229
2026-08-20 11:40:00+00:00,8350,8355,8346,8348,188
2026-08-20 11:45:00+00:00,8348,8355,8335,8350,257
2026-08-20 11:50:00+00:00,8354,8363,8350,8350,468
2026-08-20 11:55:00+00:00,8350,8362,8350,8360,115
2026-08-20 12:00:00+00:00,8360,8368,8357,8365,343
2026-08-20 12:05:00+00:00,8365,8372,8356,8366,382
2026-08-20 12:10:00+00:00,8366,8387,8363,8383,575
2026-08-20 12:15:00+00:00,8383,8399,8381,8397,467
2026-08-20 12:20:00+00:00,8399,8404,8377,8380,782
2026-08-20 12:25:00+00:00,8381,8397,8378,8393,347
2026-08-20 12:30:00+00:00,8394,8396,8383,8387,250
2026-08-20 12:35:00+00:00,8390,8390,8375,8376,740
2026-08-20 12:40:00+00:00,8376,8376,8337,8351,726
2026-08-20 12:45:00+00:00,8351,8354,8319,8321,983
2026-08-20 12:50:00+00:00,8322,8330,8312,8328,605
2026-08-20 12:55:00+00:00,8329,8331,8312,8312,445
2026-08-20 13:00:00+00:00,8311,8329,8311,8314,512
2026-08-20 13:05:00+00:00,8311,8315,8294,8296,861
2026-08-20 13:10:00+00:00,8296,8315,8292,8306,424
2026-08-20 13:15:00+00:00,8305,8315,8285,8289,868
2026-08-20 13:20:00+00:00,8292,8303,8277,8299,690
2026-08-20 13:25:00+00:00,8299,8318,8299,8312,559
2026-08-20 13:30:00+00:00,8312,8342,8308,8322,830
2026-08-20 13:35:00+00:00,8322,8325,8299,8305,535
2026-08-20 13:40:00+00:00,8305,8318,8304,8305,168
2026-08-20 13:45:00+00:00,8305,8305,8276,8281,860
2026-08-20 13:50:00+00:00,8282,8289,8277,8281,839
2026-08-20 13:55:00+00:00,8281,8296,8281,8296,343
2026-08-20 14:00:00+00:00,8296,8313,8286,8308,482
2026-08-20 14:05:00+00:00,8308,8321,8306,8310,257
2026-08-20 14:10:00+00:00,8310,8310,8283,8292,268
2026-08-20 14:15:00+00:00,8292,8294,8256,8260,1063
2026-08-20 14:20:00+00:00,8260,8263,8220,8235,973
2026-08-20 14:25:00+00:00,8236,8245,8230,8240,425
2026-08-20 14:30:00+00:00,8240,8257,8240,8256,365
2026-08-20 14:35:00+00:00,8256,8256,8237,8240,431
2026-08-20 14:40:00+00:00,8240,8268,8240,8260,345
2026-08-20 14:45:00+00:00,8260,8269,8252,8268,290
2026-08-20 14:50:00+00:00,8268,8272,8252,8257,258
2026-08-20 14:55:00+00:00,8257,8261,8243,8250,1253
2026-08-20 15:00:00+00:00,8250,8268,8243,8261,1308
2026-08-20 15:05:00+00:00,8261,8283,8244,8247,1469
2026-08-20 15:10:00+00:00,8250,8278,8226,8266,636
2026-08-20 15:15:00+00:00,8269,8282,8269,8272,547
2026-08-20 15:20:00+00:00,8272,8289,8270,8288,161
2026-08-20 15:25:00+00:00,8288,8303,8281,8293,467
2026-08-20 15:30:00+00:00,8296,8309,8282,8300,389
2026-08-20 15:35:00+00:00,8300,8315,8300,8309,260
2026-08-20 15:40:00+00:00,8309,8327,8309,8320,436
2026-08-20 15:45:00+00:00,8320,8323,8301,8301,245
2026-08-20 15:50:00+00:00,8301,8311,8301,8307,115
2026-08-20 15:55:00+00:00,8307,8308,8290,8292,395
2026-08-20 16:00:00+00:00,8292,8299,8277,8291,522
2026-08-20 16:05:00+00:00,8290,8317,8287,8315,272
2026-08-20 16:10:00+00:00,8312,8316,8303,8307,172
2026-08-20 16:15:00+00:00,8307,8307,8296,8298,63
2026-08-20 16:20:00+00:00,8298,8314,8298,8310,84
2026-08-20 16:25:00+00:00,8310,8312,8290,8290,90
2026-08-20 16:30:00+00:00,8290,8311,8286,8290,173
2026-08-20 16:35:00+00:00,8290,8294,8287,8291,92
2026-08-20 16:40:00+00:00,8291,8295,8281,8284,137
2026-08-20 16:45:00+00:00,8282,8287,8266,8269,238
2026-08-20 16:50:00+00:00,8269,8278,8264,8266,306
2026-08-20 16:55:00+00:00,8266,8266,8253,8260,311
2026-08-20 17:00:00+00:00,8260,8260,8237,8251,440
2026-08-20 17:05:00+00:00,8251,8277,8250,8274,375
2026-08-20 17:10:00+00:00,8274,8284,8266,8279,183
2026-08-20 17:15:00+00:00,8279,8293,8272,8293,166
2026-08-20 17:20:00+00:00,8293,8293,8281,8282,68
2026-08-20 17:25:00+00:00,8282,8297,8282,8294,149
2026-08-20 17:30:00+00:00,8294,8305,8294,8305,192
2026-08-20 17:35:00+00:00,8308,8316,8301,8307,234
2026-08-20 17:40:00+00:00,8307,8313,8302,8303,144
2026-08-20 17:45:00+00:00,8303,8312,8303,8312,269
2026-08-20 17:50:00+00:00,8312,8314,8299,8300,498
2026-08-20 17:55:00+00:00,8300,8305,8295,8300,416
2026-08-21 03:30:00+00:00,8277,8289,8270,8287,189
2026-08-21 03:35:00+00:00,8287,8293,8287,8289,102
2026-08-21 03:40:00+00:00,8289,8297,8288,8297,127
2026-08-21 03:45:00+00:00,8297,8300,8293,8300,134
2026-08-21 03:50:00+00:00,8300,8304,8296,8297,113
2026-08-21 03:55:00+00:00,8297,8297,8287,8290,118
2026-08-21 04:00:00+00:00,8290,8295,8282,8283,84
2026-08-21 04:05:00+00:00,8283,8288,8280,8288,112
2026-08-21 04:10:00+00:00,8288,8292,8287,8288,49
2026-08-21 04:15:00+00:00,8288,8291,8284,8286,59
2026-08-21 04:20:00+00:00,8286,8291,8286,8290,44
2026-08-21 04:25:00+00:00,8290,8295,8290,8292,25
2026-08-21 04:30:00+00:00,8292,8296,8291,8294,163
2026-08-21 04:35:00+00:00,8294,8297,8290,8297,18
2026-08-21 04:40:00+00:00,8297,8297,8288,8288,35
2026-08-21 04:45:00+00:00,8288,8289,8284,8284,27
2026-08-21 04:50:00+00:00,8284,8284,8275,8276,291
2026-08-21 04:55:00+00:00,8276,8279,8263,8263,169
2026-08-21 05:00:00+00:00,8263,8267,8257,8259,151
2026-08-21 05:05:00+00:00,8259,8263,8256,8261,73
2026-08-21 05:10:00+00:00,8261,8269,8260,8269,111
2026-08-21 05:15:00+00:00,8269,8275,8268,8274,106
2026-08-21 05:20:00+00:00,8274,8277,8270,8274,115
2026-08-21 05:25:00+00:00,8274,8292,8274,8292,93
2026-08-21 05:30:00+00:00,8292,8295,8281,8287,94
2026-08-21 05:35:00+00:00,8287,8287,8277,8280,46
2026-08-21 05:40:00+00:00,8280,8289,8276,8288,27
2026-08-21 05:45:00+00:00,8288,8290,8278,8290,55
2026-08-21 05:50:00+00:00,8290,8290,8269,8269,49
2026-08-21 05:55:00+00:00,8269,8269,8259,8263,167
2026-08-21 06:00:00+00:00,8263,8271,8256,8268,65
2026-08-21 06:05:00+00:00,8268,8275,8260,8266,65
2026-08-21 06:10:00+00:00,8266,8277,8259,8265,63
2026-08-21 06:15:00+00:00,8265,8268,8260,8267,64
2026-08-21 06:20:00+00:00,8267,8273,8266,8270,24
2026-08-21 06:25:00+00:00,8270,8285,8270,8281,92
2026-08-21 06:30:00+00:00,8281,8285,8274,8279,42
2026-08-21 06:35:00+00:00,8279,8280,8272,8276,38
2026-08-21 06:40:00+00:00,8276,8284,8273,8283,32
2026-08-21 06:45:00+00:00,8283,8283,8271,8271,18
2026-08-21 06:50:00+00:00,8271,8292,8271,8284,80
2026-08-21 06:55:00+00:00,8284,8284,8272,8272,38
2026-08-21 07:00:00+00:00,8272,8284,8256,8257,125
2026-08-21 07:05:00+00:00,8257,8280,8256,8280,112
2026-08-21 07:10:00+00:00,8280,8284,8258,8259,97
2026-08-21 07:15:00+00:00,8256,8275,8256,8275,112
2026-08-21 07:20:00+00:00,8275,8275,8262,8266,32
2026-08-21 07:25:00+00:00,8266,8282,8266,8282,46
2026-08-21 07:30:00+00:00,8284,8284,8270,8270,57
2026-08-21 07:35:00+00:00,8270,8285,8270,8275,25
2026-08-21 07:40:00+00:00,8275,8281,8270,8281,21
2026-08-21 07:45:00+00:00,8281,8283,8260,8266,244
2026-08-21 07:50:00+00:00,8266,8275,8264,8274,43
2026-08-21 07:55:00+00:00,8274,8287,8274,8279,112
2026-08-21 08:00:00+00:00,8276,8312,8276,8301,412
2026-08-21 08:05:00+00:00,8300,8334,8296,8308,517
2026-08-21 08:10:00+00:00,8308,8310,8292,8296,173
2026-08-21 08:15:00+00:00,8296,8305,8274,8275,196
2026-08-21 08:20:00+00:00,8274,8286,8270,8270,152
2026-08-21 08:25:00+00:00,8270,8270,8247,8257,418
2026-08-21 08:30:00+00:00,8257,8280,8250,8275,165
2026-08-21 08:35:00+00:00,8275,8275,8253,8265,143
2026-08-21 08:40:00+00:00,8267,8267,8241,8256,189
2026-08-21 08:45:00+00:00,8256,8261,8250,8252,78
2026-08-21 08:50:00+00:00,8252,8255,8241,8255,87
2026-08-21 08:55:00+00:00,8255,8257,8235,8238,189
2026-08-21 09:00:00+00:00,8239,8241,8223,8227,318
2026-08-21 09:05:00+00:00,8227,8243,8227,8237,148
2026-08-21 09:10:00+00:00,8237,8257,8236,8251,188
2026-08-21 09:15:00+00:00,8251,8265,8251,8260,119
2026-08-21 09:20:00+00:00,8260,8268,8256,8265,130
2026-08-21 09:25:00+00:00,8265,8268,8260,8266,100
2026-08-21 09:30:00+00:00,8266,8273,8249,8272,194
2026-08-21 09:35:00+00:00,8272,8283,8267,8272,199
2026-08-21 09:40:00+00:00,8272,8280,8267,8279,95
2026-08-21 09:45:00+00:00,8279,8288,8277,8286,129
2026-08-21 09:50:00+00:00,8286,8300,8282,8294,298
2026-08-21 09:55:00+00:00,8294,8296,8282,8296,198
2026-08-21 10:00:00+00:00,8296,8336,8296,8333,564
2026-08-21 10:05:00+00:00,8336,8378,8332,8354,1134
2026-08-21 10:10:00+00:00,8355,8386,8354,8366,572
2026-08-21 10:15:00+00:00,8366,8371,8343,8360,497
2026-08-21 10:20:00+00:00,8359,8369,8339,8341,267
2026-08-21 10:25:00+00:00,8341,8343,8304,8304,504
2026-08-21 10:30:00+00:00,8304,8329,8304,8326,304
2026-08-21 10:35:00+00:00,8326,8327,8310,8319,136
2026-08-21 10:40:00+00:00,8319,8323,8314,8321,63
2026-08-21 10:45:00+00:00,8321,8336,8318,8335,162
2026-08-21 10:50:00+00:00,8335,8347,8332,8340,189
2026-08-21 10:55:00+00:00,8340,8357,8340,8345,154
2026-08-21 11:00:00+00:00,8345,8354,8337,8350,190
2026-08-21 11:05:00+00:00,8350,8359,8347,8357,119
2026-08-21 11:10:00+00:00,8357,8357,8344,8356,103
2026-08-21 11:15:00+00:00,8356,8362,8349,8352,123
2026-08-21 11:20:00+00:00,8352,8352,8283,8285,1433
2026-08-21 11:25:00+00:00,8288,8300,8274,8280,686
2026-08-21 11:30:00+00:00,8282,8289,8270,8271,475
2026-08-21 11:35:00+00:00,8269,8278,8252,8275,480
2026-08-21 11:40:00+00:00,8275,8293,8273,8284,234
2026-08-21 11:45:00+00:00,8284,8300,8280,8300,171
2026-08-21 11:50:00+00:00,8300,8320,8300,8315,291
2026-08-21 11:55:00+00:00,8317,8330,8315,8328,259
2026-08-21 12:00:00+00:00,8329,8335,8321,8325,234
2026-08-21 12:05:00+00:00,8325,8325,8309,8319,331
2026-08-21 12:10:00+00:00,8319,8343,8319,8341,280
2026-08-21 12:15:00+00:00,8341,8348,8333,8335,181
2026-08-21 12:20:00+00:00,8335,8362,8335,8350,572
2026-08-21 12:25:00+00:00,8352,8354,8332,8333,219
2026-08-21 12:30:00+00:00,8335,8335,8323,8325,220
2026-08-21 12:35:00+00:00,8325,8334,8318,8326,174
2026-08-21 12:40:00+00:00,8326,8333,8307,8317,169
2026-08-21 12:45:00+00:00,8317,8336,8314,8331,181
2026-08-21 12:50:00+00:00,8331,8347,8331,8342,309
2026-08-21 12:55:00+00:00,8341,8341,8318,8321,220
2026-08-21 13:00:00+00:00,8315,8320,8296,8304,590
2026-08-21 13:05:00+00:00,8304,8331,8300,8316,587
2026-08-21 13:10:00+00:00,8313,8315,8305,8315,90
2026-08-21 13:15:00+00:00,8315,8342,8308,8314,225
2026-08-21 13:20:00+00:00,8314,8334,8307,8332,191
2026-08-21 13:25:00+00:00,8332,8332,8318,8324,102
2026-08-21 13:30:00+00:00,8322,8340,8303,8332,408
2026-08-21 13:35:00+00:00,8332,8343,8311,8315,257
2026-08-21 13:40:00+00:00,8315,8326,8311,8311,132
2026-08-21 13:45:00+00:00,8311,8312,8292,8297,467
2026-08-21 13:50:00+00:00,8297,8299,8288,8293,313
2026-08-21 13:55:00+00:00,8293,8295,8281,8286,286
2026-08-21 14:00:00+00:00,8286,8287,8269,8276,344
2026-08-21 14:05:00+00:00,8276,8283,8271,8278,316
2026-08-21 14:10:00+00:00,8278,8299,8278,8299,227
2026-08-21 14:15:00+00:00,8299,8303,8264,8271,451
2026-08-21 14:20:00+00:00,8271,8286,8271,8276,130
2026-08-21 14:25:00+00:00,8276,8286,8274,8279,94
2026-08-21 14:30:00+00:00,8279,8312,8277,8311,298
2026-08-21 14:35:00+00:00,8313,8313,8276,8289,377
2026-08-21 14:40:00+00:00,8289,8289,8272,8282,291
2026-08-21 14:45:00+00:00,8282,8290,8281,8286,55
2026-08-21 14:50:00+00:00,8286,8304,8275,8297,292
2026-08-21 14:55:00+00:00,8297,8302,8290,8290,101
2026-08-21 15:00:00+00:00,8290,8293,8266,8274,316
2026-08-21 15:05:00+00:00,8273,8276,8256,8270,411
2026-08-21 15:10:00+00:00,8270,8304,8268,8301,290
2026-08-21 15:15:00+00:00,8301,8318,8288,8315,271
2026-08-21 15:20:00+00:00,8315,8320,8303,8305,386
2026-08-21 15:25:00+00:00,8305,8305,8280,8283,358
2026-08-21 15:30:00+00:00,8279,8307,8278,8300,222
2026-08-21 15:35:00+00:00,8300,8323,8295,8316,209
2026-08-21 15:40:00+00:00,8316,8336,8312,8317,550
2026-08-21 15:45:00+00:00,8314,8317,8305,8310,169
2026-08-21 15:50:00+00:00,8310,8325,8302,8305,434
2026-08-21 15:55:00+00:00,8305,8319,8305,8313,96
2026-08-21 16:00:00+00:00,8313,8322,8307,8317,159
2026-08-21 16:05:00+00:00,8317,8330,8317,8323,199
2026-08-21 16:10:00+00:00,8323,8323,8313,8319,88
2026-08-21 16:15:00+00:00,8319,8326,8315,8322,165
2026-08-21 16:20:00+00:00,8322,8330,8288,8301,2944
2026-08-21 16:25:00+00:00,8301,8301,8291,8295,156
2026-08-21 16:30:00+00:00,8295,8300,8290,8298,247
2026-08-21 16:35:00+00:00,8298,8317,8295,8317,96
2026-08-21 16:40:00+00:00,8317,8325,8314,8316,173
2026-08-21 16:45:00+00:00,8316,8324,8309,8310,93
2026-08-21 16:50:00+00:00,8310,8318,8302,8315,94
2026-08-21 16:55:00+00:00,8315,8323,8315,8322,131
2026-08-21 17:00:00+00:00,8322,8333,8319,8321,371
2026-08-21 17:05:00+00:00,8319,8339,8319,8331,373
2026-08-21 17:10:00+00:00,8331,8347,8324,8340,483
2026-08-21 17:15:00+00:00,8340,8348,8335,8341,241
2026-08-21 17:20:00+00:00,8341,8348,8329,8343,296
2026-08-21 17:25:00+00:00,8344,8353,8340,8353,399
2026-08-21 17:30:00+00:00,8350,8371,8350,8361,571
2026-08-21 17:35:00+00:00,8361,8363,8350,8360,309
2026-08-21 17:40:00+00:00,8360,8362,8346,8346,262
2026-08-21 17:45:00+00:00,8345,8360,8345,8356,348
2026-08-21 17:50:00+00:00,8357,8361,8352,8360,622
2026-08-21 17:55:00+00:00,8362,8370,8356,8363,736
2026-08-24 03:30:00+00:00,8210,8222,8203,8214,1002
2026-08-24 03:35:00+00:00,8214,8219,8211,8212,437
2026-08-24 03:40:00+00:00,8212,8216,8209,8211,318
2026-08-24 03:45:00+00:00,8211,8212,8202,8207,299
2026-08-24 03:50:00+00:00,8207,8210,8199,8204,230
2026-08-24 03:55:00+00:00,8204,8207,8200,8205,221
2026-08-24 04:00:00+00:00,8205,8217,8205,8214,247
2026-08-24 04:05:00+00:00,8215,8216,8209,8212,146
2026-08-24 04:10:00+00:00,8212,8212,8205,8205,81
2026-08-24 04:15:00+00:00,8205,8207,8203,8206,86
2026-08-24 04:20:00+00:00,8206,8209,8204,8205,80
2026-08-24 04:25:00+00:00,8205,8208,8198,8206,398
2026-08-24 04:30:00+00:00,8205,8206,8201,8203,166
2026-08-24 04:35:00+00:00,8203,8212,8199,8211,130
2026-08-24 04:40:00+00:00,8211,8213,8203,8205,68
2026-08-24 04:45:00+00:00,8205,8217,8205,8215,67
2026-08-24 04:50:00+00:00,8215,8226,8211,8211,261
2026-08-24 04:55:00+00:00,8210,8212,8206,8206,67
2026-08-24 05:00:00+00:00,8207,8215,8203,8212,178
2026-08-24 05:05:00+00:00,8212,8212,8205,8205,20
2026-08-24 05:10:00+00:00,8205,8211,8205,8211,27
2026-08-24 05:15:00+00:00,8211,8213,8204,8206,41
2026-08-24 05:20:00+00:00,8206,8209,8200,8205,73
2026-08-24 05:25:00+00:00,8207,8207,8200,8205,94
2026-08-24 05:30:00+00:00,8205,8213,8191,8202,504
2026-08-24 05:35:00+00:00,8202,8207,8197,8207,59
2026-08-24 05:40:00+00:00,8204,8218,8200,8218,235
2026-08-24 05:45:00+00:00,8219,8220,8209,8209,169
2026-08-24 05:50:00+00:00,8209,8216,8209,8214,53
2026-08-24 05:55:00+00:00,8214,8218,8202,8205,121
2026-08-24 06:00:00+00:00,8203,8210,8194,8194,72
2026-08-24 06:05:00+00:00,8195,8198,8180,8192,350
2026-08-24 06:10:00+00:00,8192,8194,8178,8179,84
2026-08-24 06:15:00+00:00,8177,8183,8171,8181,159
2026-08-24 06:20:00+00:00,8181,8186,8177,8179,110
2026-08-24 06:25:00+00:00,8179,8194,8179,8194,87
2026-08-24 06:30:00+00:00,8194,8195,8172,8178,107
2026-08-24 06:35:00+00:00,8178,8179,8166,8171,110
2026-08-24 06:40:00+00:00,8170,8177,8163,8174,107
2026-08-24 06:45:00+00:00,8174,8187,8174,8179,99
2026-08-24 06:50:00+00:00,8179,8181,8168,8172,154
2026-08-24 06:55:00+00:00,8175,8178,8168,8168,79
2026-08-24 07:00:00+00:00,8168,8176,8160,8162,122
2026-08-24 07:05:00+00:00,8163,8170,8153,8157,119
2026-08-24 07:10:00+00:00,8157,8168,8154,8168,158
2026-08-24 07:15:00+00:00,8168,8174,8166,8172,64
2026-08-24 07:20:00+00:00,8172,8172,8160,8168,52
2026-08-24 07:25:00+00:00,8168,8184,8168,8176,81
2026-08-24 07:30:00+00:00,8176,8183,8156,8164,132
2026-08-24 07:35:00+00:00,8163,8181,8156,8178,120
2026-08-24 07:40:00+00:00,8178,8215,8178,8200,388
2026-08-24 07:45:00+00:00,8200,8220,8194,8219,133
2026-08-24 07:50:00+00:00,8219,8219,8187,8192,123
2026-08-24 07:55:00+00:00,8192,8212,8192,8212,88
2026-08-24 08:00:00+00:00,8211,8211,8183,8188,79
2026-08-24 08:05:00+00:00,8189,8212,8189,8211,226
2026-08-24 08:10:00+00:00,8211,8225,8192,8199,201
2026-08-24 08:15:00+00:00,8199,8213,8188,8188,110
2026-08-24 08:20:00+00:00,8188,8208,8188,8205,55
2026-08-24 08:25:00+00:00,8205,8219,8195,8195,157
2026-08-24 08:30:00+00:00,8203,8205,8188,8199,114
2026-08-24 08:35:00+00:00,8199,8203,8187,8187,53
2026-08-24 08:40:00+00:00,8186,8187,8163,8169,240
2026-08-24 08:45:00+00:00,8169,8180,8147,8152,326
2026-08-24 08:50:00+00:00,8153,8158,8130,8133,332
2026-08-24 08:55:00+00:00,8133,8150,8125,8150,228
2026-08-24 09:00:00+00:00,8148,8150,8130,8145,228
2026-08-24 09:05:00+00:00,8145,8145,8135,8140,116
2026-08-24 09:10:00+00:00,8140,8160,8140,8158,137
2026-08-24 09:15:00+00:00,8158,8185,8154,8184,202
2026-08-24 09:20:00+00:00,8184,8189,8176,8189,108
2026-08-24 09:25:00+00:00,8189,8195,8180,8184,87
2026-08-24 09:30:00+00:00,8184,8187,8175,8177,99
2026-08-24 09:35:00+00:00,8178,8178,8157,8164,267
2026-08-24 09:40:00+00:00,8164,8180,8164,8179,61
2026-08-24 09:45:00+00:00,8179,8179,8152,8160,110
2026-08-24 09:50:00+00:00,8160,8168,8158,8160,38
2026-08-24 09:55:00+00:00,8160,8166,8148,8166,102
2026-08-24 10:00:00+00:00,8165,8172,8154,8161,114
2026-08-24 10:05:00+00:00,8161,8161,8148,8152,82
2026-08-24 10:10:00+00:00,8153,8160,8152,8159,83
2026-08-24 10:15:00+00:00,8159,8159,8150,8153,301
2026-08-24 10:20:00+00:00,8155,8156,8142,8152,142
2026-08-24 10:25:00+00:00,8152,8158,8141,8145,317
2026-08-24 10:30:00+00:00,8145,8150,8137,8147,389
2026-08-24 10:35:00+00:00,8147,8153,8145,8145,72
2026-08-24 10:40:00+00:00,8145,8168,8143,8166,110
2026-08-24 10:45:00+00:00,8166,8174,8165,8170,114
2026-08-24 10:50:00+00:00,8170,8174,8161,8172,105
2026-08-24 10:55:00+00:00,8172,8184,8165,8182,163
2026-08-24 11:00:00+00:00,8182,8189,8158,8169,327
2026-08-24 11:05:00+00:00,8169,8169,8163,8168,48
2026-08-24 11:10:00+00:00,8168,8175,8166,8170,39
2026-08-24 11:15:00+00:00,8170,8180,8166,8180,104
2026-08-24 11:20:00+00:00,8180,8190,8178,8188,112
2026-08-24 11:25:00+00:00,8188,8199,8187,8192,251
2026-08-24 11:30:00+00:00,8192,8202,8168,8175,515
2026-08-24 11:35:00+00:00,8175,8175,8155,8161,243
2026-08-24 11:40:00+00:00,8161,8169,8151,8162,212
2026-08-24 11:45:00+00:00,8162,8171,8154,8171,209
2026-08-24 11:50:00+00:00,8170,8180,8170,8176,103
2026-08-24 11:55:00+00:00,8180,8182,8175,8181,152
2026-08-24 12:00:00+00:00,8179,8182,8172,8175,98
2026-08-24 12:05:00+00:00,8175,8180,8169,8180,110
2026-08-24 12:10:00+00:00,8180,8191,8173,8190,423
2026-08-24 12:15:00+00:00,8190,8194,8184,8192,118
2026-08-24 12:20:00+00:00,8192,8200,8185,8187,151
2026-08-24 12:25:00+00:00,8185,8190,8175,8187,111
2026-08-24 12:30:00+00:00,8187,8255,8180,8199,4342
2026-08-24 12:35:00+00:00,8199,8206,8187,8199,324
2026-08-24 12:40:00+00:00,8197,8205,8167,8205,1106
2026-08-24 12:45:00+00:00,8205,8206,8193,8196,161
2026-08-24 12:50:00+00:00,8196,8200,8193,8198,49
2026-08-24 12:55:00+00:00,8198,8209,8192,8196,171
2026-08-24 13:00:00+00:00,8196,8205,8180,8194,228
2026-08-24 13:05:00+00:00,8194,8215,8193,8203,228
2026-08-24 13:10:00+00:00,8203,8206,8184,8194,203
2026-08-24 13:15:00+00:00,8194,8214,8194,8214,117
2026-08-24 13:20:00+00:00,8209,8215,8192,8204,219
2026-08-24 13:25:00+00:00,8206,8231,8192,8228,439
2026-08-24 13:30:00+00:00,8228,8241,8214,8222,543
2026-08-24 13:35:00+00:00,8217,8234,8211,8226,271
2026-08-24 13:40:00+00:00,8226,8230,8204,8214,324
2026-08-24 13:45:00+00:00,8214,8217,8192,8215,292
2026-08-24 13:50:00+00:00,8212,8222,8182,8192,325
2026-08-24 13:55:00+00:00,8192,8209,8186,8188,164
2026-08-24 14:00:00+00:00,8188,8204,8176,8195,334
2026-08-24 14:05:00+00:00,8194,8195,8177,8182,152
2026-08-24 14:10:00+00:00,8182,8194,8182,8185,73
2026-08-24 14:15:00+00:00,8187,8190,8168,8175,202
2026-08-24 14:20:00+00:00,8175,8179,8158,8166,237
2026-08-24 14:25:00+00:00,8169,8173,8131,8147,732
2026-08-24 14:30:00+00:00,8147,8161,8143,8157,215
2026-08-24 14:35:00+00:00,8157,8160,8150,8155,127
2026-08-24 14:40:00+00:00,8155,8173,8149,8166,276
2026-08-24 14:45:00+00:00,8166,8170,8153,8159,126
2026-08-24 14:50:00+00:00,8159,8160,8139,8142,265
2026-08-24 14:55:00+00:00,8142,8156,8138,8156,225
2026-08-24 15:00:00+00:00,8156,8167,8155,8164,221
2026-08-24 15:05:00+00:00,8164,8164,8141,8150,103
2026-08-24 15:10:00+00:00,8150,8161,8148,8153,63
2026-08-24 15:15:00+00:00,8153,8158,8150,8158,54
2026-08-24 15:20:00+00:00,8158,8165,8154,8164,54
2026-08-24 15:25:00+00:00,8164,8164,8103,8103,1394
2026-08-24 15:30:00+00:00,8103,8128,8092,8121,1089
2026-08-24 15:35:00+00:00,8120,8132,8114,8128,304
2026-08-24 15:40:00+00:00,8129,8138,8122,8133,391
2026-08-24 15:45:00+00:00,8133,8140,8127,8130,155
2026-08-24 15:50:00+00:00,8130,8136,8123,8125,694
2026-08-24 15:55:00+00:00,8127,8137,8118,8132,113
2026-08-24 16:00:00+00:00,8132,8142,8127,8139,129
2026-08-24 16:05:00+00:00,8139,8150,8131,8149,179
2026-08-24 16:10:00+00:00,8149,8152,8137,8152,154
2026-08-24 16:15:00+00:00,8152,8173,8152,8172,398
2026-08-24 16:20:00+00:00,8172,8178,8157,8158,242
2026-08-24 16:25:00+00:00,8158,8182,8156,8176,280
2026-08-24 16:30:00+00:00,8178,8180,8168,8177,161
2026-08-24 16:35:00+00:00,8177,8184,8162,8182,284
2026-08-24 16:40:00+00:00,8182,8191,8181,8188,146
2026-08-24 16:45:00+00:00,8188,8188,8175,8185,127
2026-08-24 16:50:00+00:00,8185,8189,8178,8181,172
2026-08-24 16:55:00+00:00,8181,8184,8174,8174,122
2026-08-24 17:00:00+00:00,8174,8174,8148,8156,407
2026-08-24 17:05:00+00:00,8155,8173,8130,8154,378
2026-08-24 17:10:00+00:00,8151,8158,8137,8144,124
2026-08-24 17:15:00+00:00,8144,8163,8128,8132,378
2026-08-24 17:20:00+00:00,8136,8144,8129,8140,118
2026-08-24 17:25:00+00:00,8140,8147,8136,8140,112
2026-08-24 17:30:00+00:00,8140,8157,8136,8153,121
2026-08-24 17:35:00+00:00,8153,8156,8149,8153,47
2026-08-24 17:40:00+00:00,8153,8153,8139,8142,124
2026-08-24 17:45:00+00:00,8142,8148,8135,8146,163
2026-08-24 17:50:00+00:00,8145,8145,8127,8131,376
2026-08-24 17:55:00+00:00,8131,8134,8124,8127,505
2026-08-25 03:30:00+00:00,8178,8189,8175,8184,179
2026-08-25 03:35:00+00:00,8184,8185,8181,8183,84
2026-08-25 03:40:00+00:00,8183,8186,8181,8186,112
2026-08-25 03:45:00+00:00,8186,8187,8182,8184,43
2026-08-25 03:50:00+00:00,8184,8187,8183,8186,116
2026-08-25 03:55:00+00:00,8186,8189,8186,8188,30
2026-08-25 04:00:00+00:00,8188,8195,8186,8188,217
2026-08-25 04:05:00+00:00,8188,8194,8186,8186,113
2026-08-25 04:10:00+00:00,8186,8186,8181,8183,53
2026-08-25 04:15:00+00:00,8183,8183,8168,8173,187
2026-08-25 04:20:00+00:00,8173,8177,8164,8167,86
2026-08-25 04:25:00+00:00,8168,8170,8166,8170,45
2026-08-25 04:30:00+00:00,8170,8170,8165,8167,49
2026-08-25 04:35:00+00:00,8167,8168,8162,8162,99
2026-08-25 04:40:00+00:00,8162,8163,8150,8156,132
2026-08-25 04:45:00+00:00,8156,8156,8151,8151,90
2026-08-25 04:50:00+00:00,8151,8155,8151,8153,117
2026-08-25 04:55:00+00:00,8153,8158,8152,8153,39
2026-08-25 05:00:00+00:00,8153,8153,8145,8148,77
2026-08-25 05:05:00+00:00,8148,8155,8148,8152,57
2026-08-25 05:10:00+00:00,8152,8152,8141,8141,99
2026-08-25 05:15:00+00:00,8141,8144,8136,8137,238
2026-08-25 05:20:00+00:00,8137,8143,8137,8143,28
2026-08-25 05:25:00+00:00,8143,8144,8136,8141,115
2026-08-25 05:30:00+00:00,8141,8149,8130,8149,200
2026-08-25 05:35:00+00:00,8151,8153,8145,8152,48
2026-08-25 05:40:00+00:00,8152,8152,8142,8144,31
2026-08-25 05:45:00+00:00,8144,8145,8112,8122,292
2026-08-25 05:50:00+00:00,8122,8125,8102,8105,357
2026-08-25 05:55:00+00:00,8105,8105,8080,8098,387
2026-08-25 06:00:00+00:00,8098,8101,8076,8086,365
2026-08-25 06:05:00+00:00,8086,8092,8072,8080,236
2026-08-25 06:10:00+00:00,8080,8085,8076,8079,138
2026-08-25 06:15:00+00:00,8079,8086,8072,8080,238
2026-08-25 06:20:00+00:00,8079,8082,8064,8066,219
2026-08-25 06:25:00+00:00,8068,8084,8065,8070,171
2026-08-25 06:30:00+00:00,8070,8078,8061,8077,247
2026-08-25 06:35:00+00:00,8077,8108,8077,8106,371
2026-08-25 06:40:00+00:00,8106,8106,8088,8094,104
2026-08-25 06:45:00+00:00,8094,8107,8094,8100,81
2026-08-25 06:50:00+00:00,8098,8098,8066,8066,273
2026-08-25 06:55:00+00:00,8066,8077,8065,8077,188
2026-08-25 07:00:00+00:00,8077,8080,8070,8073,143
2026-08-25 07:05:00+00:00,8073,8077,8062,8073,128
2026-08-25 07:10:00+00:00,8073,8093,8073,8088,235
2026-08-25 07:15:00+00:00,8088,8094,8075,8078,112
2026-08-25 07:20:00+00:00,8078,8090,8073,8090,311
2026-08-25 07:25:00+00:00,8090,8099,8086,8095,323
2026-08-25 07:30:00+00:00,8095,8102,8089,8094,201
2026-08-25 07:35:00+00:00,8094,8094,8074,8077,76
2026-08-25 07:40:00+00:00,8076,8089,8076,8085,205
2026-08-25 07:45:00+00:00,8085,8091,8079,8091,31
2026-08-25 07:50:00+00:00,8091,8104,8088,8098,148
2026-08-25 07:55:00+00:00,8098,8100,8086,8100,61
2026-08-25 08:00:00+00:00,8102,8116,8100,8104,353
2026-08-25 08:05:00+00:00,8102,8109,8098,8105,97
2026-08-25 08:10:00+00:00,8105,8105,8098,8105,45
2026-08-25 08:15:00+00:00,8105,8108,8091,8103,117
2026-08-25 08:20:00+00:00,8103,8103,7995,8000,2652
2026-08-25 08:25:00+00:00,8003,8036,7998,8036,1171
2026-08-25 08:30:00+00:00,8036,8048,7989,7996,733
2026-08-25 08:35:00+00:00,7996,8018,7993,8011,315
2026-08-25 08:40:00+00:00,8007,8013,7986,7986,383
2026-08-25 08:45:00+00:00,7986,7994,7975,7975,475
2026-08-25 08:50:00+00:00,7975,7980,7965,7967,363
2026-08-25 08:55:00+00:00,7967,7967,7926,7941,1044
2026-08-25 09:00:00+00:00,7940,7950,7931,7938,399
2026-08-25 09:05:00+00:00,7936,7940,7915,7925,401
2026-08-25 09:10:00+00:00,7925,7927,7906,7924,549
2026-08-25 09:15:00+00:00,7927,7938,7897,7909,755
2026-08-25 09:20:00+00:00,7910,7912,7889,7902,632
2026-08-25 09:25:00+00:00,7902,7913,7902,7910,217
2026-08-25 09:30:00+00:00,7910,7915,7873,7877,754
2026-08-25 09:35:00+00:00,7878,7882,7862,7865,563
2026-08-25 09:40:00+00:00,7865,7878,7857,7867,474
2026-08-25 09:45:00+00:00,7867,7874,7842,7844,459
2026-08-25 09:50:00+00:00,7844,7855,7839,7850,354
2026-08-25 09:55:00+00:00,7850,7859,7833,7845,449
2026-08-25 10:00:00+00:00,7848,7887,7847,7883,437
2026-08-25 10:05:00+00:00,7886,7895,7877,7888,662
2026-08-25 10:10:00+00:00,7888,7892,7883,7883,213
2026-08-25 10:15:00+00:00,7884,7888,7877,7885,195
2026-08-25 10:20:00+00:00,7883,7891,7877,7889,146
2026-08-25 10:25:00+00:00,7888,7893,7874,7878,225
2026-08-25 10:30:00+00:00,7875,7884,7862,7877,228
2026-08-25 10:35:00+00:00,7877,7878,7863,7867,210
2026-08-25 10:40:00+00:00,7867,7890,7861,7889,171
2026-08-25 10:45:00+00:00,7889,7889,7875,7884,97
2026-08-25 10:50:00+00:00,7884,7892,7876,7885,190
2026-08-25 10:55:00+00:00,7885,7888,7875,7878,110
2026-08-25 11:00:00+00:00,7878,7882,7864,7870,214
2026-08-25 11:05:00+00:00,7870,7901,7870,7891,543
2026-08-25 11:10:00+00:00,7891,7897,7878,7878,230
2026-08-25 11:15:00+00:00,7878,7895,7878,7890,85
2026-08-25 11:20:00+00:00,7890,7898,7876,7879,159
2026-08-25 11:25:00+00:00,7879,7888,7879,7881,77
2026-08-25 11:30:00+00:00,7881,7882,7866,7870,243
2026-08-25 11:35:00+00:00,7870,7877,7864,7864,146
2026-08-25 11:40:00+00:00,7866,7873,7854,7854,302
2026-08-25 11:45:00+00:00,7854,7854,7821,7823,765
2026-08-25 11:50:00+00:00,7822,7838,7819,7834,461
2026-08-25 11:55:00+00:00,7832,7843,7825,7834,297
2026-08-25 12:00:00+00:00,7834,7840,7828,7833,145
2026-08-25 12:05:00+00:00,7833,7841,7830,7834,94
2026-08-25 12:10:00+00:00,7832,7868,7828,7863,1076
2026-08-25 12:15:00+00:00,7863,7873,7852,7864,258
2026-08-25 12:20:00+00:00,7864,7891,7864,7890,486
2026-08-25 12:25:00+00:00,7891,7894,7863,7866,485
2026-08-25 12:30:00+00:00,7868,7881,7866,7868,181
2026-08-25 12:35:00+00:00,7868,7879,7864,7877,130
2026-08-25 12:40:00+00:00,7877,7885,7875,7875,196
2026-08-25 12:45:00+00:00,7875,7875,7865,7869,798
2026-08-25 12:50:00+00:00,7869,7870,7845,7855,251
2026-08-25 12:55:00+00:00,7855,7859,7853,7853,147
2026-08-25 13:00:00+00:00,7853,7863,7846,7849,179
2026-08-25 13:05:00+00:00,7847,7852,7837,7844,206
2026-08-25 13:10:00+00:00,7844,7847,7816,7836,784
2026-08-25 13:15:00+00:00,7836,7868,7833,7868,396
2026-08-25 13:20:00+00:00,7867,7879,7866,7870,351
2026-08-25 13:25:00+00:00,7870,7890,7865,7871,793
2026-08-25 13:30:00+00:00,7871,7888,7870,7874,164
2026-08-25 13:35:00+00:00,7874,7874,7862,7864,221
2026-08-25 13:40:00+00:00,7864,7871,7853,7854,178
2026-08-25 13:45:00+00:00,7854,7860,7848,7851,139
2026-08-25 13:50:00+00:00,7851,7865,7845,7860,109
2026-08-25 13:55:00+00:00,7860,7876,7859,7872,323
2026-08-25 14:00:00+00:00,7872,7908,7864,7885,954
2026-08-25 14:05:00+00:00,7885,7887,7861,7863,199
2026-08-25 14:10:00+00:00,7861,7878,7860,7866,340
2026-08-25 14:15:00+00:00,7866,7888,7865,7877,330
2026-08-25 14:20:00+00:00,7877,7888,7866,7886,145
2026-08-25 14:25:00+00:00,7886,7887,7876,7882,168
2026-08-25 14:30:00+00:00,7885,7929,7883,7902,2666
2026-08-25 14:35:00+00:00,7902,7904,7890,7900,360
2026-08-25 14:40:00+00:00,7900,7900,7871,7875,384
2026-08-25 14:45:00+00:00,7875,7878,7865,7870,152
2026-08-25 14:50:00+00:00,7870,7886,7859,7861,634
2026-08-25 14:55:00+00:00,7861,7876,7856,7872,229
2026-08-25 15:00:00+00:00,7870,7890,7868,7885,261
2026-08-25 15:05:00+00:00,7885,7886,7876,7877,90
2026-08-25 15:10:00+00:00,7877,7882,7866,7870,113
2026-08-25 15:15:00+00:00,7865,7878,7860,7863,205
2026-08-25 15:20:00+00:00,7863,7863,7839,7856,555
2026-08-25 15:25:00+00:00,7856,7869,7850,7859,237
2026-08-25 15:30:00+00:00,7859,7862,7832,7834,1088
2026-08-25 15:35:00+00:00,7834,7841,7800,7803,2147
2026-08-25 15:40:00+00:00,7803,7807,7782,7792,600
2026-08-25 15:45:00+00:00,7792,7819,7790,7819,456
2026-08-25 15:50:00+00:00,7820,7824,7808,7821,241
2026-08-25 15:55:00+00:00,7821,7836,7821,7829,227
2026-08-25 16:00:00+00:00,7833,7844,7831,7841,294
2026-08-25 16:05:00+00:00,7838,7840,7826,7828,128
2026-08-25 16:10:00+00:00,7828,7836,7825,7834,87
2026-08-25 16:15:00+00:00,7834,7841,7824,7838,123
2026-08-25 16:20:00+00:00,7838,7848,7832,7840,221
2026-08-25 16:25:00+00:00,7840,7851,7838,7850,1180
2026-08-25 16:30:00+00:00,7850,7853,7845,7851,65
2026-08-25 16:35:00+00:00,7851,7851,7838,7843,69
2026-08-25 16:40:00+00:00,7843,7854,7843,7843,80
2026-08-25 16:45:00+00:00,7843,7849,7839,7848,100
2026-08-25 16:50:00+00:00,7848,7857,7841,7854,166
2026-08-25 16:55:00+00:00,7854,7858,7832,7835,270
2026-08-25 17:00:00+00:00,7835,7840,7828,7831,229
2026-08-25 17:05:00+00:00,7835,7838,7829,7831,200
2026-08-25 17:10:00+00:00,7832,7838,7829,7834,130
2026-08-25 17:15:00+00:00,7834,7846,7833,7844,129
2026-08-25 17:20:00+00:00,7844,7853,7840,7851,154
2026-08-25 17:25:00+00:00,7851,7857,7842,7842,171
2026-08-25 17:30:00+00:00,7842,7845,7838,7844,78
2026-08-25 17:35:00+00:00,7844,7849,7841,7843,92
2026-08-25 17:40:00+00:00,7843,7846,7842,7845,105
2026-08-25 17:45:00+00:00,7845,7846,7832,7834,369
2026-08-25 17:50:00+00:00,7832,7844,7831,7834,289
2026-08-25 17:55:00+00:00,7834,7837,7831,7834,520
2026-08-26 03:30:00+00:00,7735,7735,7648,7649,1429
2026-08-26 03:35:00+00:00,7649,7653,7646,7651,515
2026-08-26 03:40:00+00:00,7651,7658,7649,7658,213
2026-08-26 03:45:00+00:00,7658,7665,7654,7658,192
2026-08-26 03:50:00+00:00,7658,7665,7656,7658,97
2026-08-26 03:55:00+00:00,7658,7661,7655,7658,260
2026-08-26 04:00:00+00:00,7658,7673,7657,7670,187
2026-08-26 04:05:00+00:00,7670,7673,7662,7673,319
2026-08-26 04:10:00+00:00,7673,7678,7668,7674,278
2026-08-26 04:15:00+00:00,7674,7677,7664,7665,168
2026-08-26 04:20:00+00:00,7664,7666,7657,7658,117
2026-08-26 04:25:00+00:00,7658,7666,7658,7665,72
2026-08-26 04:30:00+00:00,7665,7666,7662,7664,42
2026-08-26 04:35:00+00:00,7664,7672,7664,7672,128
2026-08-26 04:40:00+00:00,7672,7672,7663,7664,168
2026-08-26 04:45:00+00:00,7664,7670,7662,7669,63
2026-08-26 04:50:00+00:00,7669,7689,7669,7689,289
2026-08-26 04:55:00+00:00,7689,7698,7685,7696,98
2026-08-26 05:00:00+00:00,7696,7696,7677,7682,151
2026-08-26 05:05:00+00:00,7682,7687,7682,7686,50
2026-08-26 05:10:00+00:00,7686,7694,7686,7694,63
2026-08-26 05:15:00+00:00,7694,7708,7694,7704,258
2026-08-26 05:20:00+00:00,7706,7706,7701,7701,81
2026-08-26 05:25:00+00:00,7701,7713,7701,7710,203
2026-08-26 05:30:00+00:00,7710,7710,7695,7704,278
2026-08-26 05:35:00+00:00,7704,7715,7693,7714,119
2026-08-26 05:40:00+00:00,7714,7720,7713,7720,129
2026-08-26 05:45:00+00:00,7720,7722,7709,7709,57
2026-08-26 05:50:00+00:00,7709,7718,7709,7711,58
2026-08-26 05:55:00+00:00,7711,7718,7706,7707,69
2026-08-26 06:00:00+00:00,7707,7714,7702,7710,60
2026-08-26 06:05:00+00:00,7710,7719,7710,7719,67
2026-08-26 06:10:00+00:00,7719,7719,7710,7716,25
2026-08-26 06:15:00+00:00,7716,7725,7710,7710,105
2026-08-26 06:20:00+00:00,7710,7718,7708,7718,907
2026-08-26 06:25:00+00:00,7717,7721,7713,7715,72
2026-08-26 06:30:00+00:00,7715,7717,7703,7706,56
2026-08-26 06:35:00+00:00,7706,7712,7688,7689,167
2026-08-26 06:40:00+00:00,7689,7692,7669,7669,233
2026-08-26 06:45:00+00:00,7669,7676,7665,7672,129
2026-08-26 06:50:00+00:00,7672,7684,7669,7677,132
2026-08-26 06:55:00+00:00,7677,7686,7676,7682,133
2026-08-26 07:00:00+00:00,7682,7698,7668,7671,303
2026-08-26 07:05:00+00:00,7671,7673,7663,7666,215
2026-08-26 07:10:00+00:00,7667,7676,7661,7662,103
2026-08-26 07:15:00+00:00,7662,7668,7657,7660,123
2026-08-26 07:20:00+00:00,7660,7667,7657,7667,148
2026-08-26 07:25:00+00:00,7667,7672,7661,7666,177
2026-08-26 07:30:00+00:00,7666,7669,7643,7649,772
2026-08-26 07:35:00+00:00,7649,7660,7642,7654,208
2026-08-26 07:40:00+00:00,7654,7661,7644,7644,128
2026-08-26 07:45:00+00:00,7644,7654,7628,7639,309
2026-08-26 07:50:00+00:00,7639,7645,7632,7641,383
2026-08-26 07:55:00+00:00,7641,7641,7623,7630,376
2026-08-26 08:00:00+00:00,7629,7650,7629,7646,154
2026-08-26 08:05:00+00:00,7648,7658,7640,7645,205
2026-08-26 08:10:00+00:00,7645,7665,7644,7662,348
2026-08-26 08:15:00+00:00,7662,7665,7648,7658,177
2026-08-26 08:20:00+00:00,7658,7687,7658,7675,486
2026-08-26 08:25:00+00:00,7675,7678,7644,7644,184
2026-08-26 08:30:00+00:00,7641,7659,7610,7626,493
2026-08-26 08:35:00+00:00,7626,7631,7605,7622,462
2026-08-26 08:40:00+00:00,7622,7635,7617,7626,146
2026-08-26 08:45:00+00:00,7626,7638,7614,7621,115
2026-08-26 08:50:00+00:00,7621,7625,7608,7625,200
2026-08-26 08:55:00+00:00,7625,7630,7613,7623,146
2026-08-26 09:00:00+00:00,7623,7636,7621,7626,146
2026-08-26 09:05:00+00:00,7626,7633,7623,7633,124
2026-08-26 09:10:00+00:00,7633,7634,7612,7632,75
2026-08-26 09:15:00+00:00,7632,7632,7602,7622,438
2026-08-26 09:20:00+00:00,7622,7634,7616,7634,150
2026-08-26 09:25:00+00:00,7635,7654,7630,7652,291
2026-08-26 09:30:00+00:00,7652,7661,7631,7631,277
2026-08-26 09:35:00+00:00,7631,7644,7631,7636,65
2026-08-26 09:40:00+00:00,7636,7637,7619,7624,119
2026-08-26 09:45:00+00:00,7624,7638,7620,7638,54
2026-08-26 09:50:00+00:00,7638,7644,7627,7642,153
2026-08-26 09:55:00+00:00,7642,7648,7633,7648,167
2026-08-26 10:00:00+00:00,7648,7657,7645,7649,142
2026-08-26 10:05:00+00:00,7649,7655,7640,7640,114
2026-08-26 10:10:00+00:00,7640,7655,7640,7651,136
2026-08-26 10:15:00+00:00,7651,7659,7633,7655,129
2026-08-26 10:20:00+00:00,7655,7665,7644,7648,239
2026-08-26 10:25:00+00:00,7648,7657,7646,7646,81
2026-08-26 10:30:00+00:00,7650,7661,7649,7652,177
2026-08-26 10:35:00+00:00,7654,7655,7642,7642,72
2026-08-26 10:40:00+00:00,7642,7653,7642,7653,53
2026-08-26 10:45:00+00:00,7653,7666,7652,7663,146
2026-08-26 10:50:00+00:00,7662,7672,7657,7670,265
2026-08-26 10:55:00+00:00,7670,7673,7655,7655,101
2026-08-26 11:00:00+00:00,7655,7663,7647,7649,138
2026-08-26 11:05:00+00:00,7649,7665,7644,7665,124
2026-08-26 11:10:00+00:00,7665,7665,7651,7654,124
2026-08-26 11:15:00+00:00,7654,7655,7647,7650,60
2026-08-26 11:20:00+00:00,7650,7667,7648,7667,124
2026-08-26 11:25:00+00:00,7667,7668,7652,7656,152
2026-08-26 11:30:00+00:00,7656,7666,7648,7651,197
2026-08-26 11:35:00+00:00,7651,7672,7651,7667,489
2026-08-26 11:40:00+00:00,7667,7677,7666,7672,227
2026-08-26 11:45:00+00:00,7672,7682,7666,7680,277
2026-08-26 11:50:00+00:00,7681,7690,7681,7688,625
2026-08-26 11:55:00+00:00,7688,7699,7685,7688,397
2026-08-26 12:00:00+00:00,7688,7697,7683,7692,169
2026-08-26 12:05:00+00:00,7690,7690,7680,7684,149
2026-08-26 12:10:00+00:00,7684,7685,7675,7675,117
2026-08-26 12:15:00+00:00,7675,7679,7669,7669,87
2026-08-26 12:20:00+00:00,7669,7680,7665,7673,160
2026-08-26 12:25:00+00:00,7673,7673,7660,7662,173
2026-08-26 12:30:00+00:00,7662,7676,7660,7664,164
2026-08-26 12:35:00+00:00,7664,7667,7661,7666,82
2026-08-26 12:40:00+00:00,7666,7672,7661,7665,142
2026-08-26 12:45:00+00:00,7665,7667,7653,7654,155
2026-08-26 12:50:00+00:00,7654,7705,7654,7686,1011
2026-08-26 12:55:00+00:00,7686,7710,7686,7705,931
2026-08-26 13:00:00+00:00,7705,7713,7693,7694,687
2026-08-26 13:05:00+00:00,7694,7743,7694,7737,722
2026-08-26 13:10:00+00:00,7734,7741,7716,7720,359
2026-08-26 13:15:00+00:00,7720,7734,7705,7715,481
2026-08-26 13:20:00+00:00,7715,7717,7707,7709,176
2026-08-26 13:25:00+00:00,7709,7716,7704,7709,209
2026-08-26 13:30:00+00:00,7709,7747,7707,7740,497
2026-08-26 13:35:00+00:00,7740,7764,7738,7752,1153
2026-08-26 13:40:00+00:00,7752,7769,7749,7764,517
2026-08-26 13:45:00+00:00,7764,7793,7764,7790,730
2026-08-26 13:50:00+00:00,7788,7807,7783,7786,769
2026-08-26 13:55:00+00:00,7786,7791,7776,7783,323
2026-08-26 14:00:00+00:00,7783,7784,7771,7782,350
2026-08-26 14:05:00+00:00,7782,7793,7776,7777,202
2026-08-26 14:10:00+00:00,7775,7787,7770,7787,207
2026-08-26 14:15:00+00:00,7787,7800,7783,7800,238
2026-08-26 14:20:00+00:00,7800,7803,7792,7793,239
2026-08-26 14:25:00+00:00,7793,7802,7783,7801,286
2026-08-26 14:30:00+00:00,7802,7820,7802,7805,776
2026-08-26 14:35:00+00:00,7805,7816,7802,7809,193
2026-08-26 14:40:00+00:00,7808,7815,7803,7813,232
2026-08-26 14:45:00+00:00,7813,7828,7806,7821,616
2026-08-26 14:50:00+00:00,7821,7824,7808,7811,513
2026-08-26 14:55:00+00:00,7811,7827,7805,7825,195
2026-08-26 15:00:00+00:00,7827,7830,7818,7827,292
2026-08-26 15:05:00+00:00,7827,7835,7825,7829,263
2026-08-26 15:10:00+00:00,7830,7856,7821,7852,465
2026-08-26 15:15:00+00:00,7854,7859,7841,7843,567
2026-08-26 15:20:00+00:00,7843,7862,7843,7854,573
2026-08-26 15:25:00+00:00,7854,7876,7852,7873,746
2026-08-26 15:30:00+00:00,7873,7884,7862,7881,684
2026-08-26 15:35:00+00:00,7881,7885,7861,7861,535
2026-08-26 15:40:00+00:00,7862,7871,7858,7866,177
2026-08-26 15:45:00+00:00,7866,7870,7852,7865,244
2026-08-26 15:50:00+00:00,7865,7917,7863,7909,1500
2026-08-26 15:55:00+00:00,7908,7923,7902,7914,467
2026-08-26 16:00:00+00:00,7914,7928,7905,7913,596
2026-08-26 16:05:00+00:00,7913,7918,7907,7917,321
2026-08-26 16:10:00+00:00,7917,7927,7915,7921,169
2026-08-26 16:15:00+00:00,7921,7960,7919,7946,1789
2026-08-26 16:20:00+00:00,7948,7958,7940,7958,484
2026-08-26 16:25:00+00:00,7956,7962,7934,7943,447
2026-08-26 16:30:00+00:00,7943,7954,7938,7951,197
2026-08-26 16:35:00+00:00,7951,7952,7937,7952,344
2026-08-26 16:40:00+00:00,7952,7952,7942,7942,188
2026-08-26 16:45:00+00:00,7939,7942,7932,7935,230
2026-08-26 16:50:00+00:00,7935,7935,7917,7924,653
2026-08-26 16:55:00+00:00,7924,7924,7911,7915,400
2026-08-26 17:00:00+00:00,7915,7919,7900,7900,300
2026-08-26 17:05:00+00:00,7901,7912,7898,7903,267
2026-08-26 17:10:00+00:00,7901,7908,7897,7908,204
2026-08-26 17:15:00+00:00,7908,7910,7892,7893,154
2026-08-26 17:20:00+00:00,7893,7899,7891,7892,153
2026-08-26 17:25:00+00:00,7893,7904,7893,7901,338
2026-08-26 17:30:00+00:00,7900,7903,7894,7901,152
2026-08-26 17:35:00+00:00,7901,7901,7894,7898,431
2026-08-26 17:40:00+00:00,7900,7905,7891,7894,273
2026-08-26 17:45:00+00:00,7894,7900,7891,7900,186
2026-08-26 17:50:00+00:00,7899,7900,7892,7898,348
2026-08-26 17:55:00+00:00,7900,7901,7885,7888,459
2026-08-27 03:30:00+00:00,7850,7850,7816,7822,427
2026-08-27 03:35:00+00:00,7824,7837,7822,7833,217
2026-08-27 03:40:00+00:00,7833,7837,7828,7832,131
2026-08-27 03:45:00+00:00,7832,7833,7828,7832,83
2026-08-27 03:50:00+00:00,7832,7835,7829,7835,88
2026-08-27 03:55:00+00:00,7835,7835,7830,7830,26
2026-08-27 04:00:00+00:00,7833,7833,7828,7830,120
2026-08-27 04:05:00+00:00,7830,7830,7824,7825,96
2026-08-27 04:10:00+00:00,7825,7829,7822,7829,122
2026-08-27 04:15:00+00:00,7829,7833,7826,7832,73
2026-08-27 04:20:00+00:00,7832,7838,7829,7838,58
2026-08-27 04:25:00+00:00,7838,7841,7836,7838,78
2026-08-27 04:30:00+00:00,7838,7839,7828,7830,195
2026-08-27 04:35:00+00:00,7830,7830,7824,7825,154
2026-08-27 04:40:00+00:00,7825,7832,7825,7830,31
2026-08-27 04:45:00+00:00,7830,7831,7827,7828,21
2026-08-27 04:50:00+00:00,7827,7829,7825,7826,46
2026-08-27 04:55:00+00:00,7826,7829,7826,7828,15
2026-08-27 05:00:00+00:00,7828,7830,7826,7830,43
2026-08-27 05:05:00+00:00,7830,7831,7827,7829,17
2026-08-27 05:10:00+00:00,7829,7831,7826,7829,14
2026-08-27 05:15:00+00:00,7829,7829,7822,7824,31
2026-08-27 05:20:00+00:00,7824,7824,7818,7819,98
2026-08-27 05:25:00+00:00,7819,7819,7806,7806,265
2026-08-27 05:30:00+00:00,7807,7811,7792,7811,376
2026-08-27 05:35:00+00:00,7811,7814,7803,7803,120
2026-08-27 05:40:00+00:00,7803,7810,7803,7809,101
2026-08-27 05:45:00+00:00,7809,7819,7809,7814,54
2026-08-27 05:50:00+00:00,7814,7818,7805,7811,119
2026-08-27 05:55:00+00:00,7811,7811,7791,7792,94
2026-08-27 06:00:00+00:00,7792,7799,7787,7798,155
2026-08-27 06:05:00+00:00,7798,7798,7787,7787,150
2026-08-27 06:10:00+00:00,7787,7790,7777,7785,346
2026-08-27 06:15:00+00:00,7785,7794,7781,7790,53
2026-08-27 06:20:00+00:00,7790,7795,7783,7786,103
2026-08-27 06:25:00+00:00,7786,7792,7782,7785,70
2026-08-27 06:30:00+00:00,7785,7790,7782,7783,79
2026-08-27 06:35:00+00:00,7783,7783,7759,7761,429
2026-08-27 06:40:00+00:00,7761,7764,7758,7761,152
2026-08-27 06:45:00+00:00,7763,7774,7755,7772,157
2026-08-27 06:50:00+00:00,7771,7776,7767,7771,75
2026-08-27 06:55:00+00:00,7771,7771,7755,7755,89
2026-08-27 07:00:00+00:00,7755,7755,7729,7733,432
2026-08-27 07:05:00+00:00,7733,7737,7722,7731,171
2026-08-27 07:10:00+00:00,7731,7742,7726,7735,175
2026-08-27 07:15:00+00:00,7733,7741,7733,7736,196
2026-08-27 07:20:00+00:00,7736,7753,7735,7752,269
2026-08-27 07:25:00+00:00,7752,7765,7748,7755,246
2026-08-27 07:30:00+00:00,7753,7767,7753,7759,164
2026-08-27 07:35:00+00:00,7759,7780,7759,7777,143
2026-08-27 07:40:00+00:00,7777,7778,7760,7760,116
2026-08-27 07:45:00+00:00,7760,7764,7755,7757,53
2026-08-27 07:50:00+00:00,7757,7764,7755,7763,148
2026-08-27 07:55:00+00:00,7762,7792,7760,7790,182
2026-08-27 08:00:00+00:00,7791,7798,7783,7784,152
2026-08-27 08:05:00+00:00,7784,7790,7779,7788,98
2026-08-27 08:10:00+00:00,7790,7797,7775,7792,54
2026-08-27 08:15:00+00:00,7792,7803,7785,7796,173
2026-08-27 08:20:00+00:00,7796,7813,7796,7809,403
2026-08-27 08:25:00+00:00,7809,7816,7794,7814,141
2026-08-27 08:30:00+00:00,7813,7826,7810,7810,229
2026-08-27 08:35:00+00:00,7809,7815,7805,7810,143
2026-08-27 08:40:00+00:00,7810,7823,7810,7821,99
2026-08-27 08:45:00+00:00,7821,7823,7803,7808,85
2026-08-27 08:50:00+00:00,7808,7823,7802,7821,73
2026-08-27 08:55:00+00:00,7821,7835,7821,7832,187
2026-08-27 09:00:00+00:00,7836,7848,7835,7841,252
2026-08-27 09:05:00+00:00,7841,7857,7840,7845,361
2026-08-27 09:10:00+00:00,7845,7866,7843,7866,177
2026-08-27 09:15:00+00:00,7866,7873,7859,7872,181
2026-08-27 09:20:00+00:00,7872,7872,7851,7853,224
2026-08-27 09:25:00+00:00,7853,7862,7850,7857,144
2026-08-27 09:30:00+00:00,7857,7863,7848,7858,154
2026-08-27 09:35:00+00:00,7858,7861,7855,7858,95
2026-08-27 09:40:00+00:00,7858,7858,7846,7851,317
2026-08-27 09:45:00+00:00,7851,7858,7850,7857,75
2026-08-27 09:50:00+00:00,7858,7866,7855,7861,113
2026-08-27 09:55:00+00:00,7861,7873,7861,7871,240
2026-08-27 10:00:00+00:00,7871,7905,7871,7887,838
2026-08-27 10:05:00+00:00,7888,7893,7880,7883,159
2026-08-27 10:10:00+00:00,7883,7886,7871,7872,375
2026-08-27 10:15:00+00:00,7872,7881,7861,7879,235
2026-08-27 10:20:00+00:00,7879,7882,7874,7879,94
2026-08-27 10:25:00+00:00,7879,7891,7876,7890,82
2026-08-27 10:30:00+00:00,7891,7896,7886,7888,146
2026-08-27 10:35:00+00:00,7886,7895,7883,7894,262
2026-08-27 10:40:00+00:00,7894,7894,7863,7863,193
2026-08-27 10:45:00+00:00,7863,7870,7860,7866,173
2026-08-27 10:50:00+00:00,7866,7893,7866,7885,336
2026-08-27 10:55:00+00:00,7885,7885,7872,7873,124
2026-08-27 11:00:00+00:00,7873,7893,7872,7887,200
2026-08-27 11:05:00+00:00,7887,7892,7882,7882,60
2026-08-27 11:10:00+00:00,7882,7892,7871,7874,701
2026-08-27 11:15:00+00:00,7874,7877,7870,7877,70
2026-08-27 11:20:00+00:00,7877,7896,7877,7881,207
2026-08-27 11:25:00+00:00,7881,7896,7881,7888,174
2026-08-27 11:30:00+00:00,7888,7890,7864,7875,423
2026-08-27 11:35:00+00:00,7875,7897,7875,7886,163
2026-08-27 11:40:00+00:00,7886,7893,7885,7892,44
2026-08-27 11:45:00+00:00,7892,7906,7890,7906,213
2026-08-27 11:50:00+00:00,7905,7910,7895,7905,278
2026-08-27 11:55:00+00:00,7905,7905,7891,7891,126
2026-08-27 12:00:00+00:00,7891,7895,7885,7893,143
2026-08-27 12:05:00+00:00,7893,7901,7892,7896,146
2026-08-27 12:10:00+00:00,7896,7900,7883,7893,152
2026-08-27 12:15:00+00:00,7891,7893,7868,7868,231
2026-08-27 12:20:00+00:00,7868,7886,7864,7878,202
2026-08-27 12:25:00+00:00,7878,7894,7867,7894,244
2026-08-27 12:30:00+00:00,7894,7894,7881,7883,170
2026-08-27 12:35:00+00:00,7883,7900,7883,7891,140
2026-08-27 12:40:00+00:00,7891,7897,7882,7891,76
2026-08-27 12:45:00+00:00,7891,7914,7887,7908,296
2026-08-27 12:50:00+00:00,7909,7927,7908,7915,910
2026-08-27 12:55:00+00:00,7915,7917,7896,7900,428
2026-08-27 13:00:00+00:00,7899,7921,7894,7911,333
2026-08-27 13:05:00+00:00,7911,7911,7888,7889,119
2026-08-27 13:10:00+00:00,7889,7902,7888,7896,173
2026-08-27 13:15:00+00:00,7896,7909,7889,7909,258
2026-08-27 13:20:00+00:00,7908,7910,7893,7899,107
2026-08-27 13:25:00+00:00,7899,7906,7878,7887,200
2026-08-27 13:30:00+00:00,7886,7927,7880,7915,870
2026-08-27 13:35:00+00:00,7915,7920,7905,7911,359
2026-08-27 13:40:00+00:00,7912,7925,7905,7913,266
2026-08-27 13:45:00+00:00,7913,7918,7904,7917,213
2026-08-27 13:50:00+00:00,7917,7924,7909,7912,111
2026-08-27 13:55:00+00:00,7912,7925,7904,7922,297
2026-08-27 14:00:00+00:00,7922,7936,7920,7923,300
2026-08-27 14:05:00+00:00,7923,7948,7923,7948,304
2026-08-27 14:10:00+00:00,7948,7949,7927,7927,205
2026-08-27 14:15:00+00:00,7927,7934,7914,7931,406
2026-08-27 14:20:00+00:00,7931,7933,7922,7928,81
2026-08-27 14:25:00+00:00,7928,7928,7905,7910,215
2026-08-27 14:30:00+00:00,7913,7916,7902,7902,329
2026-08-27 14:35:00+00:00,7902,7905,7886,7888,267
2026-08-27 14:40:00+00:00,7885,7897,7878,7881,1201
2026-08-27 14:45:00+00:00,7880,7894,7868,7881,445
2026-08-27 14:50:00+00:00,7881,7883,7863,7869,317
2026-08-27 14:55:00+00:00,7869,7869,7847,7850,557
2026-08-27 15:00:00+00:00,7853,7865,7850,7857,232
2026-08-27 15:05:00+00:00,7857,7878,7853,7874,324
2026-08-27 15:10:00+00:00,7874,7888,7873,7885,318
2026-08-27 15:15:00+00:00,7885,7885,7866,7866,321
2026-08-27 15:20:00+00:00,7867,7879,7862,7872,335
2026-08-27 15:25:00+00:00,7872,7894,7871,7872,216
2026-08-27 15:30:00+00:00,7874,7887,7871,7877,535
2026-08-27 15:35:00+00:00,7877,7888,7877,7888,121
2026-08-27 15:40:00+00:00,7884,7904,7878,7893,716
2026-08-27 15:45:00+00:00,7893,7905,7893,7902,307
2026-08-27 15:50:00+00:00,7902,7903,7886,7896,127
2026-08-27 15:55:00+00:00,7896,7908,7894,7901,234
2026-08-27 16:00:00+00:00,7901,7916,7901,7906,167
2026-08-27 16:05:00+00:00,7906,7913,7905,7912,61
2026-08-27 16:10:00+00:00,7912,7914,7897,7902,248
2026-08-27 16:15:00+00:00,7902,7902,7888,7894,329
2026-08-27 16:20:00+00:00,7894,7915,7887,7913,216
2026-08-27 16:25:00+00:00,7913,7915,7902,7906,96
2026-08-27 16:30:00+00:00,7906,7919,7902,7919,196
2026-08-27 16:35:00+00:00,7919,7920,7910,7910,156
2026-08-27 16:40:00+00:00,7910,7922,7910,7920,275
2026-08-27 16:45:00+00:00,7920,7927,7918,7922,220
2026-08-27 16:50:00+00:00,7922,7931,7921,7925,211
2026-08-27 16:55:00+00:00,7925,7925,7911,7915,232
2026-08-27 17:00:00+00:00,7915,7926,7911,7925,139
2026-08-27 17:05:00+00:00,7925,7926,7919,7924,118
2026-08-27 17:10:00+00:00,7925,7932,7920,7922,269
2026-08-27 17:15:00+00:00,7922,7932,7919,7928,183
2026-08-27 17:20:00+00:00,7929,7931,7925,7926,100
2026-08-27 17:25:00+00:00,7926,7928,7916,7918,205
2026-08-27 17:30:00+00:00,7918,7930,7909,7915,631
2026-08-27 17:35:00+00:00,7915,7916,7908,7913,43
2026-08-27 17:40:00+00:00,7913,7937,7913,7934,343
2026-08-27 17:45:00+00:00,7934,7979,7930,7949,1587
2026-08-27 17:50:00+00:00,7948,7999,7941,7996,763
2026-08-27 17:55:00+00:00,7997,8037,7989,8030,876
2026-08-28 03:30:00+00:00,7960,7965,7955,7955,343
2026-08-28 03:35:00+00:00,7955,7959,7954,7955,97
2026-08-28 03:40:00+00:00,7955,7960,7951,7952,137
2026-08-28 03:45:00+00:00,7952,7955,7950,7954,61
2026-08-28 03:50:00+00:00,7954,7958,7953,7956,26
2026-08-28 03:55:00+00:00,7956,7956,7951,7955,58
2026-08-28 04:00:00+00:00,7955,7958,7952,7953,83
2026-08-28 04:05:00+00:00,7953,7954,7950,7953,70
2026-08-28 04:10:00+00:00,7953,7955,7951,7951,21
2026-08-28 04:15:00+00:00,7951,7953,7947,7951,36
2026-08-28 04:20:00+00:00,7951,7954,7949,7952,134
2026-08-28 04:25:00+00:00,7952,7954,7950,7954,13
2026-08-28 04:30:00+00:00,7954,7963,7953,7960,51
2026-08-28 04:35:00+00:00,7960,7965,7960,7964,99
2026-08-28 04:40:00+00:00,7964,7969,7961,7967,167
2026-08-28 04:45:00+00:00,7967,7970,7965,7970,69
2026-08-28 04:50:00+00:00,7970,7972,7967,7970,165
2026-08-28 04:55:00+00:00,7970,7974,7968,7972,37
2026-08-28 05:00:00+00:00,7972,7979,7967,7967,240
2026-08-28 05:05:00+00:00,7967,7974,7967,7973,23
2026-08-28 05:10:00+00:00,7973,7974,7969,7969,17
2026-08-28 05:15:00+00:00,7969,7971,7968,7970,19
2026-08-28 05:20:00+00:00,7970,7970,7964,7964,37
2026-08-28 05:25:00+00:00,7964,7964,7958,7961,86
2026-08-28 05:30:00+00:00,7960,7961,7937,7939,294
2026-08-28 05:35:00+00:00,7940,7945,7927,7937,404
2026-08-28 05:40:00+00:00,7937,7966,7934,7961,243
2026-08-28 05:45:00+00:00,7959,7964,7950,7961,136
2026-08-28 05:50:00+00:00,7961,7963,7956,7960,49
2026-08-28 05:55:00+00:00,7960,7965,7950,7954,65
2026-08-28 06:00:00+00:00,7954,7967,7953,7961,149
2026-08-28 06:05:00+00:00,7961,7961,7942,7945,61
2026-08-28 06:10:00+00:00,7945,7954,7938,7945,104
2026-08-28 06:15:00+00:00,7945,7947,7934,7934,60
2026-08-28 06:20:00+00:00,7934,7938,7929,7933,103
2026-08-28 06:25:00+00:00,7933,7944,7932,7936,156
2026-08-28 06:30:00+00:00,7936,7948,7933,7935,75
2026-08-28 06:35:00+00:00,7935,7940,7930,7935,72
2026-08-28 06:40:00+00:00,7935,7942,7925,7925,61
2026-08-28 06:45:00+00:00,7925,7933,7919,7922,150
2026-08-28 06:50:00+00:00,7922,7930,7920,7930,116
2026-08-28 06:55:00+00:00,7930,7936,7924,7931,95
2026-08-28 07:00:00+00:00,7931,7934,7919,7929,72
2026-08-28 07:05:00+00:00,7929,7972,7928,7968,227
2026-08-28 07:10:00+00:00,7969,7971,7945,7945,123
2026-08-28 07:15:00+00:00,7945,7959,7939,7943,115
2026-08-28 07:20:00+00:00,7943,7950,7939,7945,51
2026-08-28 07:25:00+00:00,7943,7945,7928,7928,111
2026-08-28 07:30:00+00:00,7928,7928,7909,7919,305
2026-08-28 07:35:00+00:00,7919,7922,7910,7920,96
2026-08-28 07:40:00+00:00,7920,7933,7913,7913,95
2026-08-28 07:45:00+00:00,7913,7926,7910,7915,90
2026-08-28 07:50:00+00:00,7915,7925,7911,7921,39
2026-08-28 07:55:00+00:00,7921,7930,7920,7926,43
2026-08-28 08:00:00+00:00,7928,7933,7921,7921,96
2026-08-28 08:05:00+00:00,7920,7932,7920,7930,270
2026-08-28 08:10:00+00:00,7930,7934,7921,7924,41
2026-08-28 08:15:00+00:00,7924,7953,7924,7943,288
2026-08-28 08:20:00+00:00,7943,7943,7918,7933,157
2026-08-28 08:25:00+00:00,7933,7946,7932,7946,46
2026-08-28 08:30:00+00:00,7940,7950,7911,7918,283
2026-08-28 08:35:00+00:00,7918,7924,7891,7896,289
2026-08-28 08:40:00+00:00,7896,7923,7891,7923,115
2026-08-28 08:45:00+00:00,7923,7951,7923,7949,424
2026-08-28 08:50:00+00:00,7950,7958,7936,7945,207
2026-08-28 08:55:00+00:00,7945,7964,7945,7964,165
2026-08-28 09:00:00+00:00,7964,7972,7952,7954,559
2026-08-28 09:05:00+00:00,7954,7981,7954,7969,821
2026-08-28 09:10:00+00:00,7970,7972,7955,7962,928
2026-08-28 09:15:00+00:00,7962,7966,7950,7951,208
2026-08-28 09:20:00+00:00,7951,7952,7937,7940,179
2026-08-28 09:25:00+00:00,7935,7949,7925,7938,135
2026-08-28 09:30:00+00:00,7938,7956,7935,7949,84
2026-08-28 09:35:00+00:00,7949,7966,7949,7957,112
2026-08-28 09:40:00+00:00,7957,7961,7936,7936,117
2026-08-28 09:45:00+00:00,7936,7950,7928,7950,230
2026-08-28 09:50:00+00:00,7950,7950,7930,7930,51
2026-08-28 09:55:00+00:00,7930,7940,7925,7935,62
2026-08-28 10:00:00+00:00,7935,7951,7922,7922,125
2026-08-28 10:05:00+00:00,7922,7940,7918,7940,101
2026-08-28 10:10:00+00:00,7940,7944,7934,7936,50
2026-08-28 10:15:00+00:00,7936,7950,7934,7947,102
2026-08-28 10:20:00+00:00,7947,7953,7941,7943,106
2026-08-28 10:25:00+00:00,7943,7959,7942,7956,115
2026-08-28 10:30:00+00:00,7956,7958,7948,7951,215
2026-08-28 10:35:00+00:00,7951,7968,7951,7962,119
2026-08-28 10:40:00+00:00,7962,7988,7962,7985,255
2026-08-28 10:45:00+00:00,7985,7989,7982,7983,327
2026-08-28 10:50:00+00:00,7983,7984,7956,7958,413
2026-08-28 10:55:00+00:00,7958,7961,7956,7958,122
2026-08-28 11:00:00+00:00,7958,7963,7943,7949,170
2026-08-28 11:05:00+00:00,7949,7962,7946,7960,378
2026-08-28 11:10:00+00:00,7957,7961,7944,7946,98
2026-08-28 11:15:00+00:00,7946,7947,7941,7941,82
2026-08-28 11:20:00+00:00,7941,7959,7941,7947,251
2026-08-28 11:25:00+00:00,7947,7950,7936,7940,82
2026-08-28 11:30:00+00:00,7941,7949,7938,7946,55
2026-08-28 11:35:00+00:00,7946,7947,7940,7940,74
2026-08-28 11:40:00+00:00,7940,7945,7933,7941,1079
2026-08-28 11:45:00+00:00,7941,7946,7938,7938,60
2026-08-28 11:50:00+00:00,7937,7939,7927,7928,601
2026-08-28 11:55:00+00:00,7928,7935,7922,7922,73
2026-08-28 12:00:00+00:00,7922,7932,7922,7924,114
2026-08-28 12:05:00+00:00,7924,7931,7919,7931,114
2026-08-28 12:10:00+00:00,7931,7934,7910,7911,324
2026-08-28 12:15:00+00:00,7911,7923,7911,7918,117
2026-08-28 12:20:00+00:00,7918,7919,7911,7914,125
2026-08-28 12:25:00+00:00,7914,7915,7902,7909,680
2026-08-28 12:30:00+00:00,7907,7917,7906,7909,125
2026-08-28 12:35:00+00:00,7909,7910,7896,7903,208
2026-08-28 12:40:00+00:00,7903,7919,7903,7909,94
2026-08-28 12:45:00+00:00,7909,7914,7894,7898,239
2026-08-28 12:50:00+00:00,7898,7902,7883,7888,317
2026-08-28 12:55:00+00:00,7888,7897,7875,7882,362
2026-08-28 13:00:00+00:00,7882,7890,7872,7875,410
2026-08-28 13:05:00+00:00,7875,7892,7862,7891,430
2026-08-28 13:10:00+00:00,7890,7903,7879,7896,187
2026-08-28 13:15:00+00:00,7896,7901,7886,7888,234
2026-08-28 13:20:00+00:00,7888,7895,7882,7883,162
2026-08-28 13:25:00+00:00,7883,7886,7875,7879,151
2026-08-28 13:30:00+00:00,7875,7905,7875,7894,289
2026-08-28 13:35:00+00:00,7894,7907,7890,7897,127
2026-08-28 13:40:00+00:00,7897,7913,7897,7907,260
2026-08-28 13:45:00+00:00,7909,7919,7897,7901,456
2026-08-28 13:50:00+00:00,7901,7903,7883,7889,132
2026-08-28 13:55:00+00:00,7889,7890,7878,7890,275
2026-08-28 14:00:00+00:00,7891,7896,7871,7888,371
2026-08-28 14:05:00+00:00,7885,7897,7877,7897,368
2026-08-28 14:10:00+00:00,7898,7933,7895,7930,715
2026-08-28 14:15:00+00:00,7930,7939,7921,7926,303
2026-08-28 14:20:00+00:00,7926,7930,7920,7925,334
2026-08-28 14:25:00+00:00,7925,7934,7925,7933,119
2026-08-28 14:30:00+00:00,7932,7949,7926,7938,286
2026-08-28 14:35:00+00:00,7933,7938,7930,7936,80
2026-08-28 14:40:00+00:00,7936,7956,7934,7939,303
2026-08-28 14:45:00+00:00,7939,7953,7929,7946,196
2026-08-28 14:50:00+00:00,7946,7948,7935,7935,226
2026-08-28 14:55:00+00:00,7935,7935,7910,7930,239
2026-08-28 15:00:00+00:00,7930,7950,7921,7947,746
2026-08-28 15:05:00+00:00,7947,7955,7939,7941,334
2026-08-28 15:10:00+00:00,7937,7963,7932,7957,283
2026-08-28 15:15:00+00:00,7957,7963,7950,7963,204
2026-08-28 15:20:00+00:00,7963,7965,7953,7956,135
2026-08-28 15:25:00+00:00,7956,7969,7949,7957,443
2026-08-28 15:30:00+00:00,7954,7969,7954,7958,479
2026-08-28 15:35:00+00:00,7958,7973,7954,7971,223
2026-08-28 15:40:00+00:00,7971,7972,7962,7965,209
2026-08-28 15:45:00+00:00,7965,7965,7951,7957,161
2026-08-28 15:50:00+00:00,7964,7967,7948,7960,125
2026-08-28 15:55:00+00:00,7960,7961,7946,7950,173
2026-08-28 16:00:00+00:00,7950,7951,7932,7949,498
2026-08-28 16:05:00+00:00,7949,7965,7943,7965,261
2026-08-28 16:10:00+00:00,7965,7968,7959,7960,243
2026-08-28 16:15:00+00:00,7960,7973,7960,7969,154
2026-08-28 16:20:00+00:00,7969,7976,7962,7973,172
2026-08-28 16:25:00+00:00,7973,7973,7958,7961,141
2026-08-28 16:30:00+00:00,7960,7973,7952,7972,328
2026-08-28 16:35:00+00:00,7973,7983,7968,7976,262
2026-08-28 16:40:00+00:00,7976,7995,7976,7993,353
2026-08-28 16:45:00+00:00,7993,7997,7983,7987,182
2026-08-28 16:50:00+00:00,7988,7999,7983,7983,176
2026-08-28 16:55:00+00:00,7984,7995,7983,7995,129
2026-08-28 17:00:00+00:00,7995,8000,7990,7990,304
2026-08-28 17:05:00+00:00,7990,8012,7989,7994,273
2026-08-28 17:10:00+00:00,7994,7995,7986,7987,200
2026-08-28 17:15:00+00:00,7987,7987,7973,7978,185
2026-08-28 17:20:00+00:00,7975,7986,7973,7981,176
2026-08-28 17:25:00+00:00,7981,7985,7977,7978,183
2026-08-28 17:30:00+00:00,7979,7981,7967,7977,244
2026-08-28 17:35:00+00:00,7977,7982,7973,7979,98
2026-08-28 17:40:00+00:00,7979,7991,7976,7986,159
2026-08-28 17:45:00+00:00,7986,7992,7981,7986,101
2026-08-28 17:50:00+00:00,7984,7996,7984,7992,265
2026-08-28 17:55:00+00:00,7989,7992,7983,7987,494
